{
  "coid": "AR",
  "cities": [
    {
      "id": "28-de-noviembre",
      "name": "28 de Noviembre"
    },
    {
      "id": "abasto",
      "name": "Abasto"
    },
    {
      "id": "acassuso",
      "name": "Acassuso"
    },
    {
      "id": "acebal",
      "name": "Acebal"
    },
    {
      "id": "acevedo",
      "name": "Acevedo"
    },
    {
      "id": "adelia-maria",
      "name": "Adelia Maria"
    },
    {
      "id": "agua-de-oro",
      "name": "Agua de Oro"
    },
    {
      "id": "albardon",
      "name": "Albardon"
    },
    {
      "id": "albarellos",
      "name": "Albarellos"
    },
    {
      "id": "alberdi",
      "name": "Alberdi"
    },
    {
      "id": "alberti",
      "name": "Alberti"
    },
    {
      "id": "aldo-bonzi",
      "name": "Aldo Bonzi"
    },
    {
      "id": "alejandro-korn",
      "name": "Alejandro Korn"
    },
    {
      "id": "alicia",
      "name": "Alicia"
    },
    {
      "id": "allen",
      "name": "Allen"
    },
    {
      "id": "almafuerte",
      "name": "Almafuerte"
    },
    {
      "id": "almagro",
      "name": "Almagro"
    },
    {
      "id": "almirante-brown",
      "name": "Almirante Brown"
    },
    {
      "id": "alta-gracia",
      "name": "Alta Gracia"
    },
    {
      "id": "alta-italia",
      "name": "Alta Italia"
    },
    {
      "id": "alvarez",
      "name": "Alvarez"
    },
    {
      "id": "alvear",
      "name": "Alvear"
    },
    {
      "id": "anatuya",
      "name": "Anatuya"
    },
    {
      "id": "angelica",
      "name": "Angelica"
    },
    {
      "id": "antonio-carboni",
      "name": "Antonio Carboni"
    },
    {
      "id": "apostoles",
      "name": "Apostoles"
    },
    {
      "id": "arequito",
      "name": "Arequito"
    },
    {
      "id": "armstrong",
      "name": "Armstrong"
    },
    {
      "id": "arrecifes",
      "name": "Arrecifes"
    },
    {
      "id": "arroyito",
      "name": "Arroyito"
    },
    {
      "id": "arroyito-challaco",
      "name": "Arroyito Challaco"
    },
    {
      "id": "arroyo-seco",
      "name": "Arroyo Seco"
    },
    {
      "id": "arteaga",
      "name": "Arteaga"
    },
    {
      "id": "asamblea",
      "name": "Asamblea"
    },
    {
      "id": "ascension",
      "name": "Ascension"
    },
    {
      "id": "avellaneda",
      "name": "Avellaneda"
    },
    {
      "id": "ayacucho",
      "name": "Ayacucho"
    },
    {
      "id": "azara",
      "name": "Azara"
    },
    {
      "id": "azul",
      "name": "Azul"
    },
    {
      "id": "balcarce",
      "name": "Balcarce"
    },
    {
      "id": "balnearia",
      "name": "Balnearia"
    },
    {
      "id": "banda-del-rio-sali",
      "name": "Banda del Rio Sali"
    },
    {
      "id": "bandera",
      "name": "Bandera"
    },
    {
      "id": "banfield",
      "name": "Banfield"
    },
    {
      "id": "baradero",
      "name": "Baradero"
    },
    {
      "id": "bariloche",
      "name": "Bariloche"
    },
    {
      "id": "barrio-fisherton",
      "name": "Barrio Fisherton"
    },
    {
      "id": "batan",
      "name": "Batan"
    },
    {
      "id": "beccar",
      "name": "Beccar"
    },
    {
      "id": "belen-de-escobar",
      "name": "Belen de Escobar"
    },
    {
      "id": "belgrano",
      "name": "Belgrano"
    },
    {
      "id": "bell-ville",
      "name": "Bell Ville"
    },
    {
      "id": "bella-vista",
      "name": "Bella Vista"
    },
    {
      "id": "benavidez",
      "name": "Benavidez"
    },
    {
      "id": "berazategui",
      "name": "Berazategui"
    },
    {
      "id": "berisso",
      "name": "Berisso"
    },
    {
      "id": "bernal",
      "name": "Bernal"
    },
    {
      "id": "bernardo-larroude",
      "name": "Bernardo Larroude"
    },
    {
      "id": "bernasconi",
      "name": "Bernasconi"
    },
    {
      "id": "bigand",
      "name": "Bigand"
    },
    {
      "id": "bombal",
      "name": "Bombal"
    },
    {
      "id": "bordenave",
      "name": "Bordenave"
    },
    {
      "id": "bosch",
      "name": "Bosch"
    },
    {
      "id": "bosques",
      "name": "Bosques"
    },
    {
      "id": "boulogne",
      "name": "Boulogne"
    },
    {
      "id": "bovril",
      "name": "Bovril"
    },
    {
      "id": "bragado",
      "name": "Bragado"
    },
    {
      "id": "brandsen",
      "name": "Brandsen"
    },
    {
      "id": "brinkmann",
      "name": "Brinkmann"
    },
    {
      "id": "buenos-aires",
      "name": "Buenos Aires"
    },
    {
      "id": "burzaco",
      "name": "Burzaco"
    },
    {
      "id": "bustinza",
      "name": "Bustinza"
    },
    {
      "id": "caballito",
      "name": "Caballito"
    },
    {
      "id": "calderon",
      "name": "Calderon"
    },
    {
      "id": "caleta-olivia",
      "name": "Caleta Olivia"
    },
    {
      "id": "caleufu",
      "name": "Caleufu"
    },
    {
      "id": "camilo-aldao",
      "name": "Camilo Aldao"
    },
    {
      "id": "campana",
      "name": "Campana"
    },
    {
      "id": "canada-de-gomez",
      "name": "Canada de Gomez"
    },
    {
      "id": "canada-del-ucle",
      "name": "Canada del Ucle"
    },
    {
      "id": "canada-rosquin",
      "name": "Canada Rosquin"
    },
    {
      "id": "canals",
      "name": "Canals"
    },
    {
      "id": "canning",
      "name": "Canning"
    },
    {
      "id": "canuelas",
      "name": "Canuelas"
    },
    {
      "id": "capilla-del-monte",
      "name": "Capilla del Monte"
    },
    {
      "id": "capilla-del-senor",
      "name": "Capilla del Senor"
    },
    {
      "id": "capitan-bermudez",
      "name": "Capitan Bermudez"
    },
    {
      "id": "carhue",
      "name": "Carhue"
    },
    {
      "id": "carlos-casares",
      "name": "Carlos Casares"
    },
    {
      "id": "carlos-pellegrini",
      "name": "Carlos Pellegrini"
    },
    {
      "id": "carlos-tejedor",
      "name": "Carlos Tejedor"
    },
    {
      "id": "caseros",
      "name": "Caseros"
    },
    {
      "id": "casilda",
      "name": "Casilda"
    },
    {
      "id": "castelar",
      "name": "Castelar"
    },
    {
      "id": "castelli",
      "name": "Castelli"
    },
    {
      "id": "castillo",
      "name": "Castillo"
    },
    {
      "id": "catriel",
      "name": "Catriel"
    },
    {
      "id": "catrilo",
      "name": "Catrilo"
    },
    {
      "id": "cavanagh",
      "name": "Cavanagh"
    },
    {
      "id": "centenario",
      "name": "Centenario"
    },
    {
      "id": "ceres",
      "name": "Ceres"
    },
    {
      "id": "cervantes",
      "name": "Cervantes"
    },
    {
      "id": "chacabuco",
      "name": "Chacabuco"
    },
    {
      "id": "chacarita",
      "name": "Chacarita"
    },
    {
      "id": "chajari",
      "name": "Chajari"
    },
    {
      "id": "charata",
      "name": "Charata"
    },
    {
      "id": "chateaubriand",
      "name": "Chateaubriand"
    },
    {
      "id": "chilecito",
      "name": "Chilecito"
    },
    {
      "id": "chivilcoy",
      "name": "Chivilcoy"
    },
    {
      "id": "choele-choel",
      "name": "Choele Choel"
    },
    {
      "id": "chorroarin",
      "name": "Chorroarin"
    },
    {
      "id": "cinco-saltos",
      "name": "Cinco Saltos"
    },
    {
      "id": "cipolletti",
      "name": "Cipolletti"
    },
    {
      "id": "city-bell",
      "name": "City Bell"
    },
    {
      "id": "ciudad-general-belgrano",
      "name": "Ciudad General Belgrano"
    },
    {
      "id": "ciudadela",
      "name": "Ciudadela"
    },
    {
      "id": "claypole",
      "name": "Claypole"
    },
    {
      "id": "clorinda",
      "name": "Clorinda"
    },
    {
      "id": "colon",
      "name": "Colon"
    },
    {
      "id": "colonia-baron",
      "name": "Colonia Baron"
    },
    {
      "id": "colonia-caroya",
      "name": "Colonia Caroya"
    },
    {
      "id": "colonia-san-miguel-arcangel",
      "name": "Colonia San Miguel Arcangel"
    },
    {
      "id": "comodoro-rivadavia",
      "name": "Comodoro Rivadavia"
    },
    {
      "id": "concepcion",
      "name": "Concepcion"
    },
    {
      "id": "concordia",
      "name": "Concordia"
    },
    {
      "id": "constituyentes",
      "name": "Constituyentes"
    },
    {
      "id": "coronel-dorrego",
      "name": "Coronel Dorrego"
    },
    {
      "id": "coronel-martinez-de-hoz",
      "name": "Coronel Martinez de Hoz"
    },
    {
      "id": "coronel-pringles",
      "name": "Coronel Pringles"
    },
    {
      "id": "corral-de-bustos",
      "name": "Corral de Bustos"
    },
    {
      "id": "corralitos",
      "name": "Corralitos"
    },
    {
      "id": "corrientes",
      "name": "Corrientes"
    },
    {
      "id": "cosquin",
      "name": "Cosquin"
    },
    {
      "id": "coy-aike",
      "name": "Coy Aike"
    },
    {
      "id": "cramer",
      "name": "Cramer"
    },
    {
      "id": "crespo",
      "name": "Crespo"
    },
    {
      "id": "cruz-del-eje",
      "name": "Cruz del Eje"
    },
    {
      "id": "curuzu-cuatia",
      "name": "Curuzu Cuatia"
    },
    {
      "id": "cutral-co",
      "name": "Cutral-Co"
    },
    {
      "id": "darregueira",
      "name": "Darregueira"
    },
    {
      "id": "de-mayo",
      "name": "De Mayo"
    },
    {
      "id": "del-campillo",
      "name": "Del Campillo"
    },
    {
      "id": "del-viso",
      "name": "Del Viso"
    },
    {
      "id": "despenaderos",
      "name": "Despenaderos"
    },
    {
      "id": "devoto",
      "name": "Devoto"
    },
    {
      "id": "diaz",
      "name": "Diaz"
    },
    {
      "id": "diego-de-alvear",
      "name": "Diego de Alvear"
    },
    {
      "id": "doblas",
      "name": "Doblas"
    },
    {
      "id": "dock-sud",
      "name": "Dock Sud"
    },
    {
      "id": "dolores",
      "name": "Dolores"
    },
    {
      "id": "don-bosco",
      "name": "Don Bosco"
    },
    {
      "id": "don-torcuato",
      "name": "Don Torcuato"
    },
    {
      "id": "drabble",
      "name": "Drabble"
    },
    {
      "id": "eduardo-castex",
      "name": "Eduardo Castex"
    },
    {
      "id": "el-calafate",
      "name": "El Calafate"
    },
    {
      "id": "el-dorado",
      "name": "El Dorado"
    },
    {
      "id": "el-hoyo",
      "name": "El Hoyo"
    },
    {
      "id": "el-palomar",
      "name": "El Palomar"
    },
    {
      "id": "el-talar",
      "name": "El Talar"
    },
    {
      "id": "el-trebol",
      "name": "El Trebol"
    },
    {
      "id": "eldorado",
      "name": "Eldorado"
    },
    {
      "id": "embalse",
      "name": "Embalse"
    },
    {
      "id": "empalme-lobos",
      "name": "Empalme Lobos"
    },
    {
      "id": "ensenada",
      "name": "Ensenada"
    },
    {
      "id": "esperanza",
      "name": "Esperanza"
    },
    {
      "id": "esquel",
      "name": "Esquel"
    },
    {
      "id": "esteban-echeverria",
      "name": "Esteban Echeverria"
    },
    {
      "id": "ezeiza",
      "name": "Ezeiza"
    },
    {
      "id": "ezpeleta",
      "name": "Ezpeleta"
    },
    {
      "id": "famailla",
      "name": "Famailla"
    },
    {
      "id": "fatima",
      "name": "Fatima"
    },
    {
      "id": "federal",
      "name": "Federal"
    },
    {
      "id": "fernandez",
      "name": "Fernandez"
    },
    {
      "id": "firmat",
      "name": "Firmat"
    },
    {
      "id": "florencio-varela",
      "name": "Florencio Varela"
    },
    {
      "id": "florentino-ameghino",
      "name": "Florentino Ameghino"
    },
    {
      "id": "flores",
      "name": "Flores"
    },
    {
      "id": "floresta",
      "name": "Floresta"
    },
    {
      "id": "florida",
      "name": "Florida"
    },
    {
      "id": "formosa",
      "name": "Formosa"
    },
    {
      "id": "francisco-alvarez",
      "name": "Francisco Alvarez"
    },
    {
      "id": "franck",
      "name": "Franck"
    },
    {
      "id": "fray-luis-a-beltran",
      "name": "Fray Luis A. Beltran"
    },
    {
      "id": "freyre",
      "name": "Freyre"
    },
    {
      "id": "frias",
      "name": "Frias"
    },
    {
      "id": "funes",
      "name": "Funes"
    },
    {
      "id": "gaiman",
      "name": "Gaiman"
    },
    {
      "id": "galvez",
      "name": "Galvez"
    },
    {
      "id": "garin",
      "name": "Garin"
    },
    {
      "id": "garupa",
      "name": "Garupa"
    },
    {
      "id": "general-acha",
      "name": "General Acha"
    },
    {
      "id": "general-alvear",
      "name": "General Alvear"
    },
    {
      "id": "general-cabrera",
      "name": "General Cabrera"
    },
    {
      "id": "general-deheza",
      "name": "General Deheza"
    },
    {
      "id": "general-guido",
      "name": "General Guido"
    },
    {
      "id": "general-juan-madariaga",
      "name": "General Juan Madariaga"
    },
    {
      "id": "general-lagos",
      "name": "General Lagos"
    },
    {
      "id": "general-las-heras",
      "name": "General Las Heras"
    },
    {
      "id": "general-lavalle",
      "name": "General Lavalle"
    },
    {
      "id": "general-mansilla",
      "name": "General Mansilla"
    },
    {
      "id": "general-martin-miguel-de-guemes",
      "name": "General Martin Miguel de Guemes"
    },
    {
      "id": "general-pacheco",
      "name": "General Pacheco"
    },
    {
      "id": "general-paz",
      "name": "General Paz"
    },
    {
      "id": "general-pico",
      "name": "General Pico"
    },
    {
      "id": "general-roca",
      "name": "General Roca"
    },
    {
      "id": "general-rodriguez",
      "name": "General Rodriguez"
    },
    {
      "id": "general-san-martin",
      "name": "General San Martin"
    },
    {
      "id": "general-viamonte",
      "name": "General Viamonte"
    },
    {
      "id": "general-villegas",
      "name": "General Villegas"
    },
    {
      "id": "germania",
      "name": "Germania"
    },
    {
      "id": "glew",
      "name": "Glew"
    },
    {
      "id": "gobernador-crespo",
      "name": "Gobernador Crespo"
    },
    {
      "id": "gobernador-galvez",
      "name": "Gobernador Galvez"
    },
    {
      "id": "godoy",
      "name": "Godoy"
    },
    {
      "id": "godoy-cruz",
      "name": "Godoy Cruz"
    },
    {
      "id": "gonzalez-catan",
      "name": "Gonzalez Catan"
    },
    {
      "id": "gonzalez-moreno",
      "name": "Gonzalez Moreno"
    },
    {
      "id": "goya",
      "name": "Goya"
    },
    {
      "id": "granadero-baigorria",
      "name": "Granadero Baigorria"
    },
    {
      "id": "grand-bourg",
      "name": "Grand Bourg"
    },
    {
      "id": "gualeguay",
      "name": "Gualeguay"
    },
    {
      "id": "guatrache",
      "name": "Guatrache"
    },
    {
      "id": "guernica",
      "name": "Guernica"
    },
    {
      "id": "henderson",
      "name": "Henderson"
    },
    {
      "id": "hernando",
      "name": "Hernando"
    },
    {
      "id": "hersilia",
      "name": "Hersilia"
    },
    {
      "id": "hilario",
      "name": "Hilario"
    },
    {
      "id": "hilario-ascasubi",
      "name": "Hilario Ascasubi"
    },
    {
      "id": "hipatia",
      "name": "Hipatia"
    },
    {
      "id": "hipolito-yrigoyen",
      "name": "Hipolito Yrigoyen"
    },
    {
      "id": "huanchillas",
      "name": "Huanchillas"
    },
    {
      "id": "huanguelen",
      "name": "Huanguelen"
    },
    {
      "id": "huinca-renanco",
      "name": "Huinca Renanco"
    },
    {
      "id": "humahuaca",
      "name": "Humahuaca"
    },
    {
      "id": "hurlingham",
      "name": "Hurlingham"
    },
    {
      "id": "ibarlucea",
      "name": "Ibarlucea"
    },
    {
      "id": "ibicuy",
      "name": "Ibicuy"
    },
    {
      "id": "independencia",
      "name": "Independencia"
    },
    {
      "id": "ingeniero-beaugey",
      "name": "Ingeniero Beaugey"
    },
    {
      "id": "ingeniero-luiggi",
      "name": "Ingeniero Luiggi"
    },
    {
      "id": "ingeniero-maschwitz",
      "name": "Ingeniero Maschwitz"
    },
    {
      "id": "intendente-alvear",
      "name": "Intendente Alvear"
    },
    {
      "id": "isidro-casanova",
      "name": "Isidro Casanova"
    },
    {
      "id": "ituzaingo",
      "name": "Ituzaingo"
    },
    {
      "id": "james-craik",
      "name": "James Craik"
    },
    {
      "id": "jauregui",
      "name": "Jauregui"
    },
    {
      "id": "jeppener",
      "name": "Jeppener"
    },
    {
      "id": "jesus-maria",
      "name": "Jesus Maria"
    },
    {
      "id": "jose-leon-suarez",
      "name": "Jose Leon Suarez"
    },
    {
      "id": "jose-marmol",
      "name": "Jose Marmol"
    },
    {
      "id": "juan-pujol",
      "name": "Juan Pujol"
    },
    {
      "id": "justiniano-posse",
      "name": "Justiniano Posse"
    },
    {
      "id": "la-banda",
      "name": "La Banda"
    },
    {
      "id": "la-boca",
      "name": "La Boca"
    },
    {
      "id": "la-calera",
      "name": "La Calera"
    },
    {
      "id": "la-cumbre",
      "name": "La Cumbre"
    },
    {
      "id": "la-falda",
      "name": "La Falda"
    },
    {
      "id": "la-leonesa",
      "name": "La Leonesa"
    },
    {
      "id": "la-lucila",
      "name": "La Lucila"
    },
    {
      "id": "la-madrid",
      "name": "La Madrid"
    },
    {
      "id": "la-pampa",
      "name": "La Pampa"
    },
    {
      "id": "la-para",
      "name": "La Para"
    },
    {
      "id": "la-paz",
      "name": "La Paz"
    },
    {
      "id": "la-plata",
      "name": "La Plata"
    },
    {
      "id": "la-punta",
      "name": "La Punta"
    },
    {
      "id": "la-rioja",
      "name": "La Rioja"
    },
    {
      "id": "la-tablada",
      "name": "La Tablada"
    },
    {
      "id": "la-union",
      "name": "La Union"
    },
    {
      "id": "la-violeta",
      "name": "La Violeta"
    },
    {
      "id": "laborde",
      "name": "Laborde"
    },
    {
      "id": "laboulaye",
      "name": "Laboulaye"
    },
    {
      "id": "laferrere",
      "name": "Laferrere"
    },
    {
      "id": "laguna-alsina",
      "name": "Laguna Alsina"
    },
    {
      "id": "lanus",
      "name": "Lanus"
    },
    {
      "id": "larroque",
      "name": "Larroque"
    },
    {
      "id": "las-catitas",
      "name": "Las Catitas"
    },
    {
      "id": "las-flores",
      "name": "Las Flores"
    },
    {
      "id": "las-heras",
      "name": "Las Heras"
    },
    {
      "id": "las-perdices",
      "name": "Las Perdices"
    },
    {
      "id": "las-rosas",
      "name": "Las Rosas"
    },
    {
      "id": "las-talitas",
      "name": "Las Talitas"
    },
    {
      "id": "las-varillas",
      "name": "Las Varillas"
    },
    {
      "id": "lavalle",
      "name": "Lavalle"
    },
    {
      "id": "leandro-n-alem",
      "name": "Leandro N. Alem"
    },
    {
      "id": "leones",
      "name": "Leones"
    },
    {
      "id": "libertad",
      "name": "Libertad"
    },
    {
      "id": "lima",
      "name": "Lima"
    },
    {
      "id": "liniers",
      "name": "Liniers"
    },
    {
      "id": "llavallol",
      "name": "Llavallol"
    },
    {
      "id": "lobos",
      "name": "Lobos"
    },
    {
      "id": "lomas-de-zamora",
      "name": "Lomas de Zamora"
    },
    {
      "id": "lomas-del-mirador",
      "name": "Lomas del Mirador"
    },
    {
      "id": "longchamps",
      "name": "Longchamps"
    },
    {
      "id": "los-antiguos",
      "name": "Los Antiguos"
    },
    {
      "id": "los-cardales",
      "name": "Los Cardales"
    },
    {
      "id": "los-molinos",
      "name": "Los Molinos"
    },
    {
      "id": "los-polvorines",
      "name": "Los Polvorines"
    },
    {
      "id": "luis-guillon",
      "name": "Luis Guillon"
    },
    {
      "id": "lujan-de-cuyo",
      "name": "Lujan de Cuyo"
    },
    {
      "id": "luque",
      "name": "Luque"
    },
    {
      "id": "luzuriaga",
      "name": "Luzuriaga"
    },
    {
      "id": "lynch",
      "name": "Lynch"
    },
    {
      "id": "macachin",
      "name": "Macachin"
    },
    {
      "id": "magdalena",
      "name": "Magdalena"
    },
    {
      "id": "maggiolo",
      "name": "Maggiolo"
    },
    {
      "id": "maipu",
      "name": "Maipu"
    },
    {
      "id": "manantial",
      "name": "Manantial"
    },
    {
      "id": "manfredi",
      "name": "Manfredi"
    },
    {
      "id": "manuel-j-cobo",
      "name": "Manuel J. Cobo"
    },
    {
      "id": "maquinista-savio",
      "name": "Maquinista Savio"
    },
    {
      "id": "mar-de-ajo",
      "name": "Mar de Ajo"
    },
    {
      "id": "mar-del-plata",
      "name": "Mar del Plata"
    },
    {
      "id": "mar-del-tuyu",
      "name": "Mar del Tuyu"
    },
    {
      "id": "marcos-juarez",
      "name": "Marcos Juarez"
    },
    {
      "id": "marcos-paz",
      "name": "Marcos Paz"
    },
    {
      "id": "margarita",
      "name": "Margarita"
    },
    {
      "id": "maria-ignacia",
      "name": "Maria Ignacia"
    },
    {
      "id": "maria-juana",
      "name": "Maria Juana"
    },
    {
      "id": "mariano-acosta",
      "name": "Mariano Acosta"
    },
    {
      "id": "mariano-j-haedo",
      "name": "Mariano J. Haedo"
    },
    {
      "id": "mariano-moreno",
      "name": "Mariano Moreno"
    },
    {
      "id": "martinez",
      "name": "Martinez"
    },
    {
      "id": "matheu",
      "name": "Matheu"
    },
    {
      "id": "mayor-buratovich",
      "name": "Mayor Buratovich"
    },
    {
      "id": "melincue",
      "name": "Melincue"
    },
    {
      "id": "mendiolaza",
      "name": "Mendiolaza"
    },
    {
      "id": "mendoza",
      "name": "Mendoza"
    },
    {
      "id": "mercedes",
      "name": "Mercedes"
    },
    {
      "id": "merlo",
      "name": "Merlo"
    },
    {
      "id": "minacar",
      "name": "Minacar"
    },
    {
      "id": "miramar",
      "name": "Miramar"
    },
    {
      "id": "monje",
      "name": "Monje"
    },
    {
      "id": "monte-hermoso",
      "name": "Monte Hermoso"
    },
    {
      "id": "monteros",
      "name": "Monteros"
    },
    {
      "id": "montserrat",
      "name": "Montserrat"
    },
    {
      "id": "moreno",
      "name": "Moreno"
    },
    {
      "id": "moron",
      "name": "Moron"
    },
    {
      "id": "morteros",
      "name": "Morteros"
    },
    {
      "id": "muniz",
      "name": "Muniz"
    },
    {
      "id": "munro",
      "name": "Munro"
    },
    {
      "id": "navarro",
      "name": "Navarro"
    },
    {
      "id": "necochea",
      "name": "Necochea"
    },
    {
      "id": "nogoya",
      "name": "Nogoya"
    },
    {
      "id": "nordelta",
      "name": "Nordelta"
    },
    {
      "id": "nunez",
      "name": "Nunez"
    },
    {
      "id": "obera",
      "name": "Obera"
    },
    {
      "id": "oliva",
      "name": "Oliva"
    },
    {
      "id": "oliveros",
      "name": "Oliveros"
    },
    {
      "id": "olivos",
      "name": "Olivos"
    },
    {
      "id": "oncativo",
      "name": "Oncativo"
    },
    {
      "id": "open-door",
      "name": "Open Door"
    },
    {
      "id": "ordonez",
      "name": "Ordonez"
    },
    {
      "id": "palermo",
      "name": "Palermo"
    },
    {
      "id": "palmira",
      "name": "Palmira"
    },
    {
      "id": "palpala",
      "name": "Palpala"
    },
    {
      "id": "partido-de-jose-c-paz",
      "name": "Partido de Jose C. Paz"
    },
    {
      "id": "pasco",
      "name": "Pasco"
    },
    {
      "id": "paso-del-rey",
      "name": "Paso del Rey"
    },
    {
      "id": "paternal",
      "name": "Paternal"
    },
    {
      "id": "pavon",
      "name": "Pavon"
    },
    {
      "id": "pedernales",
      "name": "Pedernales"
    },
    {
      "id": "pedro-luro",
      "name": "Pedro Luro"
    },
    {
      "id": "pellegrini",
      "name": "Pellegrini"
    },
    {
      "id": "perez",
      "name": "Perez"
    },
    {
      "id": "pergamino",
      "name": "Pergamino"
    },
    {
      "id": "perico",
      "name": "Perico"
    },
    {
      "id": "perito-moreno",
      "name": "Perito Moreno"
    },
    {
      "id": "piamonte",
      "name": "Piamonte"
    },
    {
      "id": "pico-de-salamanca",
      "name": "Pico de Salamanca"
    },
    {
      "id": "pico-truncado",
      "name": "Pico Truncado"
    },
    {
      "id": "pigue",
      "name": "Pigue"
    },
    {
      "id": "pilar",
      "name": "Pilar"
    },
    {
      "id": "pinamar",
      "name": "Pinamar"
    },
    {
      "id": "piquete-cabado",
      "name": "Piquete Cabado"
    },
    {
      "id": "platanos",
      "name": "Platanos"
    },
    {
      "id": "plaza-huincul",
      "name": "Plaza Huincul"
    },
    {
      "id": "plottier",
      "name": "Plottier"
    },
    {
      "id": "pontevedra",
      "name": "Pontevedra"
    },
    {
      "id": "portena",
      "name": "Portena"
    },
    {
      "id": "posadas",
      "name": "Posadas"
    },
    {
      "id": "pozo-del-molle",
      "name": "Pozo del Molle"
    },
    {
      "id": "presidente-derqui",
      "name": "Presidente Derqui"
    },
    {
      "id": "puan",
      "name": "Puan"
    },
    {
      "id": "pueblo-san-jose",
      "name": "Pueblo San Jose"
    },
    {
      "id": "puerto-madryn",
      "name": "Puerto Madryn"
    },
    {
      "id": "puerto-rico",
      "name": "Puerto Rico"
    },
    {
      "id": "pueyrredon",
      "name": "Pueyrredon"
    },
    {
      "id": "punta-alta",
      "name": "Punta Alta"
    },
    {
      "id": "quilmes",
      "name": "Quilmes"
    },
    {
      "id": "rada-tilly",
      "name": "Rada Tilly"
    },
    {
      "id": "rafael-calzada",
      "name": "Rafael Calzada"
    },
    {
      "id": "rafael-castillo",
      "name": "Rafael Castillo"
    },
    {
      "id": "rafael-obligado",
      "name": "Rafael Obligado"
    },
    {
      "id": "rafaela",
      "name": "Rafaela"
    },
    {
      "id": "ramallo",
      "name": "Ramallo"
    },
    {
      "id": "ramos-mejia",
      "name": "Ramos Mejia"
    },
    {
      "id": "ranchos",
      "name": "Ranchos"
    },
    {
      "id": "rancul",
      "name": "Rancul"
    },
    {
      "id": "ranelagh",
      "name": "Ranelagh"
    },
    {
      "id": "rawson",
      "name": "Rawson"
    },
    {
      "id": "realico",
      "name": "Realico"
    },
    {
      "id": "recoleta",
      "name": "Recoleta"
    },
    {
      "id": "reconquista",
      "name": "Reconquista"
    },
    {
      "id": "remedios-de-escalada",
      "name": "Remedios de Escalada"
    },
    {
      "id": "resistencia",
      "name": "Resistencia"
    },
    {
      "id": "retiro",
      "name": "Retiro"
    },
    {
      "id": "rio-ceballos",
      "name": "Rio Ceballos"
    },
    {
      "id": "rio-colorado",
      "name": "Rio Colorado"
    },
    {
      "id": "rio-grande",
      "name": "Rio Grande"
    },
    {
      "id": "rio-piedras",
      "name": "Rio Piedras"
    },
    {
      "id": "rio-segundo",
      "name": "Rio Segundo"
    },
    {
      "id": "rio-tercero",
      "name": "Rio Tercero"
    },
    {
      "id": "rivadavia",
      "name": "Rivadavia"
    },
    {
      "id": "rocamora",
      "name": "Rocamora"
    },
    {
      "id": "rodriguez-pena",
      "name": "Rodriguez Pena"
    },
    {
      "id": "rojas",
      "name": "Rojas"
    },
    {
      "id": "roldan",
      "name": "Roldan"
    },
    {
      "id": "roque-perez",
      "name": "Roque Perez"
    },
    {
      "id": "rosario",
      "name": "Rosario"
    },
    {
      "id": "rosas",
      "name": "Rosas"
    },
    {
      "id": "rufino",
      "name": "Rufino"
    },
    {
      "id": "sacanta",
      "name": "Sacanta"
    },
    {
      "id": "saenz-pena",
      "name": "Saenz Pena"
    },
    {
      "id": "saladillo",
      "name": "Saladillo"
    },
    {
      "id": "salguero",
      "name": "Salguero"
    },
    {
      "id": "salsipuedes",
      "name": "Salsipuedes"
    },
    {
      "id": "salta",
      "name": "Salta"
    },
    {
      "id": "salto",
      "name": "Salto"
    },
    {
      "id": "salto-grande",
      "name": "Salto Grande"
    },
    {
      "id": "sampacho",
      "name": "Sampacho"
    },
    {
      "id": "san-andres",
      "name": "San Andres"
    },
    {
      "id": "san-andres-de-giles",
      "name": "San Andres de Giles"
    },
    {
      "id": "san-antonio-de-areco",
      "name": "San Antonio de Areco"
    },
    {
      "id": "san-antonio-de-arredondo",
      "name": "San Antonio de Arredondo"
    },
    {
      "id": "san-antonio-de-obligado",
      "name": "San Antonio de Obligado"
    },
    {
      "id": "san-antonio-de-padua",
      "name": "San Antonio de Padua"
    },
    {
      "id": "san-antonio-oeste",
      "name": "San Antonio Oeste"
    },
    {
      "id": "san-benito",
      "name": "San Benito"
    },
    {
      "id": "san-bernardo",
      "name": "San Bernardo"
    },
    {
      "id": "san-carlos-de-bolivar",
      "name": "San Carlos de Bolivar"
    },
    {
      "id": "san-cayetano",
      "name": "San Cayetano"
    },
    {
      "id": "san-clemente",
      "name": "San Clemente"
    },
    {
      "id": "san-cristobal",
      "name": "San Cristobal"
    },
    {
      "id": "san-fernando",
      "name": "San Fernando"
    },
    {
      "id": "san-fernando-del-valle-de-catamarca",
      "name": "San Fernando del Valle de Catamarca"
    },
    {
      "id": "san-francisco",
      "name": "San Francisco"
    },
    {
      "id": "san-francisco-de-santa-fe",
      "name": "San Francisco de Santa Fe"
    },
    {
      "id": "san-francisco-solano",
      "name": "San Francisco Solano"
    },
    {
      "id": "san-genaro",
      "name": "San Genaro"
    },
    {
      "id": "san-gregorio",
      "name": "San Gregorio"
    },
    {
      "id": "san-guillermo",
      "name": "San Guillermo"
    },
    {
      "id": "san-isidro",
      "name": "San Isidro"
    },
    {
      "id": "san-isidro-de-lules",
      "name": "San Isidro de Lules"
    },
    {
      "id": "san-javier",
      "name": "San Javier"
    },
    {
      "id": "san-jeronimo-norte",
      "name": "San Jeronimo Norte"
    },
    {
      "id": "san-jorge",
      "name": "San Jorge"
    },
    {
      "id": "san-jose",
      "name": "San Jose"
    },
    {
      "id": "san-jose-de-la-esquina",
      "name": "San Jose de la Esquina"
    },
    {
      "id": "san-juan",
      "name": "San Juan"
    },
    {
      "id": "san-justo",
      "name": "San Justo"
    },
    {
      "id": "san-lorenzo",
      "name": "San Lorenzo"
    },
    {
      "id": "san-luis",
      "name": "San Luis"
    },
    {
      "id": "san-manuel",
      "name": "San Manuel"
    },
    {
      "id": "san-martin",
      "name": "San Martin"
    },
    {
      "id": "san-martin-de-las-escobas",
      "name": "San Martin de las Escobas"
    },
    {
      "id": "san-miguel",
      "name": "San Miguel"
    },
    {
      "id": "san-miguel-del-monte",
      "name": "San Miguel del Monte"
    },
    {
      "id": "san-nicolas",
      "name": "San Nicolas"
    },
    {
      "id": "san-pedro",
      "name": "San Pedro"
    },
    {
      "id": "san-rafael",
      "name": "San Rafael"
    },
    {
      "id": "san-salvador",
      "name": "San Salvador"
    },
    {
      "id": "san-salvador-de-jujuy",
      "name": "San Salvador de Jujuy"
    },
    {
      "id": "san-telmo",
      "name": "San Telmo"
    },
    {
      "id": "san-vicente",
      "name": "San Vicente"
    },
    {
      "id": "sanchez",
      "name": "Sanchez"
    },
    {
      "id": "santa-clara-de-saguier",
      "name": "Santa Clara de Saguier"
    },
    {
      "id": "santa-elena",
      "name": "Santa Elena"
    },
    {
      "id": "santa-fe",
      "name": "Santa Fe"
    },
    {
      "id": "santa-lucia",
      "name": "Santa Lucia"
    },
    {
      "id": "santa-rita",
      "name": "Santa Rita"
    },
    {
      "id": "santa-rosa",
      "name": "Santa Rosa"
    },
    {
      "id": "santa-teresita",
      "name": "Santa Teresita"
    },
    {
      "id": "santiago-del-estero",
      "name": "Santiago del Estero"
    },
    {
      "id": "santo-tome",
      "name": "Santo Tome"
    },
    {
      "id": "santos-lugares",
      "name": "Santos Lugares"
    },
    {
      "id": "sarandi",
      "name": "Sarandi"
    },
    {
      "id": "sarmiento",
      "name": "Sarmiento"
    },
    {
      "id": "segui",
      "name": "Segui"
    },
    {
      "id": "sierra-de-la-ventana",
      "name": "Sierra de la Ventana"
    },
    {
      "id": "sierra-de-los-padres",
      "name": "Sierra de los Padres"
    },
    {
      "id": "sinsacate",
      "name": "Sinsacate"
    },
    {
      "id": "suipacha",
      "name": "Suipacha"
    },
    {
      "id": "sunchales",
      "name": "Sunchales"
    },
    {
      "id": "tablada",
      "name": "Tablada"
    },
    {
      "id": "tacuari",
      "name": "Tacuari"
    },
    {
      "id": "tafi-viejo",
      "name": "Tafi Viejo"
    },
    {
      "id": "tandil",
      "name": "Tandil"
    },
    {
      "id": "tapalque",
      "name": "Tapalque"
    },
    {
      "id": "tapiales",
      "name": "Tapiales"
    },
    {
      "id": "temperley",
      "name": "Temperley"
    },
    {
      "id": "teodelina",
      "name": "Teodelina"
    },
    {
      "id": "thames",
      "name": "Thames"
    },
    {
      "id": "tigre",
      "name": "Tigre"
    },
    {
      "id": "tio-pujio",
      "name": "Tio Pujio"
    },
    {
      "id": "todd",
      "name": "Todd"
    },
    {
      "id": "tornquist",
      "name": "Tornquist"
    },
    {
      "id": "tortuguitas",
      "name": "Tortuguitas"
    },
    {
      "id": "tostado",
      "name": "Tostado"
    },
    {
      "id": "totoras",
      "name": "Totoras"
    },
    {
      "id": "trelew",
      "name": "Trelew"
    },
    {
      "id": "trenque-lauquen",
      "name": "Trenque Lauquen"
    },
    {
      "id": "tres-arroyos",
      "name": "Tres Arroyos"
    },
    {
      "id": "trevelin",
      "name": "Trevelin"
    },
    {
      "id": "tristan-suarez",
      "name": "Tristan Suarez"
    },
    {
      "id": "tunuyan",
      "name": "Tunuyan"
    },
    {
      "id": "tupungato",
      "name": "Tupungato"
    },
    {
      "id": "turdera",
      "name": "Turdera"
    },
    {
      "id": "ucacha",
      "name": "Ucacha"
    },
    {
      "id": "uriburu",
      "name": "Uriburu"
    },
    {
      "id": "ushuaia",
      "name": "Ushuaia"
    },
    {
      "id": "valle-hermoso",
      "name": "Valle Hermoso"
    },
    {
      "id": "vedia",
      "name": "Vedia"
    },
    {
      "id": "veinticinco-de-mayo",
      "name": "Veinticinco de Mayo"
    },
    {
      "id": "venado-tuerto",
      "name": "Venado Tuerto"
    },
    {
      "id": "vera",
      "name": "Vera"
    },
    {
      "id": "veronica",
      "name": "Veronica"
    },
    {
      "id": "viale",
      "name": "Viale"
    },
    {
      "id": "viamonte",
      "name": "Viamonte"
    },
    {
      "id": "vicente-lopez",
      "name": "Vicente Lopez"
    },
    {
      "id": "victoria",
      "name": "Victoria"
    },
    {
      "id": "vicuna-mackenna",
      "name": "Vicuna Mackenna"
    },
    {
      "id": "viedma",
      "name": "Viedma"
    },
    {
      "id": "villa-aberastain",
      "name": "Villa Aberastain"
    },
    {
      "id": "villa-adelina",
      "name": "Villa Adelina"
    },
    {
      "id": "villa-allende",
      "name": "Villa Allende"
    },
    {
      "id": "villa-alsina",
      "name": "Villa Alsina"
    },
    {
      "id": "villa-amelia",
      "name": "Villa Amelia"
    },
    {
      "id": "villa-angela",
      "name": "Villa Angela"
    },
    {
      "id": "villa-ballester",
      "name": "Villa Ballester"
    },
    {
      "id": "villa-bosch",
      "name": "Villa Bosch"
    },
    {
      "id": "villa-canas",
      "name": "Villa Canas"
    },
    {
      "id": "villa-carlos-paz",
      "name": "Villa Carlos Paz"
    },
    {
      "id": "villa-constitucion",
      "name": "Villa Constitucion"
    },
    {
      "id": "villa-de-maria",
      "name": "Villa de Maria"
    },
    {
      "id": "villa-de-mayo",
      "name": "Villa de Mayo"
    },
    {
      "id": "villa-del-parque",
      "name": "Villa del Parque"
    },
    {
      "id": "villa-dolores",
      "name": "Villa Dolores"
    },
    {
      "id": "villa-dominico",
      "name": "Villa Dominico"
    },
    {
      "id": "villa-elisa",
      "name": "Villa Elisa"
    },
    {
      "id": "villa-general-belgrano",
      "name": "Villa General Belgrano"
    },
    {
      "id": "villa-gesell",
      "name": "Villa Gesell"
    },
    {
      "id": "villa-giardino",
      "name": "Villa Giardino"
    },
    {
      "id": "villa-huidobro",
      "name": "Villa Huidobro"
    },
    {
      "id": "villa-insuperable",
      "name": "Villa Insuperable"
    },
    {
      "id": "villa-la-angostura",
      "name": "Villa La Angostura"
    },
    {
      "id": "villa-las-rosas",
      "name": "Villa Las Rosas"
    },
    {
      "id": "villa-lugano",
      "name": "Villa Lugano"
    },
    {
      "id": "villa-luzuriaga",
      "name": "Villa Luzuriaga"
    },
    {
      "id": "villa-madero",
      "name": "Villa Madero"
    },
    {
      "id": "villa-maria-grande",
      "name": "Villa Maria Grande"
    },
    {
      "id": "villa-media-agua",
      "name": "Villa Media Agua"
    },
    {
      "id": "villa-mercedes",
      "name": "Villa Mercedes"
    },
    {
      "id": "villa-nueva",
      "name": "Villa Nueva"
    },
    {
      "id": "villa-ocampo",
      "name": "Villa Ocampo"
    },
    {
      "id": "villa-paranacito",
      "name": "Villa Paranacito"
    },
    {
      "id": "villa-regina",
      "name": "Villa Regina"
    },
    {
      "id": "villa-robles",
      "name": "Villa Robles"
    },
    {
      "id": "villa-rosa",
      "name": "Villa Rosa"
    },
    {
      "id": "villa-trinidad",
      "name": "Villa Trinidad"
    },
    {
      "id": "villa-urquiza",
      "name": "Villa Urquiza"
    },
    {
      "id": "villaguay",
      "name": "Villaguay"
    },
    {
      "id": "vuelta-de-obligado",
      "name": "Vuelta de Obligado"
    },
    {
      "id": "warnes",
      "name": "Warnes"
    },
    {
      "id": "wheelwright",
      "name": "Wheelwright"
    },
    {
      "id": "wilde",
      "name": "Wilde"
    },
    {
      "id": "winifreda",
      "name": "Winifreda"
    },
    {
      "id": "yerba-buena",
      "name": "Yerba Buena"
    },
    {
      "id": "zenon-pereyra",
      "name": "Zenon Pereyra"
    }
  ]
}