{
  "coid": "AT",
  "cities": [
    {
      "id": "absam",
      "name": "Absam"
    },
    {
      "id": "absdorf",
      "name": "Absdorf"
    },
    {
      "id": "abtenau",
      "name": "Abtenau"
    },
    {
      "id": "abtsdorf",
      "name": "Abtsdorf"
    },
    {
      "id": "ach",
      "name": "Ach"
    },
    {
      "id": "achenkirch",
      "name": "Achenkirch"
    },
    {
      "id": "achensee",
      "name": "Achensee"
    },
    {
      "id": "admont",
      "name": "Admont"
    },
    {
      "id": "adnet",
      "name": "Adnet"
    },
    {
      "id": "afritz",
      "name": "Afritz"
    },
    {
      "id": "aggsbach",
      "name": "Aggsbach"
    },
    {
      "id": "aichbach",
      "name": "Aichbach"
    },
    {
      "id": "aichdorf",
      "name": "Aichdorf"
    },
    {
      "id": "aifersdorf",
      "name": "Aifersdorf"
    },
    {
      "id": "aigen",
      "name": "Aigen"
    },
    {
      "id": "aigen-im-muehlkreis",
      "name": "Aigen im Muehlkreis"
    },
    {
      "id": "ainet",
      "name": "Ainet"
    },
    {
      "id": "aistersheim",
      "name": "Aistersheim"
    },
    {
      "id": "alberndorf-in-der-riedmark",
      "name": "Alberndorf in der Riedmark"
    },
    {
      "id": "alberschwende",
      "name": "Alberschwende"
    },
    {
      "id": "aldrans",
      "name": "Aldrans"
    },
    {
      "id": "alkoven",
      "name": "Alkoven"
    },
    {
      "id": "alland",
      "name": "Alland"
    },
    {
      "id": "allhartsberg",
      "name": "Allhartsberg"
    },
    {
      "id": "alpbach",
      "name": "Alpbach"
    },
    {
      "id": "altach",
      "name": "Altach"
    },
    {
      "id": "altenberg",
      "name": "Altenberg"
    },
    {
      "id": "altenberg-bei-linz",
      "name": "Altenberg bei Linz"
    },
    {
      "id": "altenburg",
      "name": "Altenburg"
    },
    {
      "id": "altendorf",
      "name": "Altendorf"
    },
    {
      "id": "altenhof-am-hausruck",
      "name": "Altenhof am Hausruck"
    },
    {
      "id": "altenmarkt-an-der-triesting",
      "name": "Altenmarkt an der Triesting"
    },
    {
      "id": "altenmarkt-im-pongau",
      "name": "Altenmarkt im Pongau"
    },
    {
      "id": "altheim",
      "name": "Altheim"
    },
    {
      "id": "althofen",
      "name": "Althofen"
    },
    {
      "id": "altlengbach",
      "name": "Altlengbach"
    },
    {
      "id": "altlichtenwarth",
      "name": "Altlichtenwarth"
    },
    {
      "id": "altmunster",
      "name": "Altmunster"
    },
    {
      "id": "altwaidhofen",
      "name": "Altwaidhofen"
    },
    {
      "id": "am-see",
      "name": "Am See"
    },
    {
      "id": "amaliendorf",
      "name": "Amaliendorf"
    },
    {
      "id": "ampass",
      "name": "Ampass"
    },
    {
      "id": "ampfelwang",
      "name": "Ampfelwang"
    },
    {
      "id": "amstetten",
      "name": "Amstetten"
    },
    {
      "id": "andorf",
      "name": "Andorf"
    },
    {
      "id": "anger",
      "name": "Anger"
    },
    {
      "id": "anif",
      "name": "Anif"
    },
    {
      "id": "annenheim",
      "name": "Annenheim"
    },
    {
      "id": "ansfelden",
      "name": "Ansfelden"
    },
    {
      "id": "anthering",
      "name": "Anthering"
    },
    {
      "id": "apfelberg",
      "name": "Apfelberg"
    },
    {
      "id": "arbesthal",
      "name": "Arbesthal"
    },
    {
      "id": "ardagger-markt",
      "name": "Ardagger Markt"
    },
    {
      "id": "ardning",
      "name": "Ardning"
    },
    {
      "id": "arnoldstein",
      "name": "Arnoldstein"
    },
    {
      "id": "arriach",
      "name": "Arriach"
    },
    {
      "id": "asberg",
      "name": "Asberg"
    },
    {
      "id": "aschach-an-der-donau",
      "name": "Aschach an der Donau"
    },
    {
      "id": "aschau",
      "name": "Aschau"
    },
    {
      "id": "aspang-markt",
      "name": "Aspang Markt"
    },
    {
      "id": "asparn",
      "name": "Asparn"
    },
    {
      "id": "asperhofen",
      "name": "Asperhofen"
    },
    {
      "id": "asten",
      "name": "Asten"
    },
    {
      "id": "attersee",
      "name": "Attersee"
    },
    {
      "id": "attnang-puchheim",
      "name": "Attnang-Puchheim"
    },
    {
      "id": "atzbach",
      "name": "Atzbach"
    },
    {
      "id": "au",
      "name": "Au"
    },
    {
      "id": "auersthal",
      "name": "Auersthal"
    },
    {
      "id": "aufhausen",
      "name": "Aufhausen"
    },
    {
      "id": "augsdorf",
      "name": "Augsdorf"
    },
    {
      "id": "aurolzmunster",
      "name": "Aurolzmunster"
    },
    {
      "id": "axams",
      "name": "Axams"
    },
    {
      "id": "bach",
      "name": "Bach"
    },
    {
      "id": "bad-blumau",
      "name": "Bad Blumau"
    },
    {
      "id": "bad-deutsch-altenburg",
      "name": "Bad Deutsch-Altenburg"
    },
    {
      "id": "bad-erlach",
      "name": "Bad Erlach"
    },
    {
      "id": "bad-fischau",
      "name": "Bad Fischau"
    },
    {
      "id": "bad-gams",
      "name": "Bad Gams"
    },
    {
      "id": "bad-gastein",
      "name": "Bad Gastein"
    },
    {
      "id": "bad-gleichenberg",
      "name": "Bad Gleichenberg"
    },
    {
      "id": "bad-goisern",
      "name": "Bad Goisern"
    },
    {
      "id": "bad-hall",
      "name": "Bad Hall"
    },
    {
      "id": "bad-hofgastein",
      "name": "Bad Hofgastein"
    },
    {
      "id": "bad-ischl",
      "name": "Bad Ischl"
    },
    {
      "id": "bad-kreuzen",
      "name": "Bad Kreuzen"
    },
    {
      "id": "bad-pirawarth",
      "name": "Bad Pirawarth"
    },
    {
      "id": "bad-radkersburg",
      "name": "Bad Radkersburg"
    },
    {
      "id": "bad-schallerbach",
      "name": "Bad Schallerbach"
    },
    {
      "id": "bad-tatzmannsdorf",
      "name": "Bad Tatzmannsdorf"
    },
    {
      "id": "bad-voslau",
      "name": "Bad Voslau"
    },
    {
      "id": "baden-bei-wien",
      "name": "Baden bei Wien"
    },
    {
      "id": "baernbach",
      "name": "Baernbach"
    },
    {
      "id": "baldramsdorf",
      "name": "Baldramsdorf"
    },
    {
      "id": "bartholomaberg",
      "name": "Bartholomaberg"
    },
    {
      "id": "barwies",
      "name": "Barwies"
    },
    {
      "id": "bauer",
      "name": "Bauer"
    },
    {
      "id": "baumgarten-im-burgenland",
      "name": "Baumgarten im Burgenland"
    },
    {
      "id": "baumgartenberg",
      "name": "Baumgartenberg"
    },
    {
      "id": "baumkirchen",
      "name": "Baumkirchen"
    },
    {
      "id": "berg",
      "name": "Berg"
    },
    {
      "id": "bergau",
      "name": "Bergau"
    },
    {
      "id": "bergheim",
      "name": "Bergheim"
    },
    {
      "id": "berndorf",
      "name": "Berndorf"
    },
    {
      "id": "bernhardsthal",
      "name": "Bernhardsthal"
    },
    {
      "id": "bernstein",
      "name": "Bernstein"
    },
    {
      "id": "berwang",
      "name": "Berwang"
    },
    {
      "id": "bezau",
      "name": "Bezau"
    },
    {
      "id": "biberbach",
      "name": "Biberbach"
    },
    {
      "id": "biberwier",
      "name": "Biberwier"
    },
    {
      "id": "bichlbach",
      "name": "Bichlbach"
    },
    {
      "id": "biedermann",
      "name": "Biedermann"
    },
    {
      "id": "biedermannsdorf",
      "name": "Biedermannsdorf"
    },
    {
      "id": "birgitz",
      "name": "Birgitz"
    },
    {
      "id": "bisamberg",
      "name": "Bisamberg"
    },
    {
      "id": "bizau",
      "name": "Bizau"
    },
    {
      "id": "bleiberg-ob-villach",
      "name": "Bleiberg ob Villach"
    },
    {
      "id": "bleiburg",
      "name": "Bleiburg"
    },
    {
      "id": "blindenmarkt",
      "name": "Blindenmarkt"
    },
    {
      "id": "bludenz",
      "name": "Bludenz"
    },
    {
      "id": "bludesch",
      "name": "Bludesch"
    },
    {
      "id": "blumau",
      "name": "Blumau"
    },
    {
      "id": "bockfliess",
      "name": "Bockfliess"
    },
    {
      "id": "bodensdorf",
      "name": "Bodensdorf"
    },
    {
      "id": "boheimkirchen",
      "name": "Boheimkirchen"
    },
    {
      "id": "bosendurnbach",
      "name": "Bosendurnbach"
    },
    {
      "id": "bramberg-am-wildkogel",
      "name": "Bramberg am Wildkogel"
    },
    {
      "id": "brandberg",
      "name": "Brandberg"
    },
    {
      "id": "braunau-am-inn",
      "name": "Braunau am Inn"
    },
    {
      "id": "bregenz",
      "name": "Bregenz"
    },
    {
      "id": "breitenbrunn",
      "name": "Breitenbrunn"
    },
    {
      "id": "breitenfurt-bei-wien",
      "name": "Breitenfurt bei Wien"
    },
    {
      "id": "breitenwang",
      "name": "Breitenwang"
    },
    {
      "id": "brixen-im-thale",
      "name": "Brixen im Thale"
    },
    {
      "id": "bruck-am-ziller",
      "name": "Bruck am Ziller"
    },
    {
      "id": "bruck-an-der-grossglocknerstrasse",
      "name": "Bruck an der Grossglocknerstrasse"
    },
    {
      "id": "bruck-an-der-leitha",
      "name": "Bruck an der Leitha"
    },
    {
      "id": "bruck-an-der-mur",
      "name": "Bruck an der Mur"
    },
    {
      "id": "bruckl",
      "name": "Bruckl"
    },
    {
      "id": "bruckneudorf",
      "name": "Bruckneudorf"
    },
    {
      "id": "bruendl",
      "name": "Bruendl"
    },
    {
      "id": "bruggen",
      "name": "Bruggen"
    },
    {
      "id": "brunn-am-gebirge",
      "name": "Brunn am Gebirge"
    },
    {
      "id": "buch",
      "name": "Buch"
    },
    {
      "id": "buch-bei-jenbach",
      "name": "Buch bei Jenbach"
    },
    {
      "id": "buchkirchen",
      "name": "Buchkirchen"
    },
    {
      "id": "burgkirchen",
      "name": "Burgkirchen"
    },
    {
      "id": "burgschleinitz",
      "name": "Burgschleinitz"
    },
    {
      "id": "burmoos",
      "name": "Burmoos"
    },
    {
      "id": "dalaas",
      "name": "Dalaas"
    },
    {
      "id": "dechantskirchen",
      "name": "Dechantskirchen"
    },
    {
      "id": "dellach",
      "name": "Dellach"
    },
    {
      "id": "desselbrunn",
      "name": "Desselbrunn"
    },
    {
      "id": "deutsch-goritz",
      "name": "Deutsch Goritz"
    },
    {
      "id": "deutsch-wagram",
      "name": "Deutsch-Wagram"
    },
    {
      "id": "deutschfeistritz",
      "name": "Deutschfeistritz"
    },
    {
      "id": "deutschkreutz",
      "name": "Deutschkreutz"
    },
    {
      "id": "deutschlandsberg",
      "name": "Deutschlandsberg"
    },
    {
      "id": "diepoltsham",
      "name": "Diepoltsham"
    },
    {
      "id": "dietach",
      "name": "Dietach"
    },
    {
      "id": "dietersdorf-am-gnasbach",
      "name": "Dietersdorf am Gnasbach"
    },
    {
      "id": "dobersberg",
      "name": "Dobersberg"
    },
    {
      "id": "dobersdorf",
      "name": "Dobersdorf"
    },
    {
      "id": "doblbach",
      "name": "Doblbach"
    },
    {
      "id": "dobldorf",
      "name": "Dobldorf"
    },
    {
      "id": "doebriach",
      "name": "Doebriach"
    },
    {
      "id": "donnerskirchen",
      "name": "Donnerskirchen"
    },
    {
      "id": "doren",
      "name": "Doren"
    },
    {
      "id": "dorf",
      "name": "Dorf"
    },
    {
      "id": "dorfgastein",
      "name": "Dorfgastein"
    },
    {
      "id": "dorfla",
      "name": "Dorfla"
    },
    {
      "id": "dornbirn",
      "name": "Dornbirn"
    },
    {
      "id": "drassburg",
      "name": "Drassburg"
    },
    {
      "id": "drassmarkt",
      "name": "Drassmarkt"
    },
    {
      "id": "dross",
      "name": "Dross"
    },
    {
      "id": "durnstein",
      "name": "Durnstein"
    },
    {
      "id": "ebbs",
      "name": "Ebbs"
    },
    {
      "id": "eben-im-pongau",
      "name": "Eben im Pongau"
    },
    {
      "id": "ebenau",
      "name": "Ebenau"
    },
    {
      "id": "ebendorf",
      "name": "Ebendorf"
    },
    {
      "id": "ebenfurth",
      "name": "Ebenfurth"
    },
    {
      "id": "ebensee",
      "name": "Ebensee"
    },
    {
      "id": "ebenthal",
      "name": "Ebenthal"
    },
    {
      "id": "ebergassing",
      "name": "Ebergassing"
    },
    {
      "id": "eberndorf",
      "name": "Eberndorf"
    },
    {
      "id": "eberschwang",
      "name": "Eberschwang"
    },
    {
      "id": "ebersdorf",
      "name": "Ebersdorf"
    },
    {
      "id": "eberstein",
      "name": "Eberstein"
    },
    {
      "id": "ebreichsdorf",
      "name": "Ebreichsdorf"
    },
    {
      "id": "eckartsau",
      "name": "Eckartsau"
    },
    {
      "id": "edelschrott",
      "name": "Edelschrott"
    },
    {
      "id": "edelstal",
      "name": "Edelstal"
    },
    {
      "id": "edlitz",
      "name": "Edlitz"
    },
    {
      "id": "edt-bei-lambach",
      "name": "Edt bei Lambach"
    },
    {
      "id": "eferding",
      "name": "Eferding"
    },
    {
      "id": "egg",
      "name": "Egg"
    },
    {
      "id": "egg-am-faaker-see",
      "name": "Egg am Faaker See"
    },
    {
      "id": "eggenburg",
      "name": "Eggenburg"
    },
    {
      "id": "eggendorf",
      "name": "Eggendorf"
    },
    {
      "id": "eggendorf-im-thale",
      "name": "Eggendorf im Thale"
    },
    {
      "id": "eggersdorf-bei-graz",
      "name": "Eggersdorf bei Graz"
    },
    {
      "id": "ehrenhausen",
      "name": "Ehrenhausen"
    },
    {
      "id": "ehrwald",
      "name": "Ehrwald"
    },
    {
      "id": "eibiswald",
      "name": "Eibiswald"
    },
    {
      "id": "eichgraben",
      "name": "Eichgraben"
    },
    {
      "id": "eisbach",
      "name": "Eisbach"
    },
    {
      "id": "eisenberg",
      "name": "Eisenberg"
    },
    {
      "id": "eisenerz",
      "name": "Eisenerz"
    },
    {
      "id": "eisenstadt",
      "name": "Eisenstadt"
    },
    {
      "id": "eisentratten",
      "name": "Eisentratten"
    },
    {
      "id": "eisgarn",
      "name": "Eisgarn"
    },
    {
      "id": "elixhausen",
      "name": "Elixhausen"
    },
    {
      "id": "ellmau",
      "name": "Ellmau"
    },
    {
      "id": "elsbethen",
      "name": "Elsbethen"
    },
    {
      "id": "emberg",
      "name": "Emberg"
    },
    {
      "id": "emmersdorf-an-der-donau",
      "name": "Emmersdorf an der Donau"
    },
    {
      "id": "engelhartszell",
      "name": "Engelhartszell"
    },
    {
      "id": "engersdorf",
      "name": "Engersdorf"
    },
    {
      "id": "engerwitzdorf",
      "name": "Engerwitzdorf"
    },
    {
      "id": "enns",
      "name": "Enns"
    },
    {
      "id": "ennsdorf",
      "name": "Ennsdorf"
    },
    {
      "id": "enzenkirchen",
      "name": "Enzenkirchen"
    },
    {
      "id": "enzenreith",
      "name": "Enzenreith"
    },
    {
      "id": "enzersdorf-an-der-fischa",
      "name": "Enzersdorf an der Fischa"
    },
    {
      "id": "enzersfeld",
      "name": "Enzersfeld"
    },
    {
      "id": "enzesfeld",
      "name": "Enzesfeld"
    },
    {
      "id": "erlauf",
      "name": "Erlauf"
    },
    {
      "id": "ernst",
      "name": "Ernst"
    },
    {
      "id": "ernstbrunn",
      "name": "Ernstbrunn"
    },
    {
      "id": "ernsthofen",
      "name": "Ernsthofen"
    },
    {
      "id": "erpersdorf",
      "name": "Erpersdorf"
    },
    {
      "id": "erpfendorf",
      "name": "Erpfendorf"
    },
    {
      "id": "esternberg",
      "name": "Esternberg"
    },
    {
      "id": "eugendorf",
      "name": "Eugendorf"
    },
    {
      "id": "faak-am-see",
      "name": "Faak am See"
    },
    {
      "id": "falkenburg",
      "name": "Falkenburg"
    },
    {
      "id": "fehring",
      "name": "Fehring"
    },
    {
      "id": "feistritz",
      "name": "Feistritz"
    },
    {
      "id": "feistritz-an-der-drau",
      "name": "Feistritz an der Drau"
    },
    {
      "id": "feld-am-see",
      "name": "Feld am See"
    },
    {
      "id": "feldbach",
      "name": "Feldbach"
    },
    {
      "id": "feldkirch",
      "name": "Feldkirch"
    },
    {
      "id": "feldkirchen-an-der-donau",
      "name": "Feldkirchen an der Donau"
    },
    {
      "id": "feldkirchen-bei-graz",
      "name": "Feldkirchen bei Graz"
    },
    {
      "id": "feldkirchen-bei-mattighofen",
      "name": "Feldkirchen bei Mattighofen"
    },
    {
      "id": "feldkirchen-in-karnten",
      "name": "Feldkirchen in Karnten"
    },
    {
      "id": "felixdorf",
      "name": "Felixdorf"
    },
    {
      "id": "ferndorf",
      "name": "Ferndorf"
    },
    {
      "id": "fernitz",
      "name": "Fernitz"
    },
    {
      "id": "feuchten",
      "name": "Feuchten"
    },
    {
      "id": "feuersbrunn",
      "name": "Feuersbrunn"
    },
    {
      "id": "fieberbrunn",
      "name": "Fieberbrunn"
    },
    {
      "id": "filzmoos",
      "name": "Filzmoos"
    },
    {
      "id": "finkenberg",
      "name": "Finkenberg"
    },
    {
      "id": "finsing",
      "name": "Finsing"
    },
    {
      "id": "fischamend-dorf",
      "name": "Fischamend Dorf"
    },
    {
      "id": "fischbach",
      "name": "Fischbach"
    },
    {
      "id": "fischerndorf",
      "name": "Fischerndorf"
    },
    {
      "id": "fiss",
      "name": "Fiss"
    },
    {
      "id": "flachau",
      "name": "Flachau"
    },
    {
      "id": "fladnitz-im-raabtal",
      "name": "Fladnitz im Raabtal"
    },
    {
      "id": "flattach",
      "name": "Flattach"
    },
    {
      "id": "fliess",
      "name": "Fliess"
    },
    {
      "id": "flinsdorf",
      "name": "Flinsdorf"
    },
    {
      "id": "foederlach",
      "name": "Foederlach"
    },
    {
      "id": "fohnsdorf",
      "name": "Fohnsdorf"
    },
    {
      "id": "forst",
      "name": "Forst"
    },
    {
      "id": "frankenburg",
      "name": "Frankenburg"
    },
    {
      "id": "frankenmarkt",
      "name": "Frankenmarkt"
    },
    {
      "id": "frattingsdorf",
      "name": "Frattingsdorf"
    },
    {
      "id": "frauenkirchen",
      "name": "Frauenkirchen"
    },
    {
      "id": "freienstein",
      "name": "Freienstein"
    },
    {
      "id": "freilassing",
      "name": "Freilassing"
    },
    {
      "id": "freinberg",
      "name": "Freinberg"
    },
    {
      "id": "freistadt",
      "name": "Freistadt"
    },
    {
      "id": "friedburg",
      "name": "Friedburg"
    },
    {
      "id": "friesach",
      "name": "Friesach"
    },
    {
      "id": "frohnleiten",
      "name": "Frohnleiten"
    },
    {
      "id": "fuernitz",
      "name": "Fuernitz"
    },
    {
      "id": "fuerstenfeld",
      "name": "Fuerstenfeld"
    },
    {
      "id": "fugen",
      "name": "Fugen"
    },
    {
      "id": "fulpmes",
      "name": "Fulpmes"
    },
    {
      "id": "furthof",
      "name": "Furthof"
    },
    {
      "id": "fusch-an-der-glocknerstrasse",
      "name": "Fusch an der Glocknerstrasse"
    },
    {
      "id": "fuschl-am-see",
      "name": "Fuschl am See"
    },
    {
      "id": "fussach",
      "name": "Fussach"
    },
    {
      "id": "gaaden",
      "name": "Gaaden"
    },
    {
      "id": "gaal",
      "name": "Gaal"
    },
    {
      "id": "gablitz",
      "name": "Gablitz"
    },
    {
      "id": "gaflenz",
      "name": "Gaflenz"
    },
    {
      "id": "gailitz",
      "name": "Gailitz"
    },
    {
      "id": "gaisberg",
      "name": "Gaisberg"
    },
    {
      "id": "gallbrunn",
      "name": "Gallbrunn"
    },
    {
      "id": "gallneukirchen",
      "name": "Gallneukirchen"
    },
    {
      "id": "gallspach",
      "name": "Gallspach"
    },
    {
      "id": "gallzein",
      "name": "Gallzein"
    },
    {
      "id": "galtur",
      "name": "Galtur"
    },
    {
      "id": "gaming",
      "name": "Gaming"
    },
    {
      "id": "gampern",
      "name": "Gampern"
    },
    {
      "id": "gansbach",
      "name": "Gansbach"
    },
    {
      "id": "ganserndorf",
      "name": "Ganserndorf"
    },
    {
      "id": "gargellen",
      "name": "Gargellen"
    },
    {
      "id": "gars-am-kamp",
      "name": "Gars am Kamp"
    },
    {
      "id": "garsten",
      "name": "Garsten"
    },
    {
      "id": "gaschurn",
      "name": "Gaschurn"
    },
    {
      "id": "gaspoltshofen",
      "name": "Gaspoltshofen"
    },
    {
      "id": "gasthof",
      "name": "Gasthof"
    },
    {
      "id": "gattendorf",
      "name": "Gattendorf"
    },
    {
      "id": "gaweinstal",
      "name": "Gaweinstal"
    },
    {
      "id": "geinberg",
      "name": "Geinberg"
    },
    {
      "id": "geras",
      "name": "Geras"
    },
    {
      "id": "gerasdorf-am-steinfelde",
      "name": "Gerasdorf am Steinfelde"
    },
    {
      "id": "gerasdorf-bei-wien",
      "name": "Gerasdorf bei Wien"
    },
    {
      "id": "gerersdorf",
      "name": "Gerersdorf"
    },
    {
      "id": "gerlos",
      "name": "Gerlos"
    },
    {
      "id": "getzersdorf",
      "name": "Getzersdorf"
    },
    {
      "id": "gfohl",
      "name": "Gfohl"
    },
    {
      "id": "giesshubl",
      "name": "Giesshubl"
    },
    {
      "id": "glan",
      "name": "Glan"
    },
    {
      "id": "glaubendorf",
      "name": "Glaubendorf"
    },
    {
      "id": "gleisdorf",
      "name": "Gleisdorf"
    },
    {
      "id": "glinzendorf",
      "name": "Glinzendorf"
    },
    {
      "id": "gloggnitz",
      "name": "Gloggnitz"
    },
    {
      "id": "gmund",
      "name": "Gmund"
    },
    {
      "id": "gmunden",
      "name": "Gmunden"
    },
    {
      "id": "gnadenwald",
      "name": "Gnadenwald"
    },
    {
      "id": "gnas",
      "name": "Gnas"
    },
    {
      "id": "gobelsburg",
      "name": "Gobelsburg"
    },
    {
      "id": "goedersdorf",
      "name": "Goedersdorf"
    },
    {
      "id": "goesselsdorf",
      "name": "Goesselsdorf"
    },
    {
      "id": "gofis",
      "name": "Gofis"
    },
    {
      "id": "going",
      "name": "Going"
    },
    {
      "id": "goldegg",
      "name": "Goldegg"
    },
    {
      "id": "gollersdorf",
      "name": "Gollersdorf"
    },
    {
      "id": "golling-an-der-salzach",
      "name": "Golling an der Salzach"
    },
    {
      "id": "gols",
      "name": "Gols"
    },
    {
      "id": "gortipohl",
      "name": "Gortipohl"
    },
    {
      "id": "gosau",
      "name": "Gosau"
    },
    {
      "id": "gosdorf",
      "name": "Gosdorf"
    },
    {
      "id": "gosing",
      "name": "Gosing"
    },
    {
      "id": "gostling-an-der-ybbs",
      "name": "Gostling an der Ybbs"
    },
    {
      "id": "gotzendorf",
      "name": "Gotzendorf"
    },
    {
      "id": "gotzendorf-an-der-leitha",
      "name": "Gotzendorf an der Leitha"
    },
    {
      "id": "gotzens",
      "name": "Gotzens"
    },
    {
      "id": "gotzis",
      "name": "Gotzis"
    },
    {
      "id": "grabelsdorf",
      "name": "Grabelsdorf"
    },
    {
      "id": "graen",
      "name": "Graen"
    },
    {
      "id": "grafenbach",
      "name": "Grafenbach"
    },
    {
      "id": "grafendorf",
      "name": "Grafendorf"
    },
    {
      "id": "grafendorf-bei-hartberg",
      "name": "Grafendorf bei Hartberg"
    },
    {
      "id": "grafendorf-bei-stainz",
      "name": "Grafendorf bei Stainz"
    },
    {
      "id": "grafenschlag",
      "name": "Grafenschlag"
    },
    {
      "id": "grafenstein",
      "name": "Grafenstein"
    },
    {
      "id": "grafenweg",
      "name": "Grafenweg"
    },
    {
      "id": "grafenworth",
      "name": "Grafenworth"
    },
    {
      "id": "gramastetten",
      "name": "Gramastetten"
    },
    {
      "id": "gramatneusiedl",
      "name": "Gramatneusiedl"
    },
    {
      "id": "grambach",
      "name": "Grambach"
    },
    {
      "id": "gratkorn",
      "name": "Gratkorn"
    },
    {
      "id": "gratwein",
      "name": "Gratwein"
    },
    {
      "id": "graz",
      "name": "Graz"
    },
    {
      "id": "grein",
      "name": "Grein"
    },
    {
      "id": "gresten",
      "name": "Gresten"
    },
    {
      "id": "gries",
      "name": "Gries"
    },
    {
      "id": "gries-am-brenner",
      "name": "Gries am Brenner"
    },
    {
      "id": "grieselstein",
      "name": "Grieselstein"
    },
    {
      "id": "grieskirchen",
      "name": "Grieskirchen"
    },
    {
      "id": "griffen",
      "name": "Griffen"
    },
    {
      "id": "grimmenstein",
      "name": "Grimmenstein"
    },
    {
      "id": "grobming",
      "name": "Grobming"
    },
    {
      "id": "grodig",
      "name": "Grodig"
    },
    {
      "id": "gross",
      "name": "Gross"
    },
    {
      "id": "gross-enzersdorf",
      "name": "Gross-Enzersdorf"
    },
    {
      "id": "gross-schweinbarth",
      "name": "Gross-Schweinbarth"
    },
    {
      "id": "gross-siegharts",
      "name": "Gross-Siegharts"
    },
    {
      "id": "grossarl",
      "name": "Grossarl"
    },
    {
      "id": "grossebersdorf",
      "name": "Grossebersdorf"
    },
    {
      "id": "grossklein",
      "name": "Grossklein"
    },
    {
      "id": "grosspesendorf",
      "name": "Grosspesendorf"
    },
    {
      "id": "grossraming",
      "name": "Grossraming"
    },
    {
      "id": "grossrussbach",
      "name": "Grossrussbach"
    },
    {
      "id": "grossweikersdorf",
      "name": "Grossweikersdorf"
    },
    {
      "id": "grunbach-am-schneeberg",
      "name": "Grunbach am Schneeberg"
    },
    {
      "id": "gruner-baum",
      "name": "Gruner Baum"
    },
    {
      "id": "gschnitz",
      "name": "Gschnitz"
    },
    {
      "id": "guessing",
      "name": "Guessing"
    },
    {
      "id": "gugging",
      "name": "Gugging"
    },
    {
      "id": "guglwald",
      "name": "Guglwald"
    },
    {
      "id": "gumpoldskirchen",
      "name": "Gumpoldskirchen"
    },
    {
      "id": "gunselsdorf",
      "name": "Gunselsdorf"
    },
    {
      "id": "gunskirchen",
      "name": "Gunskirchen"
    },
    {
      "id": "guntersdorf",
      "name": "Guntersdorf"
    },
    {
      "id": "guntramsdorf",
      "name": "Guntramsdorf"
    },
    {
      "id": "gurten",
      "name": "Gurten"
    },
    {
      "id": "gurtis",
      "name": "Gurtis"
    },
    {
      "id": "gutau",
      "name": "Gutau"
    },
    {
      "id": "gutenstein",
      "name": "Gutenstein"
    },
    {
      "id": "guttaring",
      "name": "Guttaring"
    },
    {
      "id": "haag",
      "name": "Haag"
    },
    {
      "id": "haag-am-hausruck",
      "name": "Haag am Hausruck"
    },
    {
      "id": "hadersdorf-am-kamp",
      "name": "Hadersdorf am Kamp"
    },
    {
      "id": "hadersfeld",
      "name": "Hadersfeld"
    },
    {
      "id": "hadres",
      "name": "Hadres"
    },
    {
      "id": "hagenberg-im-muhlkreis",
      "name": "Hagenberg im Muhlkreis"
    },
    {
      "id": "haibach-ob-der-donau",
      "name": "Haibach ob der Donau"
    },
    {
      "id": "haid",
      "name": "Haid"
    },
    {
      "id": "haidershofen",
      "name": "Haidershofen"
    },
    {
      "id": "haiming",
      "name": "Haiming"
    },
    {
      "id": "haimingerberg",
      "name": "Haimingerberg"
    },
    {
      "id": "hainburg-an-der-donau",
      "name": "Hainburg an der Donau"
    },
    {
      "id": "hainfeld",
      "name": "Hainfeld"
    },
    {
      "id": "halbturn",
      "name": "Halbturn"
    },
    {
      "id": "haldensee",
      "name": "Haldensee"
    },
    {
      "id": "hall",
      "name": "Hall"
    },
    {
      "id": "hall-in-tirol",
      "name": "Hall in Tirol"
    },
    {
      "id": "hallein",
      "name": "Hallein"
    },
    {
      "id": "haller",
      "name": "Haller"
    },
    {
      "id": "hallstatt",
      "name": "Hallstatt"
    },
    {
      "id": "harbach",
      "name": "Harbach"
    },
    {
      "id": "hard",
      "name": "Hard"
    },
    {
      "id": "hart",
      "name": "Hart"
    },
    {
      "id": "hartberg",
      "name": "Hartberg"
    },
    {
      "id": "hartkirchen",
      "name": "Hartkirchen"
    },
    {
      "id": "haslau-an-der-donau",
      "name": "Haslau an der Donau"
    },
    {
      "id": "hatting",
      "name": "Hatting"
    },
    {
      "id": "hatzendorf",
      "name": "Hatzendorf"
    },
    {
      "id": "haus",
      "name": "Haus"
    },
    {
      "id": "hausbrunn",
      "name": "Hausbrunn"
    },
    {
      "id": "hausleiten",
      "name": "Hausleiten"
    },
    {
      "id": "hausmannstatten",
      "name": "Hausmannstatten"
    },
    {
      "id": "hautzendorf",
      "name": "Hautzendorf"
    },
    {
      "id": "heidenreichstein",
      "name": "Heidenreichstein"
    },
    {
      "id": "heiligenkreuz-am-waasen",
      "name": "Heiligenkreuz am Waasen"
    },
    {
      "id": "heimschuh",
      "name": "Heimschuh"
    },
    {
      "id": "heissberg",
      "name": "Heissberg"
    },
    {
      "id": "heissingfelding",
      "name": "Heissingfelding"
    },
    {
      "id": "heiterwang",
      "name": "Heiterwang"
    },
    {
      "id": "hellmonsodt",
      "name": "Hellmonsodt"
    },
    {
      "id": "henndorf-am-wallersee",
      "name": "Henndorf am Wallersee"
    },
    {
      "id": "hennersdorf",
      "name": "Hennersdorf"
    },
    {
      "id": "hermagor",
      "name": "Hermagor"
    },
    {
      "id": "hernstein",
      "name": "Hernstein"
    },
    {
      "id": "herrnbaumgarten",
      "name": "Herrnbaumgarten"
    },
    {
      "id": "herzogenburg",
      "name": "Herzogenburg"
    },
    {
      "id": "herzogsdorf",
      "name": "Herzogsdorf"
    },
    {
      "id": "himberg",
      "name": "Himberg"
    },
    {
      "id": "himmelreich",
      "name": "Himmelreich"
    },
    {
      "id": "hinterbruehl",
      "name": "Hinterbruehl"
    },
    {
      "id": "hinterburg",
      "name": "Hinterburg"
    },
    {
      "id": "hinterglemm",
      "name": "Hinterglemm"
    },
    {
      "id": "hintersdorf",
      "name": "Hintersdorf"
    },
    {
      "id": "hinterstoder",
      "name": "Hinterstoder"
    },
    {
      "id": "hinterthiersee",
      "name": "Hinterthiersee"
    },
    {
      "id": "hintertux",
      "name": "Hintertux"
    },
    {
      "id": "hinterwaldberg",
      "name": "Hinterwaldberg"
    },
    {
      "id": "hipping",
      "name": "Hipping"
    },
    {
      "id": "hirm",
      "name": "Hirm"
    },
    {
      "id": "hirschegg",
      "name": "Hirschegg"
    },
    {
      "id": "hirtenberg",
      "name": "Hirtenberg"
    },
    {
      "id": "hochburg",
      "name": "Hochburg"
    },
    {
      "id": "hochgurgl",
      "name": "Hochgurgl"
    },
    {
      "id": "hochleithen",
      "name": "Hochleithen"
    },
    {
      "id": "hochneukirchen",
      "name": "Hochneukirchen"
    },
    {
      "id": "hochsoelden",
      "name": "Hochsoelden"
    },
    {
      "id": "hochst",
      "name": "Hochst"
    },
    {
      "id": "hoehe",
      "name": "Hoehe"
    },
    {
      "id": "hof-am-leithaberge",
      "name": "Hof am Leithaberge"
    },
    {
      "id": "hof-bei-salzburg",
      "name": "Hof bei Salzburg"
    },
    {
      "id": "hofen",
      "name": "Hofen"
    },
    {
      "id": "hofkirchen-im-traunkreis",
      "name": "Hofkirchen im Traunkreis"
    },
    {
      "id": "hoflein",
      "name": "Hoflein"
    },
    {
      "id": "hofstatten-an-der-raab",
      "name": "Hofstatten an der Raab"
    },
    {
      "id": "hofstetten",
      "name": "Hofstetten"
    },
    {
      "id": "hohenau",
      "name": "Hohenau"
    },
    {
      "id": "hohenberg",
      "name": "Hohenberg"
    },
    {
      "id": "hohenburg",
      "name": "Hohenburg"
    },
    {
      "id": "hoheneich",
      "name": "Hoheneich"
    },
    {
      "id": "hohenems",
      "name": "Hohenems"
    },
    {
      "id": "hohentauern",
      "name": "Hohentauern"
    },
    {
      "id": "hohenwarth",
      "name": "Hohenwarth"
    },
    {
      "id": "hohenzell",
      "name": "Hohenzell"
    },
    {
      "id": "hohnhart",
      "name": "Hohnhart"
    },
    {
      "id": "hollabrunn",
      "name": "Hollabrunn"
    },
    {
      "id": "hollenthon",
      "name": "Hollenthon"
    },
    {
      "id": "hollersbach-im-pinzgau",
      "name": "Hollersbach im Pinzgau"
    },
    {
      "id": "holzhausen",
      "name": "Holzhausen"
    },
    {
      "id": "hopfgarten-im-brixental",
      "name": "Hopfgarten im Brixental"
    },
    {
      "id": "horbranz",
      "name": "Horbranz"
    },
    {
      "id": "horersdorf",
      "name": "Horersdorf"
    },
    {
      "id": "horn",
      "name": "Horn"
    },
    {
      "id": "hornstein",
      "name": "Hornstein"
    },
    {
      "id": "horsching",
      "name": "Horsching"
    },
    {
      "id": "huetten",
      "name": "Huetten"
    },
    {
      "id": "huttschlag",
      "name": "Huttschlag"
    },
    {
      "id": "igls",
      "name": "Igls"
    },
    {
      "id": "im-brand",
      "name": "Im Brand"
    },
    {
      "id": "imst",
      "name": "Imst"
    },
    {
      "id": "innerkrems",
      "name": "Innerkrems"
    },
    {
      "id": "innermanzing",
      "name": "Innermanzing"
    },
    {
      "id": "innsbruck",
      "name": "Innsbruck"
    },
    {
      "id": "inzersdorf-im-kremstal",
      "name": "Inzersdorf im Kremstal"
    },
    {
      "id": "inzing",
      "name": "Inzing"
    },
    {
      "id": "ischgl",
      "name": "Ischgl"
    },
    {
      "id": "isper",
      "name": "Isper"
    },
    {
      "id": "jagenbach",
      "name": "Jagenbach"
    },
    {
      "id": "jagerberg",
      "name": "Jagerberg"
    },
    {
      "id": "japons",
      "name": "Japons"
    },
    {
      "id": "jeging",
      "name": "Jeging"
    },
    {
      "id": "jenbach",
      "name": "Jenbach"
    },
    {
      "id": "jennersdorf",
      "name": "Jennersdorf"
    },
    {
      "id": "jerzens",
      "name": "Jerzens"
    },
    {
      "id": "jochberg",
      "name": "Jochberg"
    },
    {
      "id": "jois",
      "name": "Jois"
    },
    {
      "id": "judenau",
      "name": "Judenau"
    },
    {
      "id": "judenburg",
      "name": "Judenburg"
    },
    {
      "id": "judendorf",
      "name": "Judendorf"
    },
    {
      "id": "jungholz",
      "name": "Jungholz"
    },
    {
      "id": "kainach-bei-voitsberg",
      "name": "Kainach bei Voitsberg"
    },
    {
      "id": "kaindorf",
      "name": "Kaindorf"
    },
    {
      "id": "kalsdorf-bei-graz",
      "name": "Kalsdorf bei Graz"
    },
    {
      "id": "kaltenbrunn",
      "name": "Kaltenbrunn"
    },
    {
      "id": "kaltenleutgeben",
      "name": "Kaltenleutgeben"
    },
    {
      "id": "kanzelhoehe",
      "name": "Kanzelhoehe"
    },
    {
      "id": "kapelln",
      "name": "Kapelln"
    },
    {
      "id": "kapfenberg",
      "name": "Kapfenberg"
    },
    {
      "id": "kapfing",
      "name": "Kapfing"
    },
    {
      "id": "kappern",
      "name": "Kappern"
    },
    {
      "id": "kappl",
      "name": "Kappl"
    },
    {
      "id": "kaprun",
      "name": "Kaprun"
    },
    {
      "id": "karl",
      "name": "Karl"
    },
    {
      "id": "karlstetten",
      "name": "Karlstetten"
    },
    {
      "id": "karteis",
      "name": "Karteis"
    },
    {
      "id": "katsdorf",
      "name": "Katsdorf"
    },
    {
      "id": "katzelsdorf",
      "name": "Katzelsdorf"
    },
    {
      "id": "kaumberg",
      "name": "Kaumberg"
    },
    {
      "id": "kefermarkt",
      "name": "Kefermarkt"
    },
    {
      "id": "kematen-in-tirol",
      "name": "Kematen in Tirol"
    },
    {
      "id": "kennelbach",
      "name": "Kennelbach"
    },
    {
      "id": "keutschach-am-see",
      "name": "Keutschach am See"
    },
    {
      "id": "kienberg",
      "name": "Kienberg"
    },
    {
      "id": "kierling",
      "name": "Kierling"
    },
    {
      "id": "kilb",
      "name": "Kilb"
    },
    {
      "id": "kindberg",
      "name": "Kindberg"
    },
    {
      "id": "kirchbach-in-steiermark",
      "name": "Kirchbach in Steiermark"
    },
    {
      "id": "kirchberg-am-wagram",
      "name": "Kirchberg am Wagram"
    },
    {
      "id": "kirchberg-in-tirol",
      "name": "Kirchberg in Tirol"
    },
    {
      "id": "kirchbichl",
      "name": "Kirchbichl"
    },
    {
      "id": "kirchdorf-an-der-krems",
      "name": "Kirchdorf an der Krems"
    },
    {
      "id": "kirchdorf-in-tirol",
      "name": "Kirchdorf in Tirol"
    },
    {
      "id": "kirchham",
      "name": "Kirchham"
    },
    {
      "id": "kirchschlag",
      "name": "Kirchschlag"
    },
    {
      "id": "kirchschlag-bei-linz",
      "name": "Kirchschlag bei Linz"
    },
    {
      "id": "kittsee",
      "name": "Kittsee"
    },
    {
      "id": "klagenfurt",
      "name": "Klagenfurt"
    },
    {
      "id": "klam",
      "name": "Klam"
    },
    {
      "id": "klaus",
      "name": "Klaus"
    },
    {
      "id": "klein-harras",
      "name": "Klein-Harras"
    },
    {
      "id": "kleinbergl",
      "name": "Kleinbergl"
    },
    {
      "id": "kleinkirchheim",
      "name": "Kleinkirchheim"
    },
    {
      "id": "kleinstubing",
      "name": "Kleinstubing"
    },
    {
      "id": "klingfurth",
      "name": "Klingfurth"
    },
    {
      "id": "klosterle",
      "name": "Klosterle"
    },
    {
      "id": "klostermarienberg",
      "name": "Klostermarienberg"
    },
    {
      "id": "klosterneuburg",
      "name": "Klosterneuburg"
    },
    {
      "id": "knappenberg",
      "name": "Knappenberg"
    },
    {
      "id": "knittelfeld",
      "name": "Knittelfeld"
    },
    {
      "id": "kobenz",
      "name": "Kobenz"
    },
    {
      "id": "kobersdorf",
      "name": "Kobersdorf"
    },
    {
      "id": "koblach",
      "name": "Koblach"
    },
    {
      "id": "koestenberg",
      "name": "Koestenberg"
    },
    {
      "id": "koetschach",
      "name": "Koetschach"
    },
    {
      "id": "koflach",
      "name": "Koflach"
    },
    {
      "id": "kollmitzberg",
      "name": "Kollmitzberg"
    },
    {
      "id": "konigstetten",
      "name": "Konigstetten"
    },
    {
      "id": "konigswiesen",
      "name": "Konigswiesen"
    },
    {
      "id": "kopfing-im-innkreis",
      "name": "Kopfing im Innkreis"
    },
    {
      "id": "koppl",
      "name": "Koppl"
    },
    {
      "id": "korneuburg",
      "name": "Korneuburg"
    },
    {
      "id": "kossen",
      "name": "Kossen"
    },
    {
      "id": "kottingbrunn",
      "name": "Kottingbrunn"
    },
    {
      "id": "kottmannsdorf",
      "name": "Kottmannsdorf"
    },
    {
      "id": "kraig",
      "name": "Kraig"
    },
    {
      "id": "kramsach",
      "name": "Kramsach"
    },
    {
      "id": "krems",
      "name": "Krems"
    },
    {
      "id": "kremsbruecke",
      "name": "Kremsbruecke"
    },
    {
      "id": "kremsdorf",
      "name": "Kremsdorf"
    },
    {
      "id": "kremsmunster",
      "name": "Kremsmunster"
    },
    {
      "id": "krenglbach",
      "name": "Krenglbach"
    },
    {
      "id": "kreuz",
      "name": "Kreuz"
    },
    {
      "id": "krieglach",
      "name": "Krieglach"
    },
    {
      "id": "krispl",
      "name": "Krispl"
    },
    {
      "id": "kritzendorf",
      "name": "Kritzendorf"
    },
    {
      "id": "kroatisch-minihof",
      "name": "Kroatisch Minihof"
    },
    {
      "id": "krottendorf-bei-ligist",
      "name": "Krottendorf bei Ligist"
    },
    {
      "id": "krumbach",
      "name": "Krumbach"
    },
    {
      "id": "krumbach-markt",
      "name": "Krumbach Markt"
    },
    {
      "id": "krumegg",
      "name": "Krumegg"
    },
    {
      "id": "krumpendorf",
      "name": "Krumpendorf"
    },
    {
      "id": "kuchl",
      "name": "Kuchl"
    },
    {
      "id": "kuehnsdorf",
      "name": "Kuehnsdorf"
    },
    {
      "id": "kuehtai",
      "name": "Kuehtai"
    },
    {
      "id": "kufstein",
      "name": "Kufstein"
    },
    {
      "id": "kumberg",
      "name": "Kumberg"
    },
    {
      "id": "kundl",
      "name": "Kundl"
    },
    {
      "id": "laa-an-der-thaya",
      "name": "Laa an der Thaya"
    },
    {
      "id": "laab-im-walde",
      "name": "Laab im Walde"
    },
    {
      "id": "laaben",
      "name": "Laaben"
    },
    {
      "id": "laakirchen",
      "name": "Laakirchen"
    },
    {
      "id": "labach",
      "name": "Labach"
    },
    {
      "id": "lambrechten",
      "name": "Lambrechten"
    },
    {
      "id": "lamprechtshausen",
      "name": "Lamprechtshausen"
    },
    {
      "id": "landeck",
      "name": "Landeck"
    },
    {
      "id": "landegg",
      "name": "Landegg"
    },
    {
      "id": "landskron",
      "name": "Landskron"
    },
    {
      "id": "lanersbach",
      "name": "Lanersbach"
    },
    {
      "id": "langeck-im-burgenland",
      "name": "Langeck im Burgenland"
    },
    {
      "id": "langenlois",
      "name": "Langenlois"
    },
    {
      "id": "langenrohr",
      "name": "Langenrohr"
    },
    {
      "id": "langenstein",
      "name": "Langenstein"
    },
    {
      "id": "langenzersdorf",
      "name": "Langenzersdorf"
    },
    {
      "id": "lannach",
      "name": "Lannach"
    },
    {
      "id": "lanzenkirchen",
      "name": "Lanzenkirchen"
    },
    {
      "id": "lassee",
      "name": "Lassee"
    },
    {
      "id": "lassnitzhohe",
      "name": "Lassnitzhohe"
    },
    {
      "id": "latschach",
      "name": "Latschach"
    },
    {
      "id": "launsdorf",
      "name": "Launsdorf"
    },
    {
      "id": "lauterach",
      "name": "Lauterach"
    },
    {
      "id": "lavamund",
      "name": "Lavamund"
    },
    {
      "id": "lavant",
      "name": "Lavant"
    },
    {
      "id": "laxenburg",
      "name": "Laxenburg"
    },
    {
      "id": "lebring",
      "name": "Lebring"
    },
    {
      "id": "lech",
      "name": "Lech"
    },
    {
      "id": "lechaschau",
      "name": "Lechaschau"
    },
    {
      "id": "leibnitz-styria",
      "name": "Leibnitz, Styria"
    },
    {
      "id": "leisach",
      "name": "Leisach"
    },
    {
      "id": "leiten",
      "name": "Leiten"
    },
    {
      "id": "leitring",
      "name": "Leitring"
    },
    {
      "id": "lembach-im-muhlkreis",
      "name": "Lembach im Muhlkreis"
    },
    {
      "id": "lend",
      "name": "Lend"
    },
    {
      "id": "lendorf",
      "name": "Lendorf"
    },
    {
      "id": "lenzing",
      "name": "Lenzing"
    },
    {
      "id": "leoben",
      "name": "Leoben"
    },
    {
      "id": "leobendorf",
      "name": "Leobendorf"
    },
    {
      "id": "leobersdorf",
      "name": "Leobersdorf"
    },
    {
      "id": "leogang",
      "name": "Leogang"
    },
    {
      "id": "leonding",
      "name": "Leonding"
    },
    {
      "id": "leonfelden",
      "name": "Leonfelden"
    },
    {
      "id": "leopoldsdorf",
      "name": "Leopoldsdorf"
    },
    {
      "id": "lermoos",
      "name": "Lermoos"
    },
    {
      "id": "leutasch",
      "name": "Leutasch"
    },
    {
      "id": "leutschach",
      "name": "Leutschach"
    },
    {
      "id": "lichtenau",
      "name": "Lichtenau"
    },
    {
      "id": "lichtenberg",
      "name": "Lichtenberg"
    },
    {
      "id": "lichtenegg",
      "name": "Lichtenegg"
    },
    {
      "id": "lichtenworth",
      "name": "Lichtenworth"
    },
    {
      "id": "liebenfels",
      "name": "Liebenfels"
    },
    {
      "id": "lieboch",
      "name": "Lieboch"
    },
    {
      "id": "lienz",
      "name": "Lienz"
    },
    {
      "id": "liesfeld",
      "name": "Liesfeld"
    },
    {
      "id": "liezen",
      "name": "Liezen"
    },
    {
      "id": "ligist",
      "name": "Ligist"
    },
    {
      "id": "lilienfeld",
      "name": "Lilienfeld"
    },
    {
      "id": "lindenberg",
      "name": "Lindenberg"
    },
    {
      "id": "linz",
      "name": "Linz"
    },
    {
      "id": "litschau",
      "name": "Litschau"
    },
    {
      "id": "lobenstein",
      "name": "Lobenstein"
    },
    {
      "id": "lochau",
      "name": "Lochau"
    },
    {
      "id": "lochen",
      "name": "Lochen"
    },
    {
      "id": "lofer",
      "name": "Lofer"
    },
    {
      "id": "lohnsburg",
      "name": "Lohnsburg"
    },
    {
      "id": "loimersdorf",
      "name": "Loimersdorf"
    },
    {
      "id": "loipersbach",
      "name": "Loipersbach"
    },
    {
      "id": "loosdorf",
      "name": "Loosdorf"
    },
    {
      "id": "loretto",
      "name": "Loretto"
    },
    {
      "id": "ludesch",
      "name": "Ludesch"
    },
    {
      "id": "luftenberg-an-der-donau",
      "name": "Luftenberg an der Donau"
    },
    {
      "id": "lungotz",
      "name": "Lungotz"
    },
    {
      "id": "lustenau",
      "name": "Lustenau"
    },
    {
      "id": "lutzmannsburg",
      "name": "Lutzmannsburg"
    },
    {
      "id": "mader",
      "name": "Mader"
    },
    {
      "id": "madseit",
      "name": "Madseit"
    },
    {
      "id": "maglern",
      "name": "Maglern"
    },
    {
      "id": "maiersdorf",
      "name": "Maiersdorf"
    },
    {
      "id": "maildorf",
      "name": "Maildorf"
    },
    {
      "id": "mairhof",
      "name": "Mairhof"
    },
    {
      "id": "maissau",
      "name": "Maissau"
    },
    {
      "id": "mallnitz",
      "name": "Mallnitz"
    },
    {
      "id": "mandling",
      "name": "Mandling"
    },
    {
      "id": "mank",
      "name": "Mank"
    },
    {
      "id": "mannersdorf-am-leithagebirge",
      "name": "Mannersdorf am Leithagebirge"
    },
    {
      "id": "mannersdorf-an-der-rabnitz",
      "name": "Mannersdorf an der Rabnitz"
    },
    {
      "id": "mannsworth",
      "name": "Mannsworth"
    },
    {
      "id": "marbach",
      "name": "Marbach"
    },
    {
      "id": "marchegg",
      "name": "Marchegg"
    },
    {
      "id": "marchtrenk",
      "name": "Marchtrenk"
    },
    {
      "id": "margarethen-am-moos",
      "name": "Margarethen am Moos"
    },
    {
      "id": "maria-alm-am-steinernen-meer",
      "name": "Maria Alm am Steinernen Meer"
    },
    {
      "id": "maria-buch",
      "name": "Maria Buch"
    },
    {
      "id": "maria-elend",
      "name": "Maria Elend"
    },
    {
      "id": "maria-ellend",
      "name": "Maria Ellend"
    },
    {
      "id": "maria-enzersdorf",
      "name": "Maria Enzersdorf"
    },
    {
      "id": "maria-lankowitz",
      "name": "Maria Lankowitz"
    },
    {
      "id": "maria-lanzendorf",
      "name": "Maria Lanzendorf"
    },
    {
      "id": "maria-saal",
      "name": "Maria Saal"
    },
    {
      "id": "maria-schmolln",
      "name": "Maria Schmolln"
    },
    {
      "id": "maria-taferl",
      "name": "Maria Taferl"
    },
    {
      "id": "maria-worth",
      "name": "Maria Worth"
    },
    {
      "id": "maria-anzbach",
      "name": "Maria-Anzbach"
    },
    {
      "id": "mariazell",
      "name": "Mariazell"
    },
    {
      "id": "markgrafneusiedl",
      "name": "Markgrafneusiedl"
    },
    {
      "id": "markt-allhau",
      "name": "Markt Allhau"
    },
    {
      "id": "markt-neuhodis",
      "name": "Markt Neuhodis"
    },
    {
      "id": "markt-piesting",
      "name": "Markt Piesting"
    },
    {
      "id": "marktl",
      "name": "Marktl"
    },
    {
      "id": "marz",
      "name": "Marz"
    },
    {
      "id": "mathon",
      "name": "Mathon"
    },
    {
      "id": "matrei-am-brenner",
      "name": "Matrei am Brenner"
    },
    {
      "id": "matrei-in-osttirol",
      "name": "Matrei in Osttirol"
    },
    {
      "id": "mattersburg",
      "name": "Mattersburg"
    },
    {
      "id": "mattsee",
      "name": "Mattsee"
    },
    {
      "id": "mauerbach",
      "name": "Mauerbach"
    },
    {
      "id": "mauerkirchen",
      "name": "Mauerkirchen"
    },
    {
      "id": "maurach",
      "name": "Maurach"
    },
    {
      "id": "mauterndorf",
      "name": "Mauterndorf"
    },
    {
      "id": "mauthausen",
      "name": "Mauthausen"
    },
    {
      "id": "mayrhofen",
      "name": "Mayrhofen"
    },
    {
      "id": "meggenhofen",
      "name": "Meggenhofen"
    },
    {
      "id": "mehrnbach",
      "name": "Mehrnbach"
    },
    {
      "id": "meiningen",
      "name": "Meiningen"
    },
    {
      "id": "meisten",
      "name": "Meisten"
    },
    {
      "id": "melk",
      "name": "Melk"
    },
    {
      "id": "mellach",
      "name": "Mellach"
    },
    {
      "id": "mettmach",
      "name": "Mettmach"
    },
    {
      "id": "michelbach-markt",
      "name": "Michelbach Markt"
    },
    {
      "id": "micheldorf-in-oberoesterreich",
      "name": "Micheldorf in Oberoesterreich"
    },
    {
      "id": "mieming",
      "name": "Mieming"
    },
    {
      "id": "miesenbach",
      "name": "Miesenbach"
    },
    {
      "id": "millstatt",
      "name": "Millstatt"
    },
    {
      "id": "mistelbach",
      "name": "Mistelbach"
    },
    {
      "id": "mittelberg",
      "name": "Mittelberg"
    },
    {
      "id": "mitterdorf-im-muerztal",
      "name": "Mitterdorf im Muerztal"
    },
    {
      "id": "mitterkirchen-im-machland",
      "name": "Mitterkirchen im Machland"
    },
    {
      "id": "mitterndorf-an-der-fischa",
      "name": "Mitterndorf an der Fischa"
    },
    {
      "id": "mittersill",
      "name": "Mittersill"
    },
    {
      "id": "moellbruecke",
      "name": "Moellbruecke"
    },
    {
      "id": "mollersdorf",
      "name": "Mollersdorf"
    },
    {
      "id": "molln",
      "name": "Molln"
    },
    {
      "id": "mollram",
      "name": "Mollram"
    },
    {
      "id": "monchhof",
      "name": "Monchhof"
    },
    {
      "id": "mondsee",
      "name": "Mondsee"
    },
    {
      "id": "moos",
      "name": "Moos"
    },
    {
      "id": "moosburg",
      "name": "Moosburg"
    },
    {
      "id": "moosdorf",
      "name": "Moosdorf"
    },
    {
      "id": "mooskirchen",
      "name": "Mooskirchen"
    },
    {
      "id": "mosern",
      "name": "Mosern"
    },
    {
      "id": "motz",
      "name": "Motz"
    },
    {
      "id": "muckendorf-an-der-donau",
      "name": "Muckendorf an der Donau"
    },
    {
      "id": "muerzhofen",
      "name": "Muerzhofen"
    },
    {
      "id": "muerzsteg",
      "name": "Muerzsteg"
    },
    {
      "id": "muerzzuschlag",
      "name": "Muerzzuschlag"
    },
    {
      "id": "muhlbach-am-manhartsberg",
      "name": "Muhlbach am Manhartsberg"
    },
    {
      "id": "munchendorf",
      "name": "Munchendorf"
    },
    {
      "id": "muntlix",
      "name": "Muntlix"
    },
    {
      "id": "munzbach",
      "name": "Munzbach"
    },
    {
      "id": "munzkirchen",
      "name": "Munzkirchen"
    },
    {
      "id": "murau",
      "name": "Murau"
    },
    {
      "id": "murfeld",
      "name": "Murfeld"
    },
    {
      "id": "mutters",
      "name": "Mutters"
    },
    {
      "id": "naarn-im-machlande",
      "name": "Naarn im Machlande"
    },
    {
      "id": "nassereith",
      "name": "Nassereith"
    },
    {
      "id": "natternbach",
      "name": "Natternbach"
    },
    {
      "id": "nauders",
      "name": "Nauders"
    },
    {
      "id": "neckenmarkt",
      "name": "Neckenmarkt"
    },
    {
      "id": "neidling",
      "name": "Neidling"
    },
    {
      "id": "nenzing",
      "name": "Nenzing"
    },
    {
      "id": "nesselwangle",
      "name": "Nesselwangle"
    },
    {
      "id": "nestelbach-bei-graz",
      "name": "Nestelbach bei Graz"
    },
    {
      "id": "neudau",
      "name": "Neudau"
    },
    {
      "id": "neudorf-bei-landsee",
      "name": "Neudorf bei Landsee"
    },
    {
      "id": "neudorf-bei-staatz",
      "name": "Neudorf bei Staatz"
    },
    {
      "id": "neudorfl",
      "name": "Neudorfl"
    },
    {
      "id": "neufeld-an-der-leitha",
      "name": "Neufeld an der Leitha"
    },
    {
      "id": "neuhofen",
      "name": "Neuhofen"
    },
    {
      "id": "neuhofen-an-der-krems",
      "name": "Neuhofen an der Krems"
    },
    {
      "id": "neuhofen-an-der-ybbs",
      "name": "Neuhofen an der Ybbs"
    },
    {
      "id": "neukirchen",
      "name": "Neukirchen"
    },
    {
      "id": "neukirchen-am-walde",
      "name": "Neukirchen am Walde"
    },
    {
      "id": "neukirchen-an-der-enknach",
      "name": "Neukirchen an der Enknach"
    },
    {
      "id": "neukirchen-an-der-vockla",
      "name": "Neukirchen an der Vockla"
    },
    {
      "id": "neulengbach",
      "name": "Neulengbach"
    },
    {
      "id": "neumarkt-am-wallersee",
      "name": "Neumarkt am Wallersee"
    },
    {
      "id": "neumarkt-an-der-ybbs",
      "name": "Neumarkt an der Ybbs"
    },
    {
      "id": "neumarkt-im-hausruckkreis",
      "name": "Neumarkt im Hausruckkreis"
    },
    {
      "id": "neumarkt-im-muhlkreis",
      "name": "Neumarkt im Muhlkreis"
    },
    {
      "id": "neumarkt-in-steiermark",
      "name": "Neumarkt in Steiermark"
    },
    {
      "id": "neunkirchen",
      "name": "Neunkirchen"
    },
    {
      "id": "neusiedl-am-see",
      "name": "Neusiedl am See"
    },
    {
      "id": "neusiedl-bei-guessing",
      "name": "Neusiedl bei Guessing"
    },
    {
      "id": "neustift",
      "name": "Neustift"
    },
    {
      "id": "neutal",
      "name": "Neutal"
    },
    {
      "id": "neuzeug",
      "name": "Neuzeug"
    },
    {
      "id": "nickelsdorf",
      "name": "Nickelsdorf"
    },
    {
      "id": "niederachen",
      "name": "Niederachen"
    },
    {
      "id": "niederalm",
      "name": "Niederalm"
    },
    {
      "id": "niederdorf",
      "name": "Niederdorf"
    },
    {
      "id": "niederkreuzstetten",
      "name": "Niederkreuzstetten"
    },
    {
      "id": "niederland",
      "name": "Niederland"
    },
    {
      "id": "niederleis",
      "name": "Niederleis"
    },
    {
      "id": "niederndorf",
      "name": "Niederndorf"
    },
    {
      "id": "niederneukirchen",
      "name": "Niederneukirchen"
    },
    {
      "id": "niederwaldkirchen",
      "name": "Niederwaldkirchen"
    },
    {
      "id": "niederwolz",
      "name": "Niederwolz"
    },
    {
      "id": "nochling",
      "name": "Nochling"
    },
    {
      "id": "nussdorf",
      "name": "Nussdorf"
    },
    {
      "id": "nussdorf-am-haunsberg",
      "name": "Nussdorf am Haunsberg"
    },
    {
      "id": "nuziders",
      "name": "Nuziders"
    },
    {
      "id": "obdach",
      "name": "Obdach"
    },
    {
      "id": "ober-grafendorf",
      "name": "Ober-Grafendorf"
    },
    {
      "id": "oberaich",
      "name": "Oberaich"
    },
    {
      "id": "oberaichwald",
      "name": "Oberaichwald"
    },
    {
      "id": "oberalm",
      "name": "Oberalm"
    },
    {
      "id": "oberau",
      "name": "Oberau"
    },
    {
      "id": "obergruenburg",
      "name": "Obergruenburg"
    },
    {
      "id": "obergurgl",
      "name": "Obergurgl"
    },
    {
      "id": "oberhausen",
      "name": "Oberhausen"
    },
    {
      "id": "oberhofen-im-inntal",
      "name": "Oberhofen im Inntal"
    },
    {
      "id": "oberkappel",
      "name": "Oberkappel"
    },
    {
      "id": "oberkirchbach",
      "name": "Oberkirchbach"
    },
    {
      "id": "oberkohlstaetten",
      "name": "Oberkohlstaetten"
    },
    {
      "id": "obernberg",
      "name": "Obernberg"
    },
    {
      "id": "obernberg-am-brenner",
      "name": "Obernberg am Brenner"
    },
    {
      "id": "oberndorf-an-der-melk",
      "name": "Oberndorf an der Melk"
    },
    {
      "id": "oberndorf-bei-salzburg",
      "name": "Oberndorf bei Salzburg"
    },
    {
      "id": "oberneukirchen",
      "name": "Oberneukirchen"
    },
    {
      "id": "oberort",
      "name": "Oberort"
    },
    {
      "id": "oberperfuss",
      "name": "Oberperfuss"
    },
    {
      "id": "oberpullendorf",
      "name": "Oberpullendorf"
    },
    {
      "id": "oberrohrbach",
      "name": "Oberrohrbach"
    },
    {
      "id": "oberschutzen",
      "name": "Oberschutzen"
    },
    {
      "id": "obersdorf",
      "name": "Obersdorf"
    },
    {
      "id": "obersiebenbrunn",
      "name": "Obersiebenbrunn"
    },
    {
      "id": "obertauern",
      "name": "Obertauern"
    },
    {
      "id": "obertrum-am-see",
      "name": "Obertrum am See"
    },
    {
      "id": "obervellach",
      "name": "Obervellach"
    },
    {
      "id": "oberwaltersdorf",
      "name": "Oberwaltersdorf"
    },
    {
      "id": "oberwart",
      "name": "Oberwart"
    },
    {
      "id": "oberweis",
      "name": "Oberweis"
    },
    {
      "id": "oberwolbling",
      "name": "Oberwolbling"
    },
    {
      "id": "obritzberg",
      "name": "Obritzberg"
    },
    {
      "id": "obsteig",
      "name": "Obsteig"
    },
    {
      "id": "oed",
      "name": "Oed"
    },
    {
      "id": "oehling",
      "name": "Oehling"
    },
    {
      "id": "oepping",
      "name": "Oepping"
    },
    {
      "id": "oetz",
      "name": "Oetz"
    },
    {
      "id": "oetztal-bahnhof",
      "name": "OEtztal-Bahnhof"
    },
    {
      "id": "offenhausen",
      "name": "Offenhausen"
    },
    {
      "id": "oftering",
      "name": "Oftering"
    },
    {
      "id": "oggau",
      "name": "Oggau"
    },
    {
      "id": "ohlsdorf",
      "name": "Ohlsdorf"
    },
    {
      "id": "ollern",
      "name": "Ollern"
    },
    {
      "id": "opponitz",
      "name": "Opponitz"
    },
    {
      "id": "ort-im-innkreis",
      "name": "Ort im Innkreis"
    },
    {
      "id": "orth-an-der-donau",
      "name": "Orth an der Donau"
    },
    {
      "id": "oslip",
      "name": "Oslip"
    },
    {
      "id": "ossiach",
      "name": "Ossiach"
    },
    {
      "id": "ostermiething",
      "name": "Ostermiething"
    },
    {
      "id": "ottendorf-bei-gleisdorf",
      "name": "Ottendorf bei Gleisdorf"
    },
    {
      "id": "ottenheim",
      "name": "Ottenheim"
    },
    {
      "id": "ottensheim",
      "name": "Ottensheim"
    },
    {
      "id": "pabneukirchen",
      "name": "Pabneukirchen"
    },
    {
      "id": "pachfurth",
      "name": "Pachfurth"
    },
    {
      "id": "paldau",
      "name": "Paldau"
    },
    {
      "id": "panzendorf",
      "name": "Panzendorf"
    },
    {
      "id": "parndorf",
      "name": "Parndorf"
    },
    {
      "id": "parschlug",
      "name": "Parschlug"
    },
    {
      "id": "pasching",
      "name": "Pasching"
    },
    {
      "id": "passail",
      "name": "Passail"
    },
    {
      "id": "passthurn",
      "name": "Passthurn"
    },
    {
      "id": "patsch",
      "name": "Patsch"
    },
    {
      "id": "pattergassen",
      "name": "Pattergassen"
    },
    {
      "id": "payerbach",
      "name": "Payerbach"
    },
    {
      "id": "peggau",
      "name": "Peggau"
    },
    {
      "id": "perchtoldsdorf",
      "name": "Perchtoldsdorf"
    },
    {
      "id": "perg",
      "name": "Perg"
    },
    {
      "id": "pernegg-an-der-mur",
      "name": "Pernegg an der Mur"
    },
    {
      "id": "pernitz",
      "name": "Pernitz"
    },
    {
      "id": "pertisau",
      "name": "Pertisau"
    },
    {
      "id": "perwang-am-grabensee",
      "name": "Perwang am Grabensee"
    },
    {
      "id": "petersdorf",
      "name": "Petersdorf"
    },
    {
      "id": "petronell-carnuntum",
      "name": "Petronell-Carnuntum"
    },
    {
      "id": "pettenbach",
      "name": "Pettenbach"
    },
    {
      "id": "pettnau",
      "name": "Pettnau"
    },
    {
      "id": "pettneu",
      "name": "Pettneu"
    },
    {
      "id": "petzenkirchen",
      "name": "Petzenkirchen"
    },
    {
      "id": "peuerbach",
      "name": "Peuerbach"
    },
    {
      "id": "pfaffstatten",
      "name": "Pfaffstatten"
    },
    {
      "id": "pfons",
      "name": "Pfons"
    },
    {
      "id": "pfunds",
      "name": "Pfunds"
    },
    {
      "id": "piberbach",
      "name": "Piberbach"
    },
    {
      "id": "pichl",
      "name": "Pichl"
    },
    {
      "id": "pichl-bei-wels",
      "name": "Pichl bei Wels"
    },
    {
      "id": "pichling-bei-stainz",
      "name": "Pichling bei Stainz"
    },
    {
      "id": "piesendorf",
      "name": "Piesendorf"
    },
    {
      "id": "pillberg",
      "name": "Pillberg"
    },
    {
      "id": "pillichsdorf",
      "name": "Pillichsdorf"
    },
    {
      "id": "pinggau",
      "name": "Pinggau"
    },
    {
      "id": "pinkafeld",
      "name": "Pinkafeld"
    },
    {
      "id": "pinsdorf",
      "name": "Pinsdorf"
    },
    {
      "id": "piringsdorf",
      "name": "Piringsdorf"
    },
    {
      "id": "pirka",
      "name": "Pirka"
    },
    {
      "id": "pischeldorf",
      "name": "Pischeldorf"
    },
    {
      "id": "pischelsdorf-am-engelbach",
      "name": "Pischelsdorf am Engelbach"
    },
    {
      "id": "pischelsdorf-in-steiermark",
      "name": "Pischelsdorf in Steiermark"
    },
    {
      "id": "pitten",
      "name": "Pitten"
    },
    {
      "id": "plangeross",
      "name": "Plangeross"
    },
    {
      "id": "plankenau",
      "name": "Plankenau"
    },
    {
      "id": "plescherken",
      "name": "Plescherken"
    },
    {
      "id": "pochlarn",
      "name": "Pochlarn"
    },
    {
      "id": "poelten",
      "name": "Poelten"
    },
    {
      "id": "poertschach-am-woerthersee",
      "name": "Poertschach am Woerthersee"
    },
    {
      "id": "poetting",
      "name": "Poetting"
    },
    {
      "id": "poggstall",
      "name": "Poggstall"
    },
    {
      "id": "polfing",
      "name": "Polfing"
    },
    {
      "id": "pottelsdorf",
      "name": "Pottelsdorf"
    },
    {
      "id": "pottenbrunn",
      "name": "Pottenbrunn"
    },
    {
      "id": "pottendorf",
      "name": "Pottendorf"
    },
    {
      "id": "pottenstein",
      "name": "Pottenstein"
    },
    {
      "id": "pottsching",
      "name": "Pottsching"
    },
    {
      "id": "potzneusiedl",
      "name": "Potzneusiedl"
    },
    {
      "id": "poysbrunn",
      "name": "Poysbrunn"
    },
    {
      "id": "poysdorf",
      "name": "Poysdorf"
    },
    {
      "id": "prabach",
      "name": "Prabach"
    },
    {
      "id": "pram",
      "name": "Pram"
    },
    {
      "id": "preding",
      "name": "Preding"
    },
    {
      "id": "pregarten",
      "name": "Pregarten"
    },
    {
      "id": "pressbaum",
      "name": "Pressbaum"
    },
    {
      "id": "prinzersdorf",
      "name": "Prinzersdorf"
    },
    {
      "id": "puch",
      "name": "Puch"
    },
    {
      "id": "puch-bei-hallein",
      "name": "Puch bei Hallein"
    },
    {
      "id": "puchberg-am-schneeberg",
      "name": "Puchberg am Schneeberg"
    },
    {
      "id": "puchenau",
      "name": "Puchenau"
    },
    {
      "id": "pucking",
      "name": "Pucking"
    },
    {
      "id": "purbach",
      "name": "Purbach"
    },
    {
      "id": "purbach-am-neusiedlersee",
      "name": "Purbach am Neusiedlersee"
    },
    {
      "id": "purgg",
      "name": "Purgg"
    },
    {
      "id": "purgstall",
      "name": "Purgstall"
    },
    {
      "id": "purkersdorf",
      "name": "Purkersdorf"
    },
    {
      "id": "pyhra",
      "name": "Pyhra"
    },
    {
      "id": "raab",
      "name": "Raab"
    },
    {
      "id": "raaba",
      "name": "Raaba"
    },
    {
      "id": "raabs-an-der-thaya",
      "name": "Raabs an der Thaya"
    },
    {
      "id": "radfeld",
      "name": "Radfeld"
    },
    {
      "id": "radstadt",
      "name": "Radstadt"
    },
    {
      "id": "ramsau-im-zillertal",
      "name": "Ramsau im Zillertal"
    },
    {
      "id": "randegg",
      "name": "Randegg"
    },
    {
      "id": "rangersdorf",
      "name": "Rangersdorf"
    },
    {
      "id": "rankweil",
      "name": "Rankweil"
    },
    {
      "id": "rannersdorf",
      "name": "Rannersdorf"
    },
    {
      "id": "rappoltenkirchen",
      "name": "Rappoltenkirchen"
    },
    {
      "id": "rauchenwarth",
      "name": "Rauchenwarth"
    },
    {
      "id": "rauris",
      "name": "Rauris"
    },
    {
      "id": "redlham",
      "name": "Redlham"
    },
    {
      "id": "regau",
      "name": "Regau"
    },
    {
      "id": "regelsbrunn",
      "name": "Regelsbrunn"
    },
    {
      "id": "reichenau-an-der-rax",
      "name": "Reichenau an der Rax"
    },
    {
      "id": "reichenau-im-muhlkreis",
      "name": "Reichenau im Muhlkreis"
    },
    {
      "id": "reichendorf",
      "name": "Reichendorf"
    },
    {
      "id": "reichraming",
      "name": "Reichraming"
    },
    {
      "id": "reifnitz",
      "name": "Reifnitz"
    },
    {
      "id": "reisenberg",
      "name": "Reisenberg"
    },
    {
      "id": "reitdorf",
      "name": "Reitdorf"
    },
    {
      "id": "reith",
      "name": "Reith"
    },
    {
      "id": "reith-bei-seefeld",
      "name": "Reith bei Seefeld"
    },
    {
      "id": "reith-im-alpbachtal",
      "name": "Reith im Alpbachtal"
    },
    {
      "id": "rekawinkel",
      "name": "Rekawinkel"
    },
    {
      "id": "reutte",
      "name": "Reutte"
    },
    {
      "id": "ried-im-innkreis",
      "name": "Ried im Innkreis"
    },
    {
      "id": "ried-im-traunkreis",
      "name": "Ried im Traunkreis"
    },
    {
      "id": "ried-im-zillertal",
      "name": "Ried im Zillertal"
    },
    {
      "id": "ried-in-der-riedmark",
      "name": "Ried in der Riedmark"
    },
    {
      "id": "riedenthal",
      "name": "Riedenthal"
    },
    {
      "id": "rieding",
      "name": "Rieding"
    },
    {
      "id": "riedlingsdorf",
      "name": "Riedlingsdorf"
    },
    {
      "id": "riefensberg",
      "name": "Riefensberg"
    },
    {
      "id": "riegersburg",
      "name": "Riegersburg"
    },
    {
      "id": "riezlern",
      "name": "Riezlern"
    },
    {
      "id": "ringelsdorf",
      "name": "Ringelsdorf"
    },
    {
      "id": "rinn",
      "name": "Rinn"
    },
    {
      "id": "rohrau",
      "name": "Rohrau"
    },
    {
      "id": "rohrbach-am-kulm",
      "name": "Rohrbach am Kulm"
    },
    {
      "id": "rohrbach-am-steinfelde",
      "name": "Rohrbach am Steinfelde"
    },
    {
      "id": "rohrbach-in-oberosterreich",
      "name": "Rohrbach in Oberosterreich"
    },
    {
      "id": "rohrmoos",
      "name": "Rohrmoos"
    },
    {
      "id": "roppen",
      "name": "Roppen"
    },
    {
      "id": "rosegg",
      "name": "Rosegg"
    },
    {
      "id": "rosenau-am-hengstpass",
      "name": "Rosenau am Hengstpass"
    },
    {
      "id": "rosenbach",
      "name": "Rosenbach"
    },
    {
      "id": "rosental",
      "name": "Rosental"
    },
    {
      "id": "rotenbach",
      "name": "Rotenbach"
    },
    {
      "id": "rothis",
      "name": "Rothis"
    },
    {
      "id": "rotholz",
      "name": "Rotholz"
    },
    {
      "id": "rottenbach",
      "name": "Rottenbach"
    },
    {
      "id": "rottenmann",
      "name": "Rottenmann"
    },
    {
      "id": "rubring",
      "name": "Rubring"
    },
    {
      "id": "ruden",
      "name": "Ruden"
    },
    {
      "id": "rudersdorf",
      "name": "Rudersdorf"
    },
    {
      "id": "rum",
      "name": "Rum"
    },
    {
      "id": "rutzenmoos",
      "name": "Rutzenmoos"
    },
    {
      "id": "saalbach",
      "name": "Saalbach"
    },
    {
      "id": "saalfelden-am-steinernen-meer",
      "name": "Saalfelden am Steinernen Meer"
    },
    {
      "id": "sachendorf",
      "name": "Sachendorf"
    },
    {
      "id": "sachsenburg",
      "name": "Sachsenburg"
    },
    {
      "id": "saint-anton",
      "name": "Saint Anton"
    },
    {
      "id": "salzburg",
      "name": "Salzburg"
    },
    {
      "id": "sankt-agatha",
      "name": "Sankt Agatha"
    },
    {
      "id": "sankt-andra-am-zicksee",
      "name": "Sankt Andra am Zicksee"
    },
    {
      "id": "sankt-andrae",
      "name": "Sankt Andrae"
    },
    {
      "id": "sankt-florian",
      "name": "Sankt Florian"
    },
    {
      "id": "sankt-gallenkirch",
      "name": "Sankt Gallenkirch"
    },
    {
      "id": "sankt-georgen-am-ybbsfelde",
      "name": "Sankt Georgen am Ybbsfelde"
    },
    {
      "id": "sankt-georgen-im-attergau",
      "name": "Sankt Georgen im Attergau"
    },
    {
      "id": "sankt-johann-im-pongau",
      "name": "Sankt Johann im Pongau"
    },
    {
      "id": "sankt-kanzian",
      "name": "Sankt Kanzian"
    },
    {
      "id": "sankt-kathrein-am-hauenstein",
      "name": "Sankt Kathrein am Hauenstein"
    },
    {
      "id": "sankt-lorenzen",
      "name": "Sankt Lorenzen"
    },
    {
      "id": "sankt-lorenzen-im-muerztal",
      "name": "Sankt Lorenzen im Muerztal"
    },
    {
      "id": "sankt-margarethen-im-burgenland",
      "name": "Sankt Margarethen im Burgenland"
    },
    {
      "id": "sankt-marienkirchen-am-hausruck",
      "name": "Sankt Marienkirchen am Hausruck"
    },
    {
      "id": "sankt-martin-am-techelsberg",
      "name": "Sankt Martin am Techelsberg"
    },
    {
      "id": "sankt-martin-am-ybbsfelde",
      "name": "Sankt Martin am Ybbsfelde"
    },
    {
      "id": "sankt-michael-im-burgenland",
      "name": "Sankt Michael im Burgenland"
    },
    {
      "id": "sankt-michael-in-obersteiermark",
      "name": "Sankt Michael in Obersteiermark"
    },
    {
      "id": "sankt-oswald",
      "name": "Sankt Oswald"
    },
    {
      "id": "sankt-pankraz",
      "name": "Sankt Pankraz"
    },
    {
      "id": "sankt-peter",
      "name": "Sankt Peter"
    },
    {
      "id": "sankt-polten",
      "name": "Sankt Polten"
    },
    {
      "id": "sankt-ruprecht-an-der-raab",
      "name": "Sankt Ruprecht an der Raab"
    },
    {
      "id": "sankt-stefan-im-rosental",
      "name": "Sankt Stefan im Rosental"
    },
    {
      "id": "sankt-ulrich-bei-steyr",
      "name": "Sankt Ulrich bei Steyr"
    },
    {
      "id": "sankt-valentin",
      "name": "Sankt Valentin"
    },
    {
      "id": "sankt-veit-an-der-glan",
      "name": "Sankt Veit an der Glan"
    },
    {
      "id": "sankt-veit-im-pongau",
      "name": "Sankt Veit im Pongau"
    },
    {
      "id": "sankt-wolfgang",
      "name": "Sankt Wolfgang"
    },
    {
      "id": "sarleinsbach",
      "name": "Sarleinsbach"
    },
    {
      "id": "satteins",
      "name": "Satteins"
    },
    {
      "id": "sauerbrunn",
      "name": "Sauerbrunn"
    },
    {
      "id": "sausenstein",
      "name": "Sausenstein"
    },
    {
      "id": "schachendorf",
      "name": "Schachendorf"
    },
    {
      "id": "schalchen",
      "name": "Schalchen"
    },
    {
      "id": "schardenberg",
      "name": "Schardenberg"
    },
    {
      "id": "scharding",
      "name": "Scharding"
    },
    {
      "id": "scharnstein",
      "name": "Scharnstein"
    },
    {
      "id": "scharten",
      "name": "Scharten"
    },
    {
      "id": "schattendorf",
      "name": "Schattendorf"
    },
    {
      "id": "scheffau-am-wilden-kaiser",
      "name": "Scheffau am Wilden Kaiser"
    },
    {
      "id": "scheifling",
      "name": "Scheifling"
    },
    {
      "id": "schiefling-am-see",
      "name": "Schiefling am See"
    },
    {
      "id": "schladming",
      "name": "Schladming"
    },
    {
      "id": "schleinbach",
      "name": "Schleinbach"
    },
    {
      "id": "schlierbach",
      "name": "Schlierbach"
    },
    {
      "id": "schlins",
      "name": "Schlins"
    },
    {
      "id": "schlitters",
      "name": "Schlitters"
    },
    {
      "id": "schmirn",
      "name": "Schmirn"
    },
    {
      "id": "schneeberg",
      "name": "Schneeberg"
    },
    {
      "id": "schoenau",
      "name": "Schoenau"
    },
    {
      "id": "schoenberg-im-stubaital",
      "name": "Schoenberg im Stubaital"
    },
    {
      "id": "schoerfling",
      "name": "Schoerfling"
    },
    {
      "id": "schonbuhel-an-der-donau",
      "name": "Schonbuhel an der Donau"
    },
    {
      "id": "schongrabern",
      "name": "Schongrabern"
    },
    {
      "id": "schonkirchen",
      "name": "Schonkirchen"
    },
    {
      "id": "schoppernau",
      "name": "Schoppernau"
    },
    {
      "id": "schrems",
      "name": "Schrems"
    },
    {
      "id": "schruns",
      "name": "Schruns"
    },
    {
      "id": "schutzen-am-gebirge",
      "name": "Schutzen am Gebirge"
    },
    {
      "id": "schwadorf",
      "name": "Schwadorf"
    },
    {
      "id": "schwaigs",
      "name": "Schwaigs"
    },
    {
      "id": "schwanberg",
      "name": "Schwanberg"
    },
    {
      "id": "schwanenstadt",
      "name": "Schwanenstadt"
    },
    {
      "id": "schwarzach",
      "name": "Schwarzach"
    },
    {
      "id": "schwarzach-im-pongau",
      "name": "Schwarzach im Pongau"
    },
    {
      "id": "schwarzau-am-steinfelde",
      "name": "Schwarzau am Steinfelde"
    },
    {
      "id": "schwarzau-im-gebirge",
      "name": "Schwarzau im Gebirge"
    },
    {
      "id": "schwarzenau",
      "name": "Schwarzenau"
    },
    {
      "id": "schwarzenberg-am-boehmerwald",
      "name": "Schwarzenberg am Boehmerwald"
    },
    {
      "id": "schwaz",
      "name": "Schwaz"
    },
    {
      "id": "schwechat",
      "name": "Schwechat"
    },
    {
      "id": "schweiggers",
      "name": "Schweiggers"
    },
    {
      "id": "schwendau",
      "name": "Schwendau"
    },
    {
      "id": "schwertberg",
      "name": "Schwertberg"
    },
    {
      "id": "schwoich",
      "name": "Schwoich"
    },
    {
      "id": "sebersdorf",
      "name": "Sebersdorf"
    },
    {
      "id": "seckau",
      "name": "Seckau"
    },
    {
      "id": "seeboden",
      "name": "Seeboden"
    },
    {
      "id": "seefeld-in-tirol",
      "name": "Seefeld in Tirol"
    },
    {
      "id": "seeham",
      "name": "Seeham"
    },
    {
      "id": "seekirchen-am-wallersee",
      "name": "Seekirchen am Wallersee"
    },
    {
      "id": "seewalchen",
      "name": "Seewalchen"
    },
    {
      "id": "seiersberg",
      "name": "Seiersberg"
    },
    {
      "id": "seitenstetten-markt",
      "name": "Seitenstetten Markt"
    },
    {
      "id": "semmering",
      "name": "Semmering"
    },
    {
      "id": "semriach",
      "name": "Semriach"
    },
    {
      "id": "serfaus",
      "name": "Serfaus"
    },
    {
      "id": "sernau",
      "name": "Sernau"
    },
    {
      "id": "sibratsgfall",
      "name": "Sibratsgfall"
    },
    {
      "id": "siebenhirten",
      "name": "Siebenhirten"
    },
    {
      "id": "siegendorf-im-burgenland",
      "name": "Siegendorf im Burgenland"
    },
    {
      "id": "sieghartskirchen",
      "name": "Sieghartskirchen"
    },
    {
      "id": "sierndorf",
      "name": "Sierndorf"
    },
    {
      "id": "sierning",
      "name": "Sierning"
    },
    {
      "id": "siezenheim",
      "name": "Siezenheim"
    },
    {
      "id": "sillian",
      "name": "Sillian"
    },
    {
      "id": "silz",
      "name": "Silz"
    },
    {
      "id": "sinabelkirchen",
      "name": "Sinabelkirchen"
    },
    {
      "id": "sinnersdorf",
      "name": "Sinnersdorf"
    },
    {
      "id": "sipbachzell",
      "name": "Sipbachzell"
    },
    {
      "id": "sirnitz",
      "name": "Sirnitz"
    },
    {
      "id": "sistrans",
      "name": "Sistrans"
    },
    {
      "id": "sitzenberg",
      "name": "Sitzenberg"
    },
    {
      "id": "solden",
      "name": "Solden"
    },
    {
      "id": "soll",
      "name": "Soll"
    },
    {
      "id": "sollenau",
      "name": "Sollenau"
    },
    {
      "id": "sommerein",
      "name": "Sommerein"
    },
    {
      "id": "sooss",
      "name": "Sooss"
    },
    {
      "id": "spielberg-bei-knittelfeld",
      "name": "Spielberg bei Knittelfeld"
    },
    {
      "id": "spillern",
      "name": "Spillern"
    },
    {
      "id": "spital-am-pyhrn",
      "name": "Spital am Pyhrn"
    },
    {
      "id": "spittal-an-der-drau",
      "name": "Spittal an der Drau"
    },
    {
      "id": "spitz",
      "name": "Spitz"
    },
    {
      "id": "spratzern",
      "name": "Spratzern"
    },
    {
      "id": "staatz",
      "name": "Staatz"
    },
    {
      "id": "stadelbach",
      "name": "Stadelbach"
    },
    {
      "id": "stadl-paura",
      "name": "Stadl-Paura"
    },
    {
      "id": "stadtschlaining",
      "name": "Stadtschlaining"
    },
    {
      "id": "stainz",
      "name": "Stainz"
    },
    {
      "id": "stainz-bei-straden",
      "name": "Stainz bei Straden"
    },
    {
      "id": "stams",
      "name": "Stams"
    },
    {
      "id": "stans",
      "name": "Stans"
    },
    {
      "id": "stattegg",
      "name": "Stattegg"
    },
    {
      "id": "statzendorf",
      "name": "Statzendorf"
    },
    {
      "id": "steg",
      "name": "Steg"
    },
    {
      "id": "stegersbach",
      "name": "Stegersbach"
    },
    {
      "id": "stein-an-der-donau",
      "name": "Stein an der Donau"
    },
    {
      "id": "stein-an-der-enns",
      "name": "Stein an der Enns"
    },
    {
      "id": "stein-im-jauntal",
      "name": "Stein im Jauntal"
    },
    {
      "id": "steinabruckl",
      "name": "Steinabruckl"
    },
    {
      "id": "steinach-am-brenner",
      "name": "Steinach am Brenner"
    },
    {
      "id": "steinakirchen-am-forst",
      "name": "Steinakirchen am Forst"
    },
    {
      "id": "steinberg-bei-ligist",
      "name": "Steinberg bei Ligist"
    },
    {
      "id": "steindorf-am-ossiacher-see",
      "name": "Steindorf am Ossiacher See"
    },
    {
      "id": "steinerberg",
      "name": "Steinerberg"
    },
    {
      "id": "steinerkirchen-an-der-traun",
      "name": "Steinerkirchen an der Traun"
    },
    {
      "id": "steinfeld",
      "name": "Steinfeld"
    },
    {
      "id": "steinhaus",
      "name": "Steinhaus"
    },
    {
      "id": "steinhaus-am-semmering",
      "name": "Steinhaus am Semmering"
    },
    {
      "id": "stettenhof",
      "name": "Stettenhof"
    },
    {
      "id": "steyr",
      "name": "Steyr"
    },
    {
      "id": "steyregg",
      "name": "Steyregg"
    },
    {
      "id": "stiegl",
      "name": "Stiegl"
    },
    {
      "id": "stockerau",
      "name": "Stockerau"
    },
    {
      "id": "stoob",
      "name": "Stoob"
    },
    {
      "id": "straden",
      "name": "Straden"
    },
    {
      "id": "strass",
      "name": "Strass"
    },
    {
      "id": "strassen",
      "name": "Strassen"
    },
    {
      "id": "strassengel",
      "name": "Strassengel"
    },
    {
      "id": "strasshof-an-der-nordbahn",
      "name": "Strasshof an der Nordbahn"
    },
    {
      "id": "strasswalchen",
      "name": "Strasswalchen"
    },
    {
      "id": "strau",
      "name": "Strau"
    },
    {
      "id": "strobl",
      "name": "Strobl"
    },
    {
      "id": "stubach",
      "name": "Stubach"
    },
    {
      "id": "stubenberg",
      "name": "Stubenberg"
    },
    {
      "id": "studenzen",
      "name": "Studenzen"
    },
    {
      "id": "stuhlfelden",
      "name": "Stuhlfelden"
    },
    {
      "id": "stuhlsdorf",
      "name": "Stuhlsdorf"
    },
    {
      "id": "stumm",
      "name": "Stumm"
    },
    {
      "id": "stummerberg",
      "name": "Stummerberg"
    },
    {
      "id": "sulz",
      "name": "Sulz"
    },
    {
      "id": "sulz-im-wienerwald",
      "name": "Sulz im Wienerwald"
    },
    {
      "id": "sulzau",
      "name": "Sulzau"
    },
    {
      "id": "sulzberg",
      "name": "Sulzberg"
    },
    {
      "id": "tadten",
      "name": "Tadten"
    },
    {
      "id": "tal",
      "name": "Tal"
    },
    {
      "id": "tamsweg",
      "name": "Tamsweg"
    },
    {
      "id": "tannheim",
      "name": "Tannheim"
    },
    {
      "id": "tarrenz",
      "name": "Tarrenz"
    },
    {
      "id": "tattendorf",
      "name": "Tattendorf"
    },
    {
      "id": "taufkirchen-an-der-pram",
      "name": "Taufkirchen an der Pram"
    },
    {
      "id": "taufkirchen-an-der-trattnach",
      "name": "Taufkirchen an der Trattnach"
    },
    {
      "id": "tauplitz",
      "name": "Tauplitz"
    },
    {
      "id": "taxenbach",
      "name": "Taxenbach"
    },
    {
      "id": "telfes-im-stubai",
      "name": "Telfes im Stubai"
    },
    {
      "id": "telfs",
      "name": "Telfs"
    },
    {
      "id": "ternberg",
      "name": "Ternberg"
    },
    {
      "id": "ternitz",
      "name": "Ternitz"
    },
    {
      "id": "teufenbach",
      "name": "Teufenbach"
    },
    {
      "id": "thal",
      "name": "Thal"
    },
    {
      "id": "thalgau",
      "name": "Thalgau"
    },
    {
      "id": "thalheim-bei-wels",
      "name": "Thalheim bei Wels"
    },
    {
      "id": "thalling",
      "name": "Thalling"
    },
    {
      "id": "thaur",
      "name": "Thaur"
    },
    {
      "id": "thaya",
      "name": "Thaya"
    },
    {
      "id": "theresienfeld",
      "name": "Theresienfeld"
    },
    {
      "id": "thoerl",
      "name": "Thoerl"
    },
    {
      "id": "thuringen",
      "name": "Thuringen"
    },
    {
      "id": "tiefenbach",
      "name": "Tiefenbach"
    },
    {
      "id": "tiefgraben",
      "name": "Tiefgraben"
    },
    {
      "id": "tieschen",
      "name": "Tieschen"
    },
    {
      "id": "tirol",
      "name": "Tirol"
    },
    {
      "id": "tobaj",
      "name": "Tobaj"
    },
    {
      "id": "toeschling",
      "name": "Toeschling"
    },
    {
      "id": "toesenssteinach",
      "name": "Toesenssteinach"
    },
    {
      "id": "traboch",
      "name": "Traboch"
    },
    {
      "id": "traisen",
      "name": "Traisen"
    },
    {
      "id": "traiskirchen",
      "name": "Traiskirchen"
    },
    {
      "id": "traismauer",
      "name": "Traismauer"
    },
    {
      "id": "trasdorf",
      "name": "Trasdorf"
    },
    {
      "id": "traun",
      "name": "Traun"
    },
    {
      "id": "traunkirchen",
      "name": "Traunkirchen"
    },
    {
      "id": "traunstein",
      "name": "Traunstein"
    },
    {
      "id": "trausdorf-an-der-wulka",
      "name": "Trausdorf an der Wulka"
    },
    {
      "id": "trautmannsdorf-an-der-leitha",
      "name": "Trautmannsdorf an der Leitha"
    },
    {
      "id": "tribuswinkel",
      "name": "Tribuswinkel"
    },
    {
      "id": "trieben",
      "name": "Trieben"
    },
    {
      "id": "tristach",
      "name": "Tristach"
    },
    {
      "id": "troepolach",
      "name": "Troepolach"
    },
    {
      "id": "trofaiach",
      "name": "Trofaiach"
    },
    {
      "id": "trumau",
      "name": "Trumau"
    },
    {
      "id": "tschagguns",
      "name": "Tschagguns"
    },
    {
      "id": "tschoeran",
      "name": "Tschoeran"
    },
    {
      "id": "tulln",
      "name": "Tulln"
    },
    {
      "id": "tullnerbach-lawies",
      "name": "Tullnerbach-Lawies"
    },
    {
      "id": "tumeltsham",
      "name": "Tumeltsham"
    },
    {
      "id": "turnitz",
      "name": "Turnitz"
    },
    {
      "id": "turrach",
      "name": "Turrach"
    },
    {
      "id": "tweng",
      "name": "Tweng"
    },
    {
      "id": "uderns",
      "name": "Uderns"
    },
    {
      "id": "ulmerfeld",
      "name": "Ulmerfeld"
    },
    {
      "id": "ulrichsberg",
      "name": "Ulrichsberg"
    },
    {
      "id": "ulrichskirchen",
      "name": "Ulrichskirchen"
    },
    {
      "id": "ungenach",
      "name": "Ungenach"
    },
    {
      "id": "unterberg",
      "name": "Unterberg"
    },
    {
      "id": "untergrub",
      "name": "Untergrub"
    },
    {
      "id": "unterjoch",
      "name": "Unterjoch"
    },
    {
      "id": "unterlamm",
      "name": "Unterlamm"
    },
    {
      "id": "unterparschenbrunn",
      "name": "Unterparschenbrunn"
    },
    {
      "id": "unterpremstatten",
      "name": "Unterpremstatten"
    },
    {
      "id": "unterpullendorf",
      "name": "Unterpullendorf"
    },
    {
      "id": "unterpurkla",
      "name": "Unterpurkla"
    },
    {
      "id": "unterradlberg",
      "name": "Unterradlberg"
    },
    {
      "id": "unterrohr",
      "name": "Unterrohr"
    },
    {
      "id": "untersiebenbrunn",
      "name": "Untersiebenbrunn"
    },
    {
      "id": "unterwaltersdorf",
      "name": "Unterwaltersdorf"
    },
    {
      "id": "unterweitersdorf",
      "name": "Unterweitersdorf"
    },
    {
      "id": "unzmarkt",
      "name": "Unzmarkt"
    },
    {
      "id": "uttendorf",
      "name": "Uttendorf"
    },
    {
      "id": "utzenaich",
      "name": "Utzenaich"
    },
    {
      "id": "veitsch",
      "name": "Veitsch"
    },
    {
      "id": "velden-am-woerthersee",
      "name": "Velden am Woerthersee"
    },
    {
      "id": "vent",
      "name": "Vent"
    },
    {
      "id": "vienna",
      "name": "Vienna"
    },
    {
      "id": "vigaun",
      "name": "Vigaun"
    },
    {
      "id": "viktorsberg",
      "name": "Viktorsberg"
    },
    {
      "id": "viktring",
      "name": "Viktring"
    },
    {
      "id": "villach",
      "name": "Villach"
    },
    {
      "id": "virgen",
      "name": "Virgen"
    },
    {
      "id": "vitis",
      "name": "Vitis"
    },
    {
      "id": "vocklabruck",
      "name": "Vocklabruck"
    },
    {
      "id": "vocklamarkt",
      "name": "Vocklamarkt"
    },
    {
      "id": "voelkermarkt",
      "name": "Voelkermarkt"
    },
    {
      "id": "voitsberg",
      "name": "Voitsberg"
    },
    {
      "id": "volders",
      "name": "Volders"
    },
    {
      "id": "vols",
      "name": "Vols"
    },
    {
      "id": "vorau",
      "name": "Vorau"
    },
    {
      "id": "vorchdorf",
      "name": "Vorchdorf"
    },
    {
      "id": "vorderlanersbach",
      "name": "Vorderlanersbach"
    },
    {
      "id": "vordernberg",
      "name": "Vordernberg"
    },
    {
      "id": "vosendorf",
      "name": "Vosendorf"
    },
    {
      "id": "wagna",
      "name": "Wagna"
    },
    {
      "id": "wagrain",
      "name": "Wagrain"
    },
    {
      "id": "waidhofen-an-der-thaya",
      "name": "Waidhofen an der Thaya"
    },
    {
      "id": "waidhofen-an-der-ybbs",
      "name": "Waidhofen an der Ybbs"
    },
    {
      "id": "waidmannsfeld",
      "name": "Waidmannsfeld"
    },
    {
      "id": "waidring",
      "name": "Waidring"
    },
    {
      "id": "waizenkirchen",
      "name": "Waizenkirchen"
    },
    {
      "id": "walbersdorf",
      "name": "Walbersdorf"
    },
    {
      "id": "walchsee",
      "name": "Walchsee"
    },
    {
      "id": "wald-am-arlberg",
      "name": "Wald am Arlberg"
    },
    {
      "id": "waldenstein",
      "name": "Waldenstein"
    },
    {
      "id": "walding",
      "name": "Walding"
    },
    {
      "id": "waldkirchen-am-wesen",
      "name": "Waldkirchen am Wesen"
    },
    {
      "id": "waldzell",
      "name": "Waldzell"
    },
    {
      "id": "wallern-an-der-trattnach",
      "name": "Wallern an der Trattnach"
    },
    {
      "id": "wallern-im-burgenland",
      "name": "Wallern im Burgenland"
    },
    {
      "id": "wallsee",
      "name": "Wallsee"
    },
    {
      "id": "wals",
      "name": "Wals"
    },
    {
      "id": "waltersdorf-an-der-march",
      "name": "Waltersdorf an der March"
    },
    {
      "id": "waltersdorf-in-oststeiermark",
      "name": "Waltersdorf in Oststeiermark"
    },
    {
      "id": "wampersdorf",
      "name": "Wampersdorf"
    },
    {
      "id": "wang",
      "name": "Wang"
    },
    {
      "id": "wangle",
      "name": "Wangle"
    },
    {
      "id": "wartberg",
      "name": "Wartberg"
    },
    {
      "id": "wartberg-an-der-krems",
      "name": "Wartberg an der Krems"
    },
    {
      "id": "warth",
      "name": "Warth"
    },
    {
      "id": "wattens",
      "name": "Wattens"
    },
    {
      "id": "watzelsdorf",
      "name": "Watzelsdorf"
    },
    {
      "id": "watzendorf",
      "name": "Watzendorf"
    },
    {
      "id": "waxenberg",
      "name": "Waxenberg"
    },
    {
      "id": "weibern",
      "name": "Weibern"
    },
    {
      "id": "weiden-am-see",
      "name": "Weiden am See"
    },
    {
      "id": "weigelsdorf",
      "name": "Weigelsdorf"
    },
    {
      "id": "weikendorf",
      "name": "Weikendorf"
    },
    {
      "id": "weikersdorf-am-steinfelde",
      "name": "Weikersdorf am Steinfelde"
    },
    {
      "id": "weilbach",
      "name": "Weilbach"
    },
    {
      "id": "weiler",
      "name": "Weiler"
    },
    {
      "id": "weinburg-am-sassbach",
      "name": "Weinburg am Sassbach"
    },
    {
      "id": "weissbriach",
      "name": "Weissbriach"
    },
    {
      "id": "weissenbach-am-lech",
      "name": "Weissenbach am Lech"
    },
    {
      "id": "weissenkirchen-in-der-wachau",
      "name": "Weissenkirchen in der Wachau"
    },
    {
      "id": "weisskirchen-an-der-traun",
      "name": "Weisskirchen an der Traun"
    },
    {
      "id": "weisskirchen-in-steiermark",
      "name": "Weisskirchen in Steiermark"
    },
    {
      "id": "weiten",
      "name": "Weiten"
    },
    {
      "id": "weitersfeld",
      "name": "Weitersfeld"
    },
    {
      "id": "weitra",
      "name": "Weitra"
    },
    {
      "id": "weiz",
      "name": "Weiz"
    },
    {
      "id": "wels",
      "name": "Wels"
    },
    {
      "id": "weng-bei-admont",
      "name": "Weng bei Admont"
    },
    {
      "id": "weng-im-innkreis",
      "name": "Weng im Innkreis"
    },
    {
      "id": "wenns",
      "name": "Wenns"
    },
    {
      "id": "weppersdorf",
      "name": "Weppersdorf"
    },
    {
      "id": "werfen",
      "name": "Werfen"
    },
    {
      "id": "werfenweng",
      "name": "Werfenweng"
    },
    {
      "id": "werndorf",
      "name": "Werndorf"
    },
    {
      "id": "wernstein-am-inn",
      "name": "Wernstein am Inn"
    },
    {
      "id": "westendorf",
      "name": "Westendorf"
    },
    {
      "id": "wettmannstatten",
      "name": "Wettmannstatten"
    },
    {
      "id": "wiener-neudorf",
      "name": "Wiener Neudorf"
    },
    {
      "id": "wiener-neustadt",
      "name": "Wiener Neustadt"
    },
    {
      "id": "wienerherberg",
      "name": "Wienerherberg"
    },
    {
      "id": "wies",
      "name": "Wies"
    },
    {
      "id": "wieselburg",
      "name": "Wieselburg"
    },
    {
      "id": "wiesing",
      "name": "Wiesing"
    },
    {
      "id": "wiesmath",
      "name": "Wiesmath"
    },
    {
      "id": "wieting",
      "name": "Wieting"
    },
    {
      "id": "wildon",
      "name": "Wildon"
    },
    {
      "id": "wilfleinsdorf",
      "name": "Wilfleinsdorf"
    },
    {
      "id": "wilhelmsburg",
      "name": "Wilhelmsburg"
    },
    {
      "id": "wilhering",
      "name": "Wilhering"
    },
    {
      "id": "wimpassing-an-der-leitha",
      "name": "Wimpassing an der Leitha"
    },
    {
      "id": "wimpassing-im-schwarzatale",
      "name": "Wimpassing im Schwarzatale"
    },
    {
      "id": "winden-am-see",
      "name": "Winden am See"
    },
    {
      "id": "windischgarsten",
      "name": "Windischgarsten"
    },
    {
      "id": "winkl",
      "name": "Winkl"
    },
    {
      "id": "winzendorf",
      "name": "Winzendorf"
    },
    {
      "id": "woelfnitz",
      "name": "Woelfnitz"
    },
    {
      "id": "wolfau",
      "name": "Wolfau"
    },
    {
      "id": "wolfpassing",
      "name": "Wolfpassing"
    },
    {
      "id": "wolfsberg",
      "name": "Wolfsberg"
    },
    {
      "id": "wolfsgraben",
      "name": "Wolfsgraben"
    },
    {
      "id": "wolfurt",
      "name": "Wolfurt"
    },
    {
      "id": "wolkersdorf-im-weinviertel",
      "name": "Wolkersdorf im Weinviertel"
    },
    {
      "id": "wollersdorf",
      "name": "Wollersdorf"
    },
    {
      "id": "wordern",
      "name": "Wordern"
    },
    {
      "id": "worgl",
      "name": "Worgl"
    },
    {
      "id": "wulkaprodersdorf",
      "name": "Wulkaprodersdorf"
    },
    {
      "id": "wundschuh",
      "name": "Wundschuh"
    },
    {
      "id": "wurflach",
      "name": "Wurflach"
    },
    {
      "id": "wurmbrand",
      "name": "Wurmbrand"
    },
    {
      "id": "ybbs-an-der-donau",
      "name": "Ybbs an der Donau"
    },
    {
      "id": "ybbsitz",
      "name": "Ybbsitz"
    },
    {
      "id": "zams",
      "name": "Zams"
    },
    {
      "id": "zeillern",
      "name": "Zeillern"
    },
    {
      "id": "zeiselmauer",
      "name": "Zeiselmauer"
    },
    {
      "id": "zell-am-moos",
      "name": "Zell am Moos"
    },
    {
      "id": "zell-am-see",
      "name": "Zell am See"
    },
    {
      "id": "zell-am-ziller",
      "name": "Zell am Ziller"
    },
    {
      "id": "zell-an-der-ybbs",
      "name": "Zell an der Ybbs"
    },
    {
      "id": "zellerndorf",
      "name": "Zellerndorf"
    },
    {
      "id": "zeltweg",
      "name": "Zeltweg"
    },
    {
      "id": "zemendorf",
      "name": "Zemendorf"
    },
    {
      "id": "zettling",
      "name": "Zettling"
    },
    {
      "id": "ziersdorf",
      "name": "Ziersdorf"
    },
    {
      "id": "zillingdorf",
      "name": "Zillingdorf"
    },
    {
      "id": "zillingtal",
      "name": "Zillingtal"
    },
    {
      "id": "zipf",
      "name": "Zipf"
    },
    {
      "id": "zirl",
      "name": "Zirl"
    },
    {
      "id": "zistersdorf",
      "name": "Zistersdorf"
    },
    {
      "id": "zobing",
      "name": "Zobing"
    },
    {
      "id": "zuers",
      "name": "Zuers"
    },
    {
      "id": "zurndorf",
      "name": "Zurndorf"
    },
    {
      "id": "zwentendorf",
      "name": "Zwentendorf"
    },
    {
      "id": "zwettl-stadt",
      "name": "Zwettl Stadt"
    },
    {
      "id": "zwolfaxing",
      "name": "Zwolfaxing"
    }
  ]
}