{
  "coid": "BE",
  "cities": [
    {
      "id": "aalbeke",
      "name": "Aalbeke"
    },
    {
      "id": "aalst",
      "name": "Aalst"
    },
    {
      "id": "aalter",
      "name": "Aalter"
    },
    {
      "id": "aarschot",
      "name": "Aarschot"
    },
    {
      "id": "aarsele",
      "name": "Aarsele"
    },
    {
      "id": "aartrijke",
      "name": "Aartrijke"
    },
    {
      "id": "aartselaar",
      "name": "Aartselaar"
    },
    {
      "id": "achel",
      "name": "Achel"
    },
    {
      "id": "adegem",
      "name": "Adegem"
    },
    {
      "id": "adinkerke",
      "name": "Adinkerke"
    },
    {
      "id": "afsnee",
      "name": "Afsnee"
    },
    {
      "id": "agimont",
      "name": "Agimont"
    },
    {
      "id": "alken",
      "name": "Alken"
    },
    {
      "id": "alleur",
      "name": "Alleur"
    },
    {
      "id": "alsemberg",
      "name": "Alsemberg"
    },
    {
      "id": "alveringem",
      "name": "Alveringem"
    },
    {
      "id": "amay",
      "name": "Amay"
    },
    {
      "id": "ampsin",
      "name": "Ampsin"
    },
    {
      "id": "andenne",
      "name": "Andenne"
    },
    {
      "id": "anderlecht",
      "name": "Anderlecht"
    },
    {
      "id": "anderlues",
      "name": "Anderlues"
    },
    {
      "id": "andrimont",
      "name": "Andrimont"
    },
    {
      "id": "angleur",
      "name": "Angleur"
    },
    {
      "id": "ans",
      "name": "Ans"
    },
    {
      "id": "anseroeul",
      "name": "Anseroeul"
    },
    {
      "id": "anthisnes",
      "name": "Anthisnes"
    },
    {
      "id": "antwerp",
      "name": "Antwerp"
    },
    {
      "id": "anzegem",
      "name": "Anzegem"
    },
    {
      "id": "appels",
      "name": "Appels"
    },
    {
      "id": "appelterre-eichem",
      "name": "Appelterre-Eichem"
    },
    {
      "id": "arbrefontaine",
      "name": "Arbrefontaine"
    },
    {
      "id": "ardooie",
      "name": "Ardooie"
    },
    {
      "id": "arendonk",
      "name": "Arendonk"
    },
    {
      "id": "argenteau",
      "name": "Argenteau"
    },
    {
      "id": "arlon",
      "name": "Arlon"
    },
    {
      "id": "arquennes",
      "name": "Arquennes"
    },
    {
      "id": "arsimont",
      "name": "Arsimont"
    },
    {
      "id": "as",
      "name": "As"
    },
    {
      "id": "asse",
      "name": "Asse"
    },
    {
      "id": "assebroek",
      "name": "Assebroek"
    },
    {
      "id": "assenede",
      "name": "Assenede"
    },
    {
      "id": "assent",
      "name": "Assent"
    },
    {
      "id": "assesse",
      "name": "Assesse"
    },
    {
      "id": "astene",
      "name": "Astene"
    },
    {
      "id": "astenet",
      "name": "Astenet"
    },
    {
      "id": "ath",
      "name": "Ath"
    },
    {
      "id": "attenhoven",
      "name": "Attenhoven"
    },
    {
      "id": "attre",
      "name": "Attre"
    },
    {
      "id": "aubange",
      "name": "Aubange"
    },
    {
      "id": "aubel",
      "name": "Aubel"
    },
    {
      "id": "auderghem",
      "name": "Auderghem"
    },
    {
      "id": "auvelais",
      "name": "Auvelais"
    },
    {
      "id": "avekapelle",
      "name": "Avekapelle"
    },
    {
      "id": "avelgem",
      "name": "Avelgem"
    },
    {
      "id": "averbode",
      "name": "Averbode"
    },
    {
      "id": "awans",
      "name": "Awans"
    },
    {
      "id": "awirs",
      "name": "Awirs"
    },
    {
      "id": "aywaille",
      "name": "Aywaille"
    },
    {
      "id": "baal",
      "name": "Baal"
    },
    {
      "id": "baarle-hertog",
      "name": "Baarle-Hertog"
    },
    {
      "id": "baasrode",
      "name": "Baasrode"
    },
    {
      "id": "baelen",
      "name": "Baelen"
    },
    {
      "id": "baisy-thy",
      "name": "Baisy-Thy"
    },
    {
      "id": "balen",
      "name": "Balen"
    },
    {
      "id": "banneux",
      "name": "Banneux"
    },
    {
      "id": "barchon",
      "name": "Barchon"
    },
    {
      "id": "barry",
      "name": "Barry"
    },
    {
      "id": "basecles",
      "name": "Basecles"
    },
    {
      "id": "bassenge",
      "name": "Bassenge"
    },
    {
      "id": "bassevelde",
      "name": "Bassevelde"
    },
    {
      "id": "bastogne",
      "name": "Bastogne"
    },
    {
      "id": "battice",
      "name": "Battice"
    },
    {
      "id": "baudour",
      "name": "Baudour"
    },
    {
      "id": "bavegem",
      "name": "Bavegem"
    },
    {
      "id": "bavikhove",
      "name": "Bavikhove"
    },
    {
      "id": "bazel",
      "name": "Bazel"
    },
    {
      "id": "beaufays",
      "name": "Beaufays"
    },
    {
      "id": "beauvechain",
      "name": "Beauvechain"
    },
    {
      "id": "beernem",
      "name": "Beernem"
    },
    {
      "id": "beerse",
      "name": "Beerse"
    },
    {
      "id": "beersel",
      "name": "Beersel"
    },
    {
      "id": "beervelde",
      "name": "Beervelde"
    },
    {
      "id": "beerzel",
      "name": "Beerzel"
    },
    {
      "id": "beez",
      "name": "Beez"
    },
    {
      "id": "begijnendijk",
      "name": "Begijnendijk"
    },
    {
      "id": "beigem",
      "name": "Beigem"
    },
    {
      "id": "bekkevoort",
      "name": "Bekkevoort"
    },
    {
      "id": "belgrade",
      "name": "Belgrade"
    },
    {
      "id": "belle-fontaine",
      "name": "Belle Fontaine"
    },
    {
      "id": "bellem",
      "name": "Bellem"
    },
    {
      "id": "beloeil",
      "name": "Beloeil"
    },
    {
      "id": "belsele",
      "name": "Belsele"
    },
    {
      "id": "berchem",
      "name": "Berchem"
    },
    {
      "id": "berendrecht",
      "name": "Berendrecht"
    },
    {
      "id": "beringen",
      "name": "Beringen"
    },
    {
      "id": "berlaar",
      "name": "Berlaar"
    },
    {
      "id": "berlare",
      "name": "Berlare"
    },
    {
      "id": "bernissart",
      "name": "Bernissart"
    },
    {
      "id": "bertem",
      "name": "Bertem"
    },
    {
      "id": "bertrix",
      "name": "Bertrix"
    },
    {
      "id": "betekom",
      "name": "Betekom"
    },
    {
      "id": "bevel",
      "name": "Bevel"
    },
    {
      "id": "beveren",
      "name": "Beveren"
    },
    {
      "id": "beverlo",
      "name": "Beverlo"
    },
    {
      "id": "beyne-heusay",
      "name": "Beyne-Heusay"
    },
    {
      "id": "bierbeek",
      "name": "Bierbeek"
    },
    {
      "id": "biercee",
      "name": "Biercee"
    },
    {
      "id": "bierges",
      "name": "Bierges"
    },
    {
      "id": "bierset",
      "name": "Bierset"
    },
    {
      "id": "bilstain",
      "name": "Bilstain"
    },
    {
      "id": "bilzen",
      "name": "Bilzen"
    },
    {
      "id": "binche",
      "name": "Binche"
    },
    {
      "id": "bissegem",
      "name": "Bissegem"
    },
    {
      "id": "blaasveld",
      "name": "Blaasveld"
    },
    {
      "id": "blanden",
      "name": "Blanden"
    },
    {
      "id": "blankenberge",
      "name": "Blankenberge"
    },
    {
      "id": "blegny",
      "name": "Blegny"
    },
    {
      "id": "bocholt",
      "name": "Bocholt"
    },
    {
      "id": "boechout",
      "name": "Boechout"
    },
    {
      "id": "boezinge",
      "name": "Boezinge"
    },
    {
      "id": "boncelles",
      "name": "Boncelles"
    },
    {
      "id": "bonheiden",
      "name": "Bonheiden"
    },
    {
      "id": "bonlez",
      "name": "Bonlez"
    },
    {
      "id": "booischot",
      "name": "Booischot"
    },
    {
      "id": "boom",
      "name": "Boom"
    },
    {
      "id": "boorsem",
      "name": "Boorsem"
    },
    {
      "id": "boortmeerbeek",
      "name": "Boortmeerbeek"
    },
    {
      "id": "borchtlombeek",
      "name": "Borchtlombeek"
    },
    {
      "id": "borgerhout",
      "name": "Borgerhout"
    },
    {
      "id": "borgloon",
      "name": "Borgloon"
    },
    {
      "id": "bornem",
      "name": "Bornem"
    },
    {
      "id": "borsbeek",
      "name": "Borsbeek"
    },
    {
      "id": "borsbeke",
      "name": "Borsbeke"
    },
    {
      "id": "bouge",
      "name": "Bouge"
    },
    {
      "id": "bouillon",
      "name": "Bouillon"
    },
    {
      "id": "boussu",
      "name": "Boussu"
    },
    {
      "id": "bousval",
      "name": "Bousval"
    },
    {
      "id": "boutersem",
      "name": "Boutersem"
    },
    {
      "id": "bouwel",
      "name": "Bouwel"
    },
    {
      "id": "bovekerke",
      "name": "Bovekerke"
    },
    {
      "id": "bovesse",
      "name": "Bovesse"
    },
    {
      "id": "braine-le-chateau",
      "name": "Braine-le-Chateau"
    },
    {
      "id": "braine-le-comte",
      "name": "Braine-le-Comte"
    },
    {
      "id": "braives",
      "name": "Braives"
    },
    {
      "id": "brasmenil",
      "name": "Brasmenil"
    },
    {
      "id": "brasschaat",
      "name": "Brasschaat"
    },
    {
      "id": "brecht",
      "name": "Brecht"
    },
    {
      "id": "bredene",
      "name": "Bredene"
    },
    {
      "id": "bree",
      "name": "Bree"
    },
    {
      "id": "bressoux",
      "name": "Bressoux"
    },
    {
      "id": "broechem",
      "name": "Broechem"
    },
    {
      "id": "brugelette",
      "name": "Brugelette"
    },
    {
      "id": "bruges",
      "name": "Bruges"
    },
    {
      "id": "brussegem",
      "name": "Brussegem"
    },
    {
      "id": "brussels",
      "name": "Brussels"
    },
    {
      "id": "budingen",
      "name": "Budingen"
    },
    {
      "id": "buggenhout",
      "name": "Buggenhout"
    },
    {
      "id": "buizingen",
      "name": "Buizingen"
    },
    {
      "id": "bunsbeek",
      "name": "Bunsbeek"
    },
    {
      "id": "burcht",
      "name": "Burcht"
    },
    {
      "id": "burdinne",
      "name": "Burdinne"
    },
    {
      "id": "burst",
      "name": "Burst"
    },
    {
      "id": "butgenbach",
      "name": "Butgenbach"
    },
    {
      "id": "buvrinnes",
      "name": "Buvrinnes"
    },
    {
      "id": "carnieres",
      "name": "Carnieres"
    },
    {
      "id": "casteau",
      "name": "Casteau"
    },
    {
      "id": "celles",
      "name": "Celles"
    },
    {
      "id": "cerexhe-heuseux",
      "name": "Cerexhe-Heuseux"
    },
    {
      "id": "chapelle-lez-herlaimont",
      "name": "Chapelle-lez-Herlaimont"
    },
    {
      "id": "charleroi",
      "name": "Charleroi"
    },
    {
      "id": "charneux",
      "name": "Charneux"
    },
    {
      "id": "chastre",
      "name": "Chastre"
    },
    {
      "id": "chatelet",
      "name": "Chatelet"
    },
    {
      "id": "chatelineau",
      "name": "Chatelineau"
    },
    {
      "id": "chaudfontaine",
      "name": "Chaudfontaine"
    },
    {
      "id": "chaumont-gistoux",
      "name": "Chaumont-Gistoux"
    },
    {
      "id": "chaussee-notre-dame-louvignies",
      "name": "Chaussee-Notre-Dame-Louvignies"
    },
    {
      "id": "chenee",
      "name": "Chenee"
    },
    {
      "id": "chercq",
      "name": "Chercq"
    },
    {
      "id": "chevron",
      "name": "Chevron"
    },
    {
      "id": "chievres",
      "name": "Chievres"
    },
    {
      "id": "chimay",
      "name": "Chimay"
    },
    {
      "id": "chiny",
      "name": "Chiny"
    },
    {
      "id": "ciney",
      "name": "Ciney"
    },
    {
      "id": "ciplet",
      "name": "Ciplet"
    },
    {
      "id": "clavier",
      "name": "Clavier"
    },
    {
      "id": "colfontaine",
      "name": "Colfontaine"
    },
    {
      "id": "comblain-au-pont",
      "name": "Comblain-au-Pont"
    },
    {
      "id": "comines",
      "name": "Comines"
    },
    {
      "id": "coret",
      "name": "Coret"
    },
    {
      "id": "corroy-le-grand",
      "name": "Corroy-le-Grand"
    },
    {
      "id": "couillet",
      "name": "Couillet"
    },
    {
      "id": "cour-sur-heure",
      "name": "Cour-sur-Heure"
    },
    {
      "id": "courcelles",
      "name": "Courcelles"
    },
    {
      "id": "court-saint-etienne",
      "name": "Court-Saint-Etienne"
    },
    {
      "id": "couthuin",
      "name": "Couthuin"
    },
    {
      "id": "couvin",
      "name": "Couvin"
    },
    {
      "id": "crisnee",
      "name": "Crisnee"
    },
    {
      "id": "cuesmes",
      "name": "Cuesmes"
    },
    {
      "id": "dadizele",
      "name": "Dadizele"
    },
    {
      "id": "dalhem",
      "name": "Dalhem"
    },
    {
      "id": "damme",
      "name": "Damme"
    },
    {
      "id": "dampremy",
      "name": "Dampremy"
    },
    {
      "id": "dave",
      "name": "Dave"
    },
    {
      "id": "de-haan",
      "name": "De Haan"
    },
    {
      "id": "de-klinge",
      "name": "De Klinge"
    },
    {
      "id": "de-panne",
      "name": "De Panne"
    },
    {
      "id": "de-pinte",
      "name": "De Pinte"
    },
    {
      "id": "deerlijk",
      "name": "Deerlijk"
    },
    {
      "id": "deftinge",
      "name": "Deftinge"
    },
    {
      "id": "deinze",
      "name": "Deinze"
    },
    {
      "id": "denderbelle",
      "name": "Denderbelle"
    },
    {
      "id": "denderhoutem",
      "name": "Denderhoutem"
    },
    {
      "id": "denderleeuw",
      "name": "Denderleeuw"
    },
    {
      "id": "dendermonde",
      "name": "Dendermonde"
    },
    {
      "id": "dentergem",
      "name": "Dentergem"
    },
    {
      "id": "dessel",
      "name": "Dessel"
    },
    {
      "id": "desselgem",
      "name": "Desselgem"
    },
    {
      "id": "destelbergen",
      "name": "Destelbergen"
    },
    {
      "id": "deurle",
      "name": "Deurle"
    },
    {
      "id": "deurne",
      "name": "Deurne"
    },
    {
      "id": "diegem",
      "name": "Diegem"
    },
    {
      "id": "diepenbeek",
      "name": "Diepenbeek"
    },
    {
      "id": "diest",
      "name": "Diest"
    },
    {
      "id": "diksmuide",
      "name": "Diksmuide"
    },
    {
      "id": "dilbeek",
      "name": "Dilbeek"
    },
    {
      "id": "dilsen",
      "name": "Dilsen"
    },
    {
      "id": "dinant",
      "name": "Dinant"
    },
    {
      "id": "dison",
      "name": "Dison"
    },
    {
      "id": "donceel",
      "name": "Donceel"
    },
    {
      "id": "dongelberg",
      "name": "Dongelberg"
    },
    {
      "id": "dorinne",
      "name": "Dorinne"
    },
    {
      "id": "dottignies",
      "name": "Dottignies"
    },
    {
      "id": "dour",
      "name": "Dour"
    },
    {
      "id": "dranouter",
      "name": "Dranouter"
    },
    {
      "id": "drogenbos",
      "name": "Drogenbos"
    },
    {
      "id": "drongen",
      "name": "Drongen"
    },
    {
      "id": "dudzele",
      "name": "Dudzele"
    },
    {
      "id": "duffel",
      "name": "Duffel"
    },
    {
      "id": "duisburg",
      "name": "Duisburg"
    },
    {
      "id": "dworp",
      "name": "Dworp"
    },
    {
      "id": "ecaussinnes-lalaing",
      "name": "Ecaussinnes-Lalaing"
    },
    {
      "id": "edegem",
      "name": "Edegem"
    },
    {
      "id": "eeklo",
      "name": "Eeklo"
    },
    {
      "id": "eernegem",
      "name": "Eernegem"
    },
    {
      "id": "eghezee",
      "name": "Eghezee"
    },
    {
      "id": "eigenbilzen",
      "name": "Eigenbilzen"
    },
    {
      "id": "eke",
      "name": "Eke"
    },
    {
      "id": "ekeren",
      "name": "Ekeren"
    },
    {
      "id": "eksaarde",
      "name": "Eksaarde"
    },
    {
      "id": "eksel",
      "name": "Eksel"
    },
    {
      "id": "elen",
      "name": "Elen"
    },
    {
      "id": "elewijt",
      "name": "Elewijt"
    },
    {
      "id": "elingen",
      "name": "Elingen"
    },
    {
      "id": "ellezelles",
      "name": "Ellezelles"
    },
    {
      "id": "ellignies-sainte-anne",
      "name": "Ellignies-Sainte-Anne"
    },
    {
      "id": "elverdinge",
      "name": "Elverdinge"
    },
    {
      "id": "elversele",
      "name": "Elversele"
    },
    {
      "id": "emblem",
      "name": "Emblem"
    },
    {
      "id": "embourg",
      "name": "Embourg"
    },
    {
      "id": "emptinne",
      "name": "Emptinne"
    },
    {
      "id": "enghien",
      "name": "Enghien"
    },
    {
      "id": "engis",
      "name": "Engis"
    },
    {
      "id": "ensival",
      "name": "Ensival"
    },
    {
      "id": "eppegem",
      "name": "Eppegem"
    },
    {
      "id": "erbaut",
      "name": "Erbaut"
    },
    {
      "id": "erembodegem",
      "name": "Erembodegem"
    },
    {
      "id": "erezee",
      "name": "Erezee"
    },
    {
      "id": "erondegem",
      "name": "Erondegem"
    },
    {
      "id": "erpe",
      "name": "Erpe"
    },
    {
      "id": "erpent",
      "name": "Erpent"
    },
    {
      "id": "erps-kwerps",
      "name": "Erps-Kwerps"
    },
    {
      "id": "erquelinnes",
      "name": "Erquelinnes"
    },
    {
      "id": "ertvelde",
      "name": "Ertvelde"
    },
    {
      "id": "esneux",
      "name": "Esneux"
    },
    {
      "id": "essen",
      "name": "Essen"
    },
    {
      "id": "essene",
      "name": "Essene"
    },
    {
      "id": "estaimpuis",
      "name": "Estaimpuis"
    },
    {
      "id": "estinnes-au-val",
      "name": "Estinnes-au-Val"
    },
    {
      "id": "etalle",
      "name": "Etalle"
    },
    {
      "id": "etikhove",
      "name": "Etikhove"
    },
    {
      "id": "etterbeek",
      "name": "Etterbeek"
    },
    {
      "id": "eupen",
      "name": "Eupen"
    },
    {
      "id": "everbeek",
      "name": "Everbeek"
    },
    {
      "id": "everberg",
      "name": "Everberg"
    },
    {
      "id": "evere",
      "name": "Evere"
    },
    {
      "id": "evergem",
      "name": "Evergem"
    },
    {
      "id": "faimes",
      "name": "Faimes"
    },
    {
      "id": "falisolle",
      "name": "Falisolle"
    },
    {
      "id": "fallais",
      "name": "Fallais"
    },
    {
      "id": "farciennes",
      "name": "Farciennes"
    },
    {
      "id": "fayt-lez-manage",
      "name": "Fayt-lez-Manage"
    },
    {
      "id": "feluy",
      "name": "Feluy"
    },
    {
      "id": "ferrieres",
      "name": "Ferrieres"
    },
    {
      "id": "fexhe-le-haut-clocher",
      "name": "Fexhe-le-Haut-Clocher"
    },
    {
      "id": "fexhe-slins",
      "name": "Fexhe-Slins"
    },
    {
      "id": "filot",
      "name": "Filot"
    },
    {
      "id": "flawinne",
      "name": "Flawinne"
    },
    {
      "id": "flemalle-grande",
      "name": "Flemalle-Grande"
    },
    {
      "id": "flemalle-haute",
      "name": "Flemalle-Haute"
    },
    {
      "id": "flenu",
      "name": "Flenu"
    },
    {
      "id": "fleron",
      "name": "Fleron"
    },
    {
      "id": "fleurus",
      "name": "Fleurus"
    },
    {
      "id": "flobecq",
      "name": "Flobecq"
    },
    {
      "id": "floreffe",
      "name": "Floreffe"
    },
    {
      "id": "florennes",
      "name": "Florennes"
    },
    {
      "id": "florenville",
      "name": "Florenville"
    },
    {
      "id": "fontaine",
      "name": "Fontaine"
    },
    {
      "id": "fontaine-valmont",
      "name": "Fontaine-Valmont"
    },
    {
      "id": "forchies-la-marche",
      "name": "Forchies-la-Marche"
    },
    {
      "id": "forest",
      "name": "Forest"
    },
    {
      "id": "forrieres",
      "name": "Forrieres"
    },
    {
      "id": "fosse-des-loups",
      "name": "Fosse des Loups"
    },
    {
      "id": "frameries",
      "name": "Frameries"
    },
    {
      "id": "franiere",
      "name": "Franiere"
    },
    {
      "id": "frasnes-lez-buissenal",
      "name": "Frasnes-lez-Buissenal"
    },
    {
      "id": "freylange",
      "name": "Freylange"
    },
    {
      "id": "gages",
      "name": "Gages"
    },
    {
      "id": "galmaarden",
      "name": "Galmaarden"
    },
    {
      "id": "ganshoren",
      "name": "Ganshoren"
    },
    {
      "id": "gavere",
      "name": "Gavere"
    },
    {
      "id": "geel",
      "name": "Geel"
    },
    {
      "id": "geer",
      "name": "Geer"
    },
    {
      "id": "geetbets",
      "name": "Geetbets"
    },
    {
      "id": "gellik",
      "name": "Gellik"
    },
    {
      "id": "gelrode",
      "name": "Gelrode"
    },
    {
      "id": "geluwe",
      "name": "Geluwe"
    },
    {
      "id": "gembloux",
      "name": "Gembloux"
    },
    {
      "id": "genk",
      "name": "Genk"
    },
    {
      "id": "gentbrugge",
      "name": "Gentbrugge"
    },
    {
      "id": "gentinnes",
      "name": "Gentinnes"
    },
    {
      "id": "genval",
      "name": "Genval"
    },
    {
      "id": "geraardsbergen",
      "name": "Geraardsbergen"
    },
    {
      "id": "gerpinnes",
      "name": "Gerpinnes"
    },
    {
      "id": "gesves",
      "name": "Gesves"
    },
    {
      "id": "ghent",
      "name": "Ghent"
    },
    {
      "id": "ghislenghien",
      "name": "Ghislenghien"
    },
    {
      "id": "ghlin",
      "name": "Ghlin"
    },
    {
      "id": "gierle",
      "name": "Gierle"
    },
    {
      "id": "gijzegem",
      "name": "Gijzegem"
    },
    {
      "id": "gilly",
      "name": "Gilly"
    },
    {
      "id": "gingelom",
      "name": "Gingelom"
    },
    {
      "id": "gistel",
      "name": "Gistel"
    },
    {
      "id": "gits",
      "name": "Gits"
    },
    {
      "id": "glabbeek",
      "name": "Glabbeek"
    },
    {
      "id": "glimes",
      "name": "Glimes"
    },
    {
      "id": "gobard",
      "name": "Gobard"
    },
    {
      "id": "godarville",
      "name": "Godarville"
    },
    {
      "id": "goe",
      "name": "Goe"
    },
    {
      "id": "gooik",
      "name": "Gooik"
    },
    {
      "id": "goor",
      "name": "Goor"
    },
    {
      "id": "gosselies",
      "name": "Gosselies"
    },
    {
      "id": "gourdinne",
      "name": "Gourdinne"
    },
    {
      "id": "goutroux",
      "name": "Goutroux"
    },
    {
      "id": "gouy-lez-pieton",
      "name": "Gouy-lez-Pieton"
    },
    {
      "id": "grand",
      "name": "Grand"
    },
    {
      "id": "grand-leez",
      "name": "Grand-Leez"
    },
    {
      "id": "grand-rechain",
      "name": "Grand-Rechain"
    },
    {
      "id": "grand-reng",
      "name": "Grand-Reng"
    },
    {
      "id": "grembergen",
      "name": "Grembergen"
    },
    {
      "id": "grez-doiceau",
      "name": "Grez-Doiceau"
    },
    {
      "id": "grimbergen",
      "name": "Grimbergen"
    },
    {
      "id": "grimminge",
      "name": "Grimminge"
    },
    {
      "id": "grivegnee",
      "name": "Grivegnee"
    },
    {
      "id": "grobbendonk",
      "name": "Grobbendonk"
    },
    {
      "id": "groot-bijgaarden",
      "name": "Groot-Bijgaarden"
    },
    {
      "id": "gruitrode",
      "name": "Gruitrode"
    },
    {
      "id": "gullegem",
      "name": "Gullegem"
    },
    {
      "id": "haacht",
      "name": "Haacht"
    },
    {
      "id": "haaltert",
      "name": "Haaltert"
    },
    {
      "id": "haasdonk",
      "name": "Haasdonk"
    },
    {
      "id": "haasrode",
      "name": "Haasrode"
    },
    {
      "id": "haccourt",
      "name": "Haccourt"
    },
    {
      "id": "haine-saint-paul",
      "name": "Haine-Saint-Paul"
    },
    {
      "id": "halen",
      "name": "Halen"
    },
    {
      "id": "hallaar",
      "name": "Hallaar"
    },
    {
      "id": "halle",
      "name": "Halle"
    },
    {
      "id": "ham",
      "name": "Ham"
    },
    {
      "id": "ham-sur-heure",
      "name": "Ham-sur-Heure"
    },
    {
      "id": "ham-sur-sambre",
      "name": "Ham-sur-Sambre"
    },
    {
      "id": "hamme",
      "name": "Hamme"
    },
    {
      "id": "hamme-mille",
      "name": "Hamme-Mille"
    },
    {
      "id": "hamoir",
      "name": "Hamoir"
    },
    {
      "id": "hamont",
      "name": "Hamont"
    },
    {
      "id": "hampteau",
      "name": "Hampteau"
    },
    {
      "id": "haneffe",
      "name": "Haneffe"
    },
    {
      "id": "hannut",
      "name": "Hannut"
    },
    {
      "id": "hansbeke",
      "name": "Hansbeke"
    },
    {
      "id": "harelbeke",
      "name": "Harelbeke"
    },
    {
      "id": "haren",
      "name": "Haren"
    },
    {
      "id": "hasselt",
      "name": "Hasselt"
    },
    {
      "id": "haut-ittre",
      "name": "Haut-Ittre"
    },
    {
      "id": "hautrage",
      "name": "Hautrage"
    },
    {
      "id": "havay",
      "name": "Havay"
    },
    {
      "id": "havre",
      "name": "Havre"
    },
    {
      "id": "hechtel",
      "name": "Hechtel"
    },
    {
      "id": "heers",
      "name": "Heers"
    },
    {
      "id": "heestert",
      "name": "Heestert"
    },
    {
      "id": "heffen",
      "name": "Heffen"
    },
    {
      "id": "heindonk",
      "name": "Heindonk"
    },
    {
      "id": "heist",
      "name": "Heist"
    },
    {
      "id": "heist-op-den-berg",
      "name": "Heist-op-den-Berg"
    },
    {
      "id": "hekelgem",
      "name": "Hekelgem"
    },
    {
      "id": "helchteren",
      "name": "Helchteren"
    },
    {
      "id": "hemiksem",
      "name": "Hemiksem"
    },
    {
      "id": "henri-chapelle",
      "name": "Henri-Chapelle"
    },
    {
      "id": "hensies",
      "name": "Hensies"
    },
    {
      "id": "heppen",
      "name": "Heppen"
    },
    {
      "id": "herdersem",
      "name": "Herdersem"
    },
    {
      "id": "herent",
      "name": "Herent"
    },
    {
      "id": "herentals",
      "name": "Herentals"
    },
    {
      "id": "herenthout",
      "name": "Herenthout"
    },
    {
      "id": "herinnes",
      "name": "Herinnes"
    },
    {
      "id": "herk-de-stad",
      "name": "Herk-de-Stad"
    },
    {
      "id": "herlaimont",
      "name": "Herlaimont"
    },
    {
      "id": "hermalle-sous-argenteau",
      "name": "Hermalle-sous-Argenteau"
    },
    {
      "id": "hermee",
      "name": "Hermee"
    },
    {
      "id": "herne",
      "name": "Herne"
    },
    {
      "id": "herseaux",
      "name": "Herseaux"
    },
    {
      "id": "herselt",
      "name": "Herselt"
    },
    {
      "id": "herstal",
      "name": "Herstal"
    },
    {
      "id": "herve",
      "name": "Herve"
    },
    {
      "id": "herzele",
      "name": "Herzele"
    },
    {
      "id": "heule",
      "name": "Heule"
    },
    {
      "id": "heure-le-romain",
      "name": "Heure-le-Romain"
    },
    {
      "id": "heusden",
      "name": "Heusden"
    },
    {
      "id": "heusy",
      "name": "Heusy"
    },
    {
      "id": "hever",
      "name": "Hever"
    },
    {
      "id": "heverlee",
      "name": "Heverlee"
    },
    {
      "id": "hingene",
      "name": "Hingene"
    },
    {
      "id": "hoboken",
      "name": "Hoboken"
    },
    {
      "id": "hodeige",
      "name": "Hodeige"
    },
    {
      "id": "hoegaarden",
      "name": "Hoegaarden"
    },
    {
      "id": "hoeilaart",
      "name": "Hoeilaart"
    },
    {
      "id": "hoeleden",
      "name": "Hoeleden"
    },
    {
      "id": "hoeselt",
      "name": "Hoeselt"
    },
    {
      "id": "hoevenen",
      "name": "Hoevenen"
    },
    {
      "id": "hofstade",
      "name": "Hofstade"
    },
    {
      "id": "hognoul",
      "name": "Hognoul"
    },
    {
      "id": "hollain",
      "name": "Hollain"
    },
    {
      "id": "holland",
      "name": "Holland"
    },
    {
      "id": "hollogne",
      "name": "Hollogne"
    },
    {
      "id": "holsbeek",
      "name": "Holsbeek"
    },
    {
      "id": "hombeek",
      "name": "Hombeek"
    },
    {
      "id": "hooglede",
      "name": "Hooglede"
    },
    {
      "id": "hoogstraten",
      "name": "Hoogstraten"
    },
    {
      "id": "horion-hozemont",
      "name": "Horion-Hozemont"
    },
    {
      "id": "hornu",
      "name": "Hornu"
    },
    {
      "id": "hotton",
      "name": "Hotton"
    },
    {
      "id": "houdeng-goegnies",
      "name": "Houdeng-Goegnies"
    },
    {
      "id": "houffalize",
      "name": "Houffalize"
    },
    {
      "id": "housse",
      "name": "Housse"
    },
    {
      "id": "houtain-le-val",
      "name": "Houtain-le-Val"
    },
    {
      "id": "houtaing",
      "name": "Houtaing"
    },
    {
      "id": "houthalen",
      "name": "Houthalen"
    },
    {
      "id": "houthem",
      "name": "Houthem"
    },
    {
      "id": "houthulst",
      "name": "Houthulst"
    },
    {
      "id": "houtvenne",
      "name": "Houtvenne"
    },
    {
      "id": "hove",
      "name": "Hove"
    },
    {
      "id": "huizingen",
      "name": "Huizingen"
    },
    {
      "id": "huldenberg",
      "name": "Huldenberg"
    },
    {
      "id": "hulshout",
      "name": "Hulshout"
    },
    {
      "id": "humbeek",
      "name": "Humbeek"
    },
    {
      "id": "huy",
      "name": "Huy"
    },
    {
      "id": "hyon",
      "name": "Hyon"
    },
    {
      "id": "ichtegem",
      "name": "Ichtegem"
    },
    {
      "id": "iddergem",
      "name": "Iddergem"
    },
    {
      "id": "idegem",
      "name": "Idegem"
    },
    {
      "id": "impe",
      "name": "Impe"
    },
    {
      "id": "incourt",
      "name": "Incourt"
    },
    {
      "id": "ingelmunster",
      "name": "Ingelmunster"
    },
    {
      "id": "ingooigem",
      "name": "Ingooigem"
    },
    {
      "id": "isnes",
      "name": "Isnes"
    },
    {
      "id": "itegem",
      "name": "Itegem"
    },
    {
      "id": "itterbeek",
      "name": "Itterbeek"
    },
    {
      "id": "ittre",
      "name": "Ittre"
    },
    {
      "id": "ixelles-elsene",
      "name": "Ixelles-Elsene"
    },
    {
      "id": "izegem",
      "name": "Izegem"
    },
    {
      "id": "izel",
      "name": "Izel"
    },
    {
      "id": "jabbeke",
      "name": "Jabbeke"
    },
    {
      "id": "jambes",
      "name": "Jambes"
    },
    {
      "id": "jamioulx",
      "name": "Jamioulx"
    },
    {
      "id": "jauche",
      "name": "Jauche"
    },
    {
      "id": "jemappes",
      "name": "Jemappes"
    },
    {
      "id": "jemelle",
      "name": "Jemelle"
    },
    {
      "id": "jemeppe-sur-meuse",
      "name": "Jemeppe-sur-Meuse"
    },
    {
      "id": "jemeppe-sur-sambre",
      "name": "Jemeppe-sur-Sambre"
    },
    {
      "id": "jette",
      "name": "Jette"
    },
    {
      "id": "jodoigne",
      "name": "Jodoigne"
    },
    {
      "id": "jumet",
      "name": "Jumet"
    },
    {
      "id": "jupille-sur-meuse",
      "name": "Jupille-sur-Meuse"
    },
    {
      "id": "juprelle",
      "name": "Juprelle"
    },
    {
      "id": "jurbise",
      "name": "Jurbise"
    },
    {
      "id": "kachtem",
      "name": "Kachtem"
    },
    {
      "id": "kain",
      "name": "Kain"
    },
    {
      "id": "kalken",
      "name": "Kalken"
    },
    {
      "id": "kalmthout",
      "name": "Kalmthout"
    },
    {
      "id": "kampenhout",
      "name": "Kampenhout"
    },
    {
      "id": "kanegem",
      "name": "Kanegem"
    },
    {
      "id": "kapelle-op-den-bos",
      "name": "Kapelle-op-den-Bos"
    },
    {
      "id": "kapellen",
      "name": "Kapellen"
    },
    {
      "id": "kaprijke",
      "name": "Kaprijke"
    },
    {
      "id": "kasterlee",
      "name": "Kasterlee"
    },
    {
      "id": "kaulille",
      "name": "Kaulille"
    },
    {
      "id": "keerbergen",
      "name": "Keerbergen"
    },
    {
      "id": "kemzeke",
      "name": "Kemzeke"
    },
    {
      "id": "kerkhove",
      "name": "Kerkhove"
    },
    {
      "id": "kerksken",
      "name": "Kerksken"
    },
    {
      "id": "kermt",
      "name": "Kermt"
    },
    {
      "id": "kersbeek-miskom",
      "name": "Kersbeek-Miskom"
    },
    {
      "id": "kessel",
      "name": "Kessel"
    },
    {
      "id": "kessel-lo",
      "name": "Kessel-Lo"
    },
    {
      "id": "kettenis",
      "name": "Kettenis"
    },
    {
      "id": "kinrooi",
      "name": "Kinrooi"
    },
    {
      "id": "klein-gelmen",
      "name": "Klein-Gelmen"
    },
    {
      "id": "klemskerke",
      "name": "Klemskerke"
    },
    {
      "id": "knesselare",
      "name": "Knesselare"
    },
    {
      "id": "knokke",
      "name": "Knokke"
    },
    {
      "id": "knokke-heist",
      "name": "Knokke-Heist"
    },
    {
      "id": "koekelare",
      "name": "Koekelare"
    },
    {
      "id": "koersel",
      "name": "Koersel"
    },
    {
      "id": "koksijde",
      "name": "Koksijde"
    },
    {
      "id": "koningshooikt",
      "name": "Koningshooikt"
    },
    {
      "id": "kontich",
      "name": "Kontich"
    },
    {
      "id": "korbeek-dijle",
      "name": "Korbeek-Dijle"
    },
    {
      "id": "korbeek-lo",
      "name": "Korbeek-Lo"
    },
    {
      "id": "kortemark",
      "name": "Kortemark"
    },
    {
      "id": "kortenaken",
      "name": "Kortenaken"
    },
    {
      "id": "kortenberg",
      "name": "Kortenberg"
    },
    {
      "id": "kortessem",
      "name": "Kortessem"
    },
    {
      "id": "kortrijk",
      "name": "Kortrijk"
    },
    {
      "id": "kortrijk-dutsel",
      "name": "Kortrijk-Dutsel"
    },
    {
      "id": "kozen",
      "name": "Kozen"
    },
    {
      "id": "kraainem",
      "name": "Kraainem"
    },
    {
      "id": "kruibeke",
      "name": "Kruibeke"
    },
    {
      "id": "kruishoutem",
      "name": "Kruishoutem"
    },
    {
      "id": "kuringen",
      "name": "Kuringen"
    },
    {
      "id": "kuurne",
      "name": "Kuurne"
    },
    {
      "id": "kwaadmechelen",
      "name": "Kwaadmechelen"
    },
    {
      "id": "la-calamine",
      "name": "La Calamine"
    },
    {
      "id": "la-hestre",
      "name": "La Hestre"
    },
    {
      "id": "la-hulpe",
      "name": "La Hulpe"
    },
    {
      "id": "laarne",
      "name": "Laarne"
    },
    {
      "id": "labuissiere",
      "name": "Labuissiere"
    },
    {
      "id": "laken",
      "name": "Laken"
    },
    {
      "id": "lambermont",
      "name": "Lambermont"
    },
    {
      "id": "lanaken",
      "name": "Lanaken"
    },
    {
      "id": "landegem",
      "name": "Landegem"
    },
    {
      "id": "landelies",
      "name": "Landelies"
    },
    {
      "id": "landen",
      "name": "Landen"
    },
    {
      "id": "langdorp",
      "name": "Langdorp"
    },
    {
      "id": "langemark",
      "name": "Langemark"
    },
    {
      "id": "lanklaar",
      "name": "Lanklaar"
    },
    {
      "id": "latinne",
      "name": "Latinne"
    },
    {
      "id": "lauwe",
      "name": "Lauwe"
    },
    {
      "id": "le-tilleul",
      "name": "Le Tilleul"
    },
    {
      "id": "lebbeke",
      "name": "Lebbeke"
    },
    {
      "id": "lede",
      "name": "Lede"
    },
    {
      "id": "ledeberg",
      "name": "Ledeberg"
    },
    {
      "id": "ledegem",
      "name": "Ledegem"
    },
    {
      "id": "leefdaal",
      "name": "Leefdaal"
    },
    {
      "id": "leerbeek",
      "name": "Leerbeek"
    },
    {
      "id": "leernes",
      "name": "Leernes"
    },
    {
      "id": "leest",
      "name": "Leest"
    },
    {
      "id": "leffinge",
      "name": "Leffinge"
    },
    {
      "id": "leisele",
      "name": "Leisele"
    },
    {
      "id": "lembeek",
      "name": "Lembeek"
    },
    {
      "id": "lendelede",
      "name": "Lendelede"
    },
    {
      "id": "lennik",
      "name": "Lennik"
    },
    {
      "id": "leopoldsburg",
      "name": "Leopoldsburg"
    },
    {
      "id": "lessines",
      "name": "Lessines"
    },
    {
      "id": "letterhoutem",
      "name": "Letterhoutem"
    },
    {
      "id": "leuven",
      "name": "Leuven"
    },
    {
      "id": "leuze",
      "name": "Leuze"
    },
    {
      "id": "leval-trahegnies",
      "name": "Leval-Trahegnies"
    },
    {
      "id": "libramont",
      "name": "Libramont"
    },
    {
      "id": "lichtaart",
      "name": "Lichtaart"
    },
    {
      "id": "lichtervelde",
      "name": "Lichtervelde"
    },
    {
      "id": "liedekerke",
      "name": "Liedekerke"
    },
    {
      "id": "lier",
      "name": "Lier"
    },
    {
      "id": "ligny",
      "name": "Ligny"
    },
    {
      "id": "lille",
      "name": "Lille"
    },
    {
      "id": "lillois-witterzee",
      "name": "Lillois-Witterzee"
    },
    {
      "id": "limal",
      "name": "Limal"
    },
    {
      "id": "limbourg",
      "name": "Limbourg"
    },
    {
      "id": "limelette",
      "name": "Limelette"
    },
    {
      "id": "lincent",
      "name": "Lincent"
    },
    {
      "id": "linden",
      "name": "Linden"
    },
    {
      "id": "linkebeek",
      "name": "Linkebeek"
    },
    {
      "id": "lint",
      "name": "Lint"
    },
    {
      "id": "lippelo",
      "name": "Lippelo"
    },
    {
      "id": "lisogne",
      "name": "Lisogne"
    },
    {
      "id": "lissewege",
      "name": "Lissewege"
    },
    {
      "id": "lives-sur-meuse",
      "name": "Lives-sur-Meuse"
    },
    {
      "id": "lixhe",
      "name": "Lixhe"
    },
    {
      "id": "lobbes",
      "name": "Lobbes"
    },
    {
      "id": "lochristi",
      "name": "Lochristi"
    },
    {
      "id": "lodelinsart",
      "name": "Lodelinsart"
    },
    {
      "id": "loenhout",
      "name": "Loenhout"
    },
    {
      "id": "loker",
      "name": "Loker"
    },
    {
      "id": "lokeren",
      "name": "Lokeren"
    },
    {
      "id": "lommel",
      "name": "Lommel"
    },
    {
      "id": "loncin",
      "name": "Loncin"
    },
    {
      "id": "londerzeel",
      "name": "Londerzeel"
    },
    {
      "id": "lontzen",
      "name": "Lontzen"
    },
    {
      "id": "loppem",
      "name": "Loppem"
    },
    {
      "id": "lot",
      "name": "Lot"
    },
    {
      "id": "lotenhulle",
      "name": "Lotenhulle"
    },
    {
      "id": "loupoigne",
      "name": "Loupoigne"
    },
    {
      "id": "louvain-la-neuve",
      "name": "Louvain-la-Neuve"
    },
    {
      "id": "louveigne",
      "name": "Louveigne"
    },
    {
      "id": "lovendegem",
      "name": "Lovendegem"
    },
    {
      "id": "loverval",
      "name": "Loverval"
    },
    {
      "id": "lubbeek",
      "name": "Lubbeek"
    },
    {
      "id": "lummen",
      "name": "Lummen"
    },
    {
      "id": "luttre",
      "name": "Luttre"
    },
    {
      "id": "maaseik",
      "name": "Maaseik"
    },
    {
      "id": "maasmechelen",
      "name": "Maasmechelen"
    },
    {
      "id": "machelen",
      "name": "Machelen"
    },
    {
      "id": "magnee",
      "name": "Magnee"
    },
    {
      "id": "maisieres",
      "name": "Maisieres"
    },
    {
      "id": "maldegem",
      "name": "Maldegem"
    },
    {
      "id": "malderen",
      "name": "Malderen"
    },
    {
      "id": "malmedy",
      "name": "Malmedy"
    },
    {
      "id": "malonne",
      "name": "Malonne"
    },
    {
      "id": "manage",
      "name": "Manage"
    },
    {
      "id": "manhay",
      "name": "Manhay"
    },
    {
      "id": "marais",
      "name": "Marais"
    },
    {
      "id": "marche-en-famenne",
      "name": "Marche-en-Famenne"
    },
    {
      "id": "marche-lez-ecaussinnes",
      "name": "Marche-lez-Ecaussinnes"
    },
    {
      "id": "marchienne-au-pont",
      "name": "Marchienne-au-Pont"
    },
    {
      "id": "marchin",
      "name": "Marchin"
    },
    {
      "id": "marcinelle",
      "name": "Marcinelle"
    },
    {
      "id": "mariakerke",
      "name": "Mariakerke"
    },
    {
      "id": "mariekerke",
      "name": "Mariekerke"
    },
    {
      "id": "mariembourg",
      "name": "Mariembourg"
    },
    {
      "id": "marke",
      "name": "Marke"
    },
    {
      "id": "markegem",
      "name": "Markegem"
    },
    {
      "id": "massemen",
      "name": "Massemen"
    },
    {
      "id": "maurage",
      "name": "Maurage"
    },
    {
      "id": "mechelen",
      "name": "Mechelen"
    },
    {
      "id": "meensel-kiezegem",
      "name": "Meensel-Kiezegem"
    },
    {
      "id": "meerbeke",
      "name": "Meerbeke"
    },
    {
      "id": "meerhout",
      "name": "Meerhout"
    },
    {
      "id": "meerlaar",
      "name": "Meerlaar"
    },
    {
      "id": "meerle",
      "name": "Meerle"
    },
    {
      "id": "meersel",
      "name": "Meersel"
    },
    {
      "id": "meeuwen",
      "name": "Meeuwen"
    },
    {
      "id": "meigem",
      "name": "Meigem"
    },
    {
      "id": "meise",
      "name": "Meise"
    },
    {
      "id": "meldert",
      "name": "Meldert"
    },
    {
      "id": "melen",
      "name": "Melen"
    },
    {
      "id": "melkwezer",
      "name": "Melkwezer"
    },
    {
      "id": "melle",
      "name": "Melle"
    },
    {
      "id": "melsbroek",
      "name": "Melsbroek"
    },
    {
      "id": "melsele",
      "name": "Melsele"
    },
    {
      "id": "membach",
      "name": "Membach"
    },
    {
      "id": "menen",
      "name": "Menen"
    },
    {
      "id": "merchtem",
      "name": "Merchtem"
    },
    {
      "id": "mere",
      "name": "Mere"
    },
    {
      "id": "merelbeke",
      "name": "Merelbeke"
    },
    {
      "id": "merendree",
      "name": "Merendree"
    },
    {
      "id": "merksem",
      "name": "Merksem"
    },
    {
      "id": "merksplas",
      "name": "Merksplas"
    },
    {
      "id": "mespelare",
      "name": "Mespelare"
    },
    {
      "id": "messancy",
      "name": "Messancy"
    },
    {
      "id": "mettet",
      "name": "Mettet"
    },
    {
      "id": "meulebeke",
      "name": "Meulebeke"
    },
    {
      "id": "middelburg",
      "name": "Middelburg"
    },
    {
      "id": "middelkerke",
      "name": "Middelkerke"
    },
    {
      "id": "minderhout",
      "name": "Minderhout"
    },
    {
      "id": "modave",
      "name": "Modave"
    },
    {
      "id": "moen",
      "name": "Moen"
    },
    {
      "id": "moerbeke",
      "name": "Moerbeke"
    },
    {
      "id": "moerzeke",
      "name": "Moerzeke"
    },
    {
      "id": "moha",
      "name": "Moha"
    },
    {
      "id": "mol",
      "name": "Mol"
    },
    {
      "id": "molenbeek",
      "name": "Molenbeek"
    },
    {
      "id": "molenbeek-saint-jean",
      "name": "Molenbeek-Saint-Jean"
    },
    {
      "id": "molenstede",
      "name": "Molenstede"
    },
    {
      "id": "momalle",
      "name": "Momalle"
    },
    {
      "id": "monceau-sur-sambre",
      "name": "Monceau-sur-Sambre"
    },
    {
      "id": "mons",
      "name": "Mons"
    },
    {
      "id": "mont-saint-guibert",
      "name": "Mont-Saint-Guibert"
    },
    {
      "id": "mont-sainte-aldegonde",
      "name": "Mont-Sainte-Aldegonde"
    },
    {
      "id": "mont-sur-marchienne",
      "name": "Mont-sur-Marchienne"
    },
    {
      "id": "montegnee",
      "name": "Montegnee"
    },
    {
      "id": "montignies-lez-lens",
      "name": "Montignies-lez-Lens"
    },
    {
      "id": "montignies-sur-sambre",
      "name": "Montignies-sur-Sambre"
    },
    {
      "id": "montzen",
      "name": "Montzen"
    },
    {
      "id": "moorsel",
      "name": "Moorsel"
    },
    {
      "id": "moorslede",
      "name": "Moorslede"
    },
    {
      "id": "morialme",
      "name": "Morialme"
    },
    {
      "id": "morkhoven",
      "name": "Morkhoven"
    },
    {
      "id": "morlanwelz-mariemont",
      "name": "Morlanwelz-Mariemont"
    },
    {
      "id": "mortsel",
      "name": "Mortsel"
    },
    {
      "id": "mouscron",
      "name": "Mouscron"
    },
    {
      "id": "muizen",
      "name": "Muizen"
    },
    {
      "id": "munsterbilzen",
      "name": "Munsterbilzen"
    },
    {
      "id": "naast",
      "name": "Naast"
    },
    {
      "id": "nalinnes",
      "name": "Nalinnes"
    },
    {
      "id": "nameche",
      "name": "Nameche"
    },
    {
      "id": "namur",
      "name": "Namur"
    },
    {
      "id": "nandrin",
      "name": "Nandrin"
    },
    {
      "id": "natoye",
      "name": "Natoye"
    },
    {
      "id": "nazareth",
      "name": "Nazareth"
    },
    {
      "id": "neder-over-heembeek",
      "name": "Neder-Over-Heembeek"
    },
    {
      "id": "nederbrakel",
      "name": "Nederbrakel"
    },
    {
      "id": "nederhasselt",
      "name": "Nederhasselt"
    },
    {
      "id": "neerharen",
      "name": "Neerharen"
    },
    {
      "id": "neerijse",
      "name": "Neerijse"
    },
    {
      "id": "neerlinter",
      "name": "Neerlinter"
    },
    {
      "id": "neerpelt",
      "name": "Neerpelt"
    },
    {
      "id": "nethen",
      "name": "Nethen"
    },
    {
      "id": "neuville-en-condroz",
      "name": "Neuville-en-Condroz"
    },
    {
      "id": "nevele",
      "name": "Nevele"
    },
    {
      "id": "niel",
      "name": "Niel"
    },
    {
      "id": "nieuwenhove",
      "name": "Nieuwenhove"
    },
    {
      "id": "nieuwerkerken",
      "name": "Nieuwerkerken"
    },
    {
      "id": "nieuwpoort",
      "name": "Nieuwpoort"
    },
    {
      "id": "nieuwrode",
      "name": "Nieuwrode"
    },
    {
      "id": "nijlen",
      "name": "Nijlen"
    },
    {
      "id": "nil-saint-vincent",
      "name": "Nil Saint-Vincent"
    },
    {
      "id": "nimy",
      "name": "Nimy"
    },
    {
      "id": "ninove",
      "name": "Ninove"
    },
    {
      "id": "nivelles",
      "name": "Nivelles"
    },
    {
      "id": "nodebais",
      "name": "Nodebais"
    },
    {
      "id": "nokere",
      "name": "Nokere"
    },
    {
      "id": "nossegem",
      "name": "Nossegem"
    },
    {
      "id": "nouvelles",
      "name": "Nouvelles"
    },
    {
      "id": "nukerke",
      "name": "Nukerke"
    },
    {
      "id": "obaix",
      "name": "Obaix"
    },
    {
      "id": "obourg",
      "name": "Obourg"
    },
    {
      "id": "oedelem",
      "name": "Oedelem"
    },
    {
      "id": "oelegem",
      "name": "Oelegem"
    },
    {
      "id": "oeselgem",
      "name": "Oeselgem"
    },
    {
      "id": "ohain",
      "name": "Ohain"
    },
    {
      "id": "ohey",
      "name": "Ohey"
    },
    {
      "id": "okegem",
      "name": "Okegem"
    },
    {
      "id": "olen",
      "name": "Olen"
    },
    {
      "id": "olne",
      "name": "Olne"
    },
    {
      "id": "onze-lieve-vrouw-waver",
      "name": "Onze-Lieve-Vrouw-Waver"
    },
    {
      "id": "ooigem",
      "name": "Ooigem"
    },
    {
      "id": "oordegem",
      "name": "Oordegem"
    },
    {
      "id": "oostakker",
      "name": "Oostakker"
    },
    {
      "id": "oosteeklo",
      "name": "Oosteeklo"
    },
    {
      "id": "oostende",
      "name": "Oostende"
    },
    {
      "id": "oosterzele",
      "name": "Oosterzele"
    },
    {
      "id": "oostham",
      "name": "Oostham"
    },
    {
      "id": "oostkamp",
      "name": "Oostkamp"
    },
    {
      "id": "oostmalle",
      "name": "Oostmalle"
    },
    {
      "id": "oostrozebeke",
      "name": "Oostrozebeke"
    },
    {
      "id": "oostvleteren",
      "name": "Oostvleteren"
    },
    {
      "id": "opbrakel",
      "name": "Opbrakel"
    },
    {
      "id": "opglabbeek",
      "name": "Opglabbeek"
    },
    {
      "id": "opgrimbie",
      "name": "Opgrimbie"
    },
    {
      "id": "ophain",
      "name": "Ophain"
    },
    {
      "id": "opitter",
      "name": "Opitter"
    },
    {
      "id": "opoeteren",
      "name": "Opoeteren"
    },
    {
      "id": "oppem",
      "name": "Oppem"
    },
    {
      "id": "oppuurs",
      "name": "Oppuurs"
    },
    {
      "id": "opwijk",
      "name": "Opwijk"
    },
    {
      "id": "orbais",
      "name": "Orbais"
    },
    {
      "id": "orp-le-grand",
      "name": "Orp-le-Grand"
    },
    {
      "id": "ostend",
      "name": "Ostend"
    },
    {
      "id": "otegem",
      "name": "Otegem"
    },
    {
      "id": "othee",
      "name": "Othee"
    },
    {
      "id": "ottignies",
      "name": "Ottignies"
    },
    {
      "id": "oud-heverlee",
      "name": "Oud-Heverlee"
    },
    {
      "id": "oud-turnhout",
      "name": "Oud-Turnhout"
    },
    {
      "id": "oudegem",
      "name": "Oudegem"
    },
    {
      "id": "oudenaarde",
      "name": "Oudenaarde"
    },
    {
      "id": "oudenburg",
      "name": "Oudenburg"
    },
    {
      "id": "ougree",
      "name": "Ougree"
    },
    {
      "id": "oupeye",
      "name": "Oupeye"
    },
    {
      "id": "outer",
      "name": "Outer"
    },
    {
      "id": "outrijve",
      "name": "Outrijve"
    },
    {
      "id": "overheide",
      "name": "Overheide"
    },
    {
      "id": "overijse",
      "name": "Overijse"
    },
    {
      "id": "overmere",
      "name": "Overmere"
    },
    {
      "id": "overpelt",
      "name": "Overpelt"
    },
    {
      "id": "paal",
      "name": "Paal"
    },
    {
      "id": "pamel",
      "name": "Pamel"
    },
    {
      "id": "parike",
      "name": "Parike"
    },
    {
      "id": "park",
      "name": "Park"
    },
    {
      "id": "passendale",
      "name": "Passendale"
    },
    {
      "id": "peer",
      "name": "Peer"
    },
    {
      "id": "pellenberg",
      "name": "Pellenberg"
    },
    {
      "id": "pepinster",
      "name": "Pepinster"
    },
    {
      "id": "peronnes",
      "name": "Peronnes"
    },
    {
      "id": "pervijze",
      "name": "Pervijze"
    },
    {
      "id": "perwez",
      "name": "Perwez"
    },
    {
      "id": "petegem",
      "name": "Petegem"
    },
    {
      "id": "peutie",
      "name": "Peutie"
    },
    {
      "id": "pipaix",
      "name": "Pipaix"
    },
    {
      "id": "pittem",
      "name": "Pittem"
    },
    {
      "id": "plainevaux",
      "name": "Plainevaux"
    },
    {
      "id": "plancenoit",
      "name": "Plancenoit"
    },
    {
      "id": "ploegsteert",
      "name": "Ploegsteert"
    },
    {
      "id": "poederlee",
      "name": "Poederlee"
    },
    {
      "id": "poelkapelle",
      "name": "Poelkapelle"
    },
    {
      "id": "pollare",
      "name": "Pollare"
    },
    {
      "id": "pont-a-celles",
      "name": "Pont-a-Celles"
    },
    {
      "id": "pont-de-loup",
      "name": "Pont-de-Loup"
    },
    {
      "id": "poperinge",
      "name": "Poperinge"
    },
    {
      "id": "poppel",
      "name": "Poppel"
    },
    {
      "id": "post",
      "name": "Post"
    },
    {
      "id": "presles",
      "name": "Presles"
    },
    {
      "id": "profondeville",
      "name": "Profondeville"
    },
    {
      "id": "pulderbos",
      "name": "Pulderbos"
    },
    {
      "id": "pulle",
      "name": "Pulle"
    },
    {
      "id": "putte",
      "name": "Putte"
    },
    {
      "id": "puurs",
      "name": "Puurs"
    },
    {
      "id": "quaregnon",
      "name": "Quaregnon"
    },
    {
      "id": "quenast",
      "name": "Quenast"
    },
    {
      "id": "quevaucamps",
      "name": "Quevaucamps"
    },
    {
      "id": "quievrain",
      "name": "Quievrain"
    },
    {
      "id": "ramet",
      "name": "Ramet"
    },
    {
      "id": "ramsdonk",
      "name": "Ramsdonk"
    },
    {
      "id": "ramsel",
      "name": "Ramsel"
    },
    {
      "id": "ramskapelle",
      "name": "Ramskapelle"
    },
    {
      "id": "rance",
      "name": "Rance"
    },
    {
      "id": "ransart",
      "name": "Ransart"
    },
    {
      "id": "ranst",
      "name": "Ranst"
    },
    {
      "id": "ravels",
      "name": "Ravels"
    },
    {
      "id": "rebaix",
      "name": "Rebaix"
    },
    {
      "id": "recht",
      "name": "Recht"
    },
    {
      "id": "reet",
      "name": "Reet"
    },
    {
      "id": "rekem",
      "name": "Rekem"
    },
    {
      "id": "rekkem",
      "name": "Rekkem"
    },
    {
      "id": "relegem",
      "name": "Relegem"
    },
    {
      "id": "remersdaal",
      "name": "Remersdaal"
    },
    {
      "id": "remicourt",
      "name": "Remicourt"
    },
    {
      "id": "reninge",
      "name": "Reninge"
    },
    {
      "id": "renlies",
      "name": "Renlies"
    },
    {
      "id": "ressaix",
      "name": "Ressaix"
    },
    {
      "id": "ressegem",
      "name": "Ressegem"
    },
    {
      "id": "retie",
      "name": "Retie"
    },
    {
      "id": "retinne",
      "name": "Retinne"
    },
    {
      "id": "rhisnes",
      "name": "Rhisnes"
    },
    {
      "id": "richelle",
      "name": "Richelle"
    },
    {
      "id": "riemst",
      "name": "Riemst"
    },
    {
      "id": "rijkevorsel",
      "name": "Rijkevorsel"
    },
    {
      "id": "rijmenam",
      "name": "Rijmenam"
    },
    {
      "id": "rillaar",
      "name": "Rillaar"
    },
    {
      "id": "rixensart",
      "name": "Rixensart"
    },
    {
      "id": "rochefort",
      "name": "Rochefort"
    },
    {
      "id": "rocourt",
      "name": "Rocourt"
    },
    {
      "id": "rode",
      "name": "Rode"
    },
    {
      "id": "roeselare",
      "name": "Roeselare"
    },
    {
      "id": "roeulx",
      "name": "Roeulx"
    },
    {
      "id": "romsee",
      "name": "Romsee"
    },
    {
      "id": "ronse",
      "name": "Ronse"
    },
    {
      "id": "rosieres",
      "name": "Rosieres"
    },
    {
      "id": "rosmeer",
      "name": "Rosmeer"
    },
    {
      "id": "rotselaar",
      "name": "Rotselaar"
    },
    {
      "id": "roux",
      "name": "Roux"
    },
    {
      "id": "ruddervoorde",
      "name": "Ruddervoorde"
    },
    {
      "id": "ruien",
      "name": "Ruien"
    },
    {
      "id": "ruisbroek",
      "name": "Ruisbroek"
    },
    {
      "id": "ruiselede",
      "name": "Ruiselede"
    },
    {
      "id": "rumbeke",
      "name": "Rumbeke"
    },
    {
      "id": "rummen",
      "name": "Rummen"
    },
    {
      "id": "rumst",
      "name": "Rumst"
    },
    {
      "id": "sablon",
      "name": "Sablon"
    },
    {
      "id": "saint-georges-sur-meuse",
      "name": "Saint-Georges-sur-Meuse"
    },
    {
      "id": "saint-ghislain",
      "name": "Saint-Ghislain"
    },
    {
      "id": "saint-gilles",
      "name": "Saint-Gilles"
    },
    {
      "id": "saint-jean-geest",
      "name": "Saint-Jean-Geest"
    },
    {
      "id": "saint-josse-ten-noode",
      "name": "Saint-Josse-ten-Noode"
    },
    {
      "id": "saint-leger",
      "name": "Saint-Leger"
    },
    {
      "id": "saint-mard",
      "name": "Saint-Mard"
    },
    {
      "id": "saint-nicolas",
      "name": "Saint-Nicolas"
    },
    {
      "id": "saint-remy",
      "name": "Saint-Remy"
    },
    {
      "id": "saint-sauveur",
      "name": "Saint-Sauveur"
    },
    {
      "id": "saint-servais",
      "name": "Saint-Servais"
    },
    {
      "id": "saint-symphorien",
      "name": "Saint-Symphorien"
    },
    {
      "id": "sainte-ode",
      "name": "Sainte-Ode"
    },
    {
      "id": "saintes",
      "name": "Saintes"
    },
    {
      "id": "saive",
      "name": "Saive"
    },
    {
      "id": "sankt-vith",
      "name": "Sankt Vith"
    },
    {
      "id": "sart-melin",
      "name": "Sart Melin"
    },
    {
      "id": "sart-dames-avelines",
      "name": "Sart-Dames-Avelines"
    },
    {
      "id": "sart-en-fagne",
      "name": "Sart-en-Fagne"
    },
    {
      "id": "sart-lez-spa",
      "name": "Sart-lez-Spa"
    },
    {
      "id": "schaarbeek",
      "name": "Schaarbeek"
    },
    {
      "id": "schaffen",
      "name": "Schaffen"
    },
    {
      "id": "schalkhoven",
      "name": "Schalkhoven"
    },
    {
      "id": "scheldewindeke",
      "name": "Scheldewindeke"
    },
    {
      "id": "schelle",
      "name": "Schelle"
    },
    {
      "id": "schellebelle",
      "name": "Schellebelle"
    },
    {
      "id": "schendelbeke",
      "name": "Schendelbeke"
    },
    {
      "id": "schepdaal",
      "name": "Schepdaal"
    },
    {
      "id": "scherpenheuvel",
      "name": "Scherpenheuvel"
    },
    {
      "id": "schilde",
      "name": "Schilde"
    },
    {
      "id": "schoonaarde",
      "name": "Schoonaarde"
    },
    {
      "id": "schorisse",
      "name": "Schorisse"
    },
    {
      "id": "schoten",
      "name": "Schoten"
    },
    {
      "id": "schriek",
      "name": "Schriek"
    },
    {
      "id": "schulen",
      "name": "Schulen"
    },
    {
      "id": "sclayn",
      "name": "Sclayn"
    },
    {
      "id": "seilles",
      "name": "Seilles"
    },
    {
      "id": "seneffe",
      "name": "Seneffe"
    },
    {
      "id": "seraing",
      "name": "Seraing"
    },
    {
      "id": "serskamp",
      "name": "Serskamp"
    },
    {
      "id": "sijsele",
      "name": "Sijsele"
    },
    {
      "id": "sinaai",
      "name": "Sinaai"
    },
    {
      "id": "sint-agatha-berchem",
      "name": "Sint-Agatha-Berchem"
    },
    {
      "id": "sint-agatha-rode",
      "name": "Sint-Agatha-Rode"
    },
    {
      "id": "sint-amands",
      "name": "Sint-Amands"
    },
    {
      "id": "sint-amandsberg",
      "name": "Sint-Amandsberg"
    },
    {
      "id": "sint-andries",
      "name": "Sint-Andries"
    },
    {
      "id": "sint-baafs-vijve",
      "name": "Sint-Baafs-Vijve"
    },
    {
      "id": "sint-denijs-westrem",
      "name": "Sint-Denijs-Westrem"
    },
    {
      "id": "sint-genesius-rode",
      "name": "Sint-Genesius-Rode"
    },
    {
      "id": "sint-gillis-bij-dendermonde",
      "name": "Sint-Gillis-bij-Dendermonde"
    },
    {
      "id": "sint-gillis-waas",
      "name": "Sint-Gillis-Waas"
    },
    {
      "id": "sint-katelijne-waver",
      "name": "Sint-Katelijne-Waver"
    },
    {
      "id": "sint-kornelis-horebeke",
      "name": "Sint-Kornelis-Horebeke"
    },
    {
      "id": "sint-lambrechts-herk",
      "name": "Sint-Lambrechts-Herk"
    },
    {
      "id": "sint-laureins",
      "name": "Sint-Laureins"
    },
    {
      "id": "sint-lievens-houtem",
      "name": "Sint-Lievens-Houtem"
    },
    {
      "id": "sint-maria-latem",
      "name": "Sint-Maria-Latem"
    },
    {
      "id": "sint-martens-latem",
      "name": "Sint-Martens-Latem"
    },
    {
      "id": "sint-michiels",
      "name": "Sint-Michiels"
    },
    {
      "id": "sint-niklaas",
      "name": "Sint-Niklaas"
    },
    {
      "id": "sint-pauwels",
      "name": "Sint-Pauwels"
    },
    {
      "id": "sint-pieters-op-de-dijk",
      "name": "Sint-Pieters op de Dijk"
    },
    {
      "id": "sint-pieters-leeuw",
      "name": "Sint-Pieters-Leeuw"
    },
    {
      "id": "sint-stevens-woluwe",
      "name": "Sint-Stevens-Woluwe"
    },
    {
      "id": "sint-truiden",
      "name": "Sint-Truiden"
    },
    {
      "id": "sirault",
      "name": "Sirault"
    },
    {
      "id": "sleidinge",
      "name": "Sleidinge"
    },
    {
      "id": "soignies",
      "name": "Soignies"
    },
    {
      "id": "sombreffe",
      "name": "Sombreffe"
    },
    {
      "id": "soumagne",
      "name": "Soumagne"
    },
    {
      "id": "souvret",
      "name": "Souvret"
    },
    {
      "id": "spa",
      "name": "Spa"
    },
    {
      "id": "sprimont",
      "name": "Sprimont"
    },
    {
      "id": "stabroek",
      "name": "Stabroek"
    },
    {
      "id": "staden",
      "name": "Staden"
    },
    {
      "id": "stavelot",
      "name": "Stavelot"
    },
    {
      "id": "steendorp",
      "name": "Steendorp"
    },
    {
      "id": "steenokkerzeel",
      "name": "Steenokkerzeel"
    },
    {
      "id": "stekene",
      "name": "Stekene"
    },
    {
      "id": "stembert",
      "name": "Stembert"
    },
    {
      "id": "stene",
      "name": "Stene"
    },
    {
      "id": "ster",
      "name": "Ster"
    },
    {
      "id": "sterrebeek",
      "name": "Sterrebeek"
    },
    {
      "id": "stevoort",
      "name": "Stevoort"
    },
    {
      "id": "stokkem",
      "name": "Stokkem"
    },
    {
      "id": "stoumont",
      "name": "Stoumont"
    },
    {
      "id": "stree",
      "name": "Stree"
    },
    {
      "id": "strepy-bracquegnies",
      "name": "Strepy-Bracquegnies"
    },
    {
      "id": "strombeek-bever",
      "name": "Strombeek-Bever"
    },
    {
      "id": "tamines",
      "name": "Tamines"
    },
    {
      "id": "temse",
      "name": "Temse"
    },
    {
      "id": "teralfene",
      "name": "Teralfene"
    },
    {
      "id": "terhagen",
      "name": "Terhagen"
    },
    {
      "id": "ternat",
      "name": "Ternat"
    },
    {
      "id": "tertre",
      "name": "Tertre"
    },
    {
      "id": "tervuren",
      "name": "Tervuren"
    },
    {
      "id": "tessenderlo",
      "name": "Tessenderlo"
    },
    {
      "id": "testelt",
      "name": "Testelt"
    },
    {
      "id": "theux",
      "name": "Theux"
    },
    {
      "id": "thimeon",
      "name": "Thimeon"
    },
    {
      "id": "thimister",
      "name": "Thimister"
    },
    {
      "id": "thisnes",
      "name": "Thisnes"
    },
    {
      "id": "thuin",
      "name": "Thuin"
    },
    {
      "id": "thulin",
      "name": "Thulin"
    },
    {
      "id": "thy-le-chateau",
      "name": "Thy-le-Chateau"
    },
    {
      "id": "thynes",
      "name": "Thynes"
    },
    {
      "id": "tiegem",
      "name": "Tiegem"
    },
    {
      "id": "tielt",
      "name": "Tielt"
    },
    {
      "id": "tienen",
      "name": "Tienen"
    },
    {
      "id": "tildonk",
      "name": "Tildonk"
    },
    {
      "id": "tilff",
      "name": "Tilff"
    },
    {
      "id": "tilleur",
      "name": "Tilleur"
    },
    {
      "id": "tisselt",
      "name": "Tisselt"
    },
    {
      "id": "toernich",
      "name": "Toernich"
    },
    {
      "id": "tohogne",
      "name": "Tohogne"
    },
    {
      "id": "tongeren",
      "name": "Tongeren"
    },
    {
      "id": "tongerlo",
      "name": "Tongerlo"
    },
    {
      "id": "tongre-notre-dame",
      "name": "Tongre-Notre-Dame"
    },
    {
      "id": "torhout",
      "name": "Torhout"
    },
    {
      "id": "tournai",
      "name": "Tournai"
    },
    {
      "id": "transinne",
      "name": "Transinne"
    },
    {
      "id": "trazegnies",
      "name": "Trazegnies"
    },
    {
      "id": "tremelo",
      "name": "Tremelo"
    },
    {
      "id": "trooz",
      "name": "Trooz"
    },
    {
      "id": "tubize",
      "name": "Tubize"
    },
    {
      "id": "turnhout",
      "name": "Turnhout"
    },
    {
      "id": "uccle",
      "name": "Uccle"
    },
    {
      "id": "ulbeek",
      "name": "Ulbeek"
    },
    {
      "id": "ursel",
      "name": "Ursel"
    },
    {
      "id": "vance",
      "name": "Vance"
    },
    {
      "id": "varsenare",
      "name": "Varsenare"
    },
    {
      "id": "vaux",
      "name": "Vaux"
    },
    {
      "id": "vaux-sous-chevremont",
      "name": "Vaux-sous-Chevremont"
    },
    {
      "id": "vedrin",
      "name": "Vedrin"
    },
    {
      "id": "veerle",
      "name": "Veerle"
    },
    {
      "id": "velaine-sur-sambre",
      "name": "Velaine-sur-Sambre"
    },
    {
      "id": "velaines",
      "name": "Velaines"
    },
    {
      "id": "veldegem",
      "name": "Veldegem"
    },
    {
      "id": "velm",
      "name": "Velm"
    },
    {
      "id": "veltem-beisem",
      "name": "Veltem-Beisem"
    },
    {
      "id": "verlaine",
      "name": "Verlaine"
    },
    {
      "id": "verrebroek",
      "name": "Verrebroek"
    },
    {
      "id": "verviers",
      "name": "Verviers"
    },
    {
      "id": "veurne",
      "name": "Veurne"
    },
    {
      "id": "viane",
      "name": "Viane"
    },
    {
      "id": "vichte",
      "name": "Vichte"
    },
    {
      "id": "vielsalm",
      "name": "Vielsalm"
    },
    {
      "id": "viesville",
      "name": "Viesville"
    },
    {
      "id": "villers-la-ville",
      "name": "Villers-la-Ville"
    },
    {
      "id": "villers-le-bouillet",
      "name": "Villers-le-Bouillet"
    },
    {
      "id": "villers-sur-semois",
      "name": "Villers-sur-Semois"
    },
    {
      "id": "vilvoorde",
      "name": "Vilvoorde"
    },
    {
      "id": "vinderhoute",
      "name": "Vinderhoute"
    },
    {
      "id": "virton",
      "name": "Virton"
    },
    {
      "id": "vise",
      "name": "Vise"
    },
    {
      "id": "vivegnis",
      "name": "Vivegnis"
    },
    {
      "id": "vladslo",
      "name": "Vladslo"
    },
    {
      "id": "vlekkem",
      "name": "Vlekkem"
    },
    {
      "id": "vlezenbeek",
      "name": "Vlezenbeek"
    },
    {
      "id": "vliermaal",
      "name": "Vliermaal"
    },
    {
      "id": "vliermaalroot",
      "name": "Vliermaalroot"
    },
    {
      "id": "vlierzele",
      "name": "Vlierzele"
    },
    {
      "id": "vlissegem",
      "name": "Vlissegem"
    },
    {
      "id": "vollezele",
      "name": "Vollezele"
    },
    {
      "id": "voormezele",
      "name": "Voormezele"
    },
    {
      "id": "voroux-goreux",
      "name": "Voroux-Goreux"
    },
    {
      "id": "vorselaar",
      "name": "Vorselaar"
    },
    {
      "id": "vosselaar",
      "name": "Vosselaar"
    },
    {
      "id": "vossem",
      "name": "Vossem"
    },
    {
      "id": "vottem",
      "name": "Vottem"
    },
    {
      "id": "vremde",
      "name": "Vremde"
    },
    {
      "id": "waarloos",
      "name": "Waarloos"
    },
    {
      "id": "waarschoot",
      "name": "Waarschoot"
    },
    {
      "id": "waasmunster",
      "name": "Waasmunster"
    },
    {
      "id": "wachtebeke",
      "name": "Wachtebeke"
    },
    {
      "id": "wagnelee",
      "name": "Wagnelee"
    },
    {
      "id": "wakken",
      "name": "Wakken"
    },
    {
      "id": "waleffe-saint-georges",
      "name": "Waleffe Saint-Georges"
    },
    {
      "id": "walhain",
      "name": "Walhain"
    },
    {
      "id": "walhorn",
      "name": "Walhorn"
    },
    {
      "id": "wanfercee-baulet",
      "name": "Wanfercee-Baulet"
    },
    {
      "id": "wangenies",
      "name": "Wangenies"
    },
    {
      "id": "wanne",
      "name": "Wanne"
    },
    {
      "id": "wanze",
      "name": "Wanze"
    },
    {
      "id": "warchin",
      "name": "Warchin"
    },
    {
      "id": "waregem",
      "name": "Waregem"
    },
    {
      "id": "waremme",
      "name": "Waremme"
    },
    {
      "id": "warneton",
      "name": "Warneton"
    },
    {
      "id": "warquignies",
      "name": "Warquignies"
    },
    {
      "id": "warsage",
      "name": "Warsage"
    },
    {
      "id": "wasmes",
      "name": "Wasmes"
    },
    {
      "id": "waterloo",
      "name": "Waterloo"
    },
    {
      "id": "watermael-boitsfort",
      "name": "Watermael-Boitsfort"
    },
    {
      "id": "watervliet",
      "name": "Watervliet"
    },
    {
      "id": "waudrez",
      "name": "Waudrez"
    },
    {
      "id": "wavre",
      "name": "Wavre"
    },
    {
      "id": "ways",
      "name": "Ways"
    },
    {
      "id": "wechelderzande",
      "name": "Wechelderzande"
    },
    {
      "id": "weelde",
      "name": "Weelde"
    },
    {
      "id": "welkenraedt",
      "name": "Welkenraedt"
    },
    {
      "id": "welle",
      "name": "Welle"
    },
    {
      "id": "wellen",
      "name": "Wellen"
    },
    {
      "id": "wemmel",
      "name": "Wemmel"
    },
    {
      "id": "wenduine",
      "name": "Wenduine"
    },
    {
      "id": "wepion",
      "name": "Wepion"
    },
    {
      "id": "werchter",
      "name": "Werchter"
    },
    {
      "id": "werken",
      "name": "Werken"
    },
    {
      "id": "wervik",
      "name": "Wervik"
    },
    {
      "id": "wespelaar",
      "name": "Wespelaar"
    },
    {
      "id": "westende",
      "name": "Westende"
    },
    {
      "id": "westerlo",
      "name": "Westerlo"
    },
    {
      "id": "westmalle",
      "name": "Westmalle"
    },
    {
      "id": "westouter",
      "name": "Westouter"
    },
    {
      "id": "wetteren",
      "name": "Wetteren"
    },
    {
      "id": "wevelgem",
      "name": "Wevelgem"
    },
    {
      "id": "wezemaal",
      "name": "Wezemaal"
    },
    {
      "id": "wezembeek-oppem",
      "name": "Wezembeek-Oppem"
    },
    {
      "id": "wichelen",
      "name": "Wichelen"
    },
    {
      "id": "wiekevorst",
      "name": "Wiekevorst"
    },
    {
      "id": "wielsbeke",
      "name": "Wielsbeke"
    },
    {
      "id": "wierde",
      "name": "Wierde"
    },
    {
      "id": "wieze",
      "name": "Wieze"
    },
    {
      "id": "wijgmaal",
      "name": "Wijgmaal"
    },
    {
      "id": "wijnegem",
      "name": "Wijnegem"
    },
    {
      "id": "willebroek",
      "name": "Willebroek"
    },
    {
      "id": "wilrijk",
      "name": "Wilrijk"
    },
    {
      "id": "wilsele",
      "name": "Wilsele"
    },
    {
      "id": "wingene",
      "name": "Wingene"
    },
    {
      "id": "winksele",
      "name": "Winksele"
    },
    {
      "id": "woesten",
      "name": "Woesten"
    },
    {
      "id": "wolfsdonk",
      "name": "Wolfsdonk"
    },
    {
      "id": "wolkrange",
      "name": "Wolkrange"
    },
    {
      "id": "woluwe-saint-lambert",
      "name": "Woluwe-Saint-Lambert"
    },
    {
      "id": "woluwe-saint-pierre-sint-pieters-woluwe",
      "name": "Woluwe-Saint-Pierre - Sint-Pieters-Woluwe"
    },
    {
      "id": "wolvertem",
      "name": "Wolvertem"
    },
    {
      "id": "wommelgem",
      "name": "Wommelgem"
    },
    {
      "id": "wondelgem",
      "name": "Wondelgem"
    },
    {
      "id": "wortegem",
      "name": "Wortegem"
    },
    {
      "id": "wuustwezel",
      "name": "Wuustwezel"
    },
    {
      "id": "xhendremael",
      "name": "Xhendremael"
    },
    {
      "id": "xhoris",
      "name": "Xhoris"
    },
    {
      "id": "ypres",
      "name": "Ypres"
    },
    {
      "id": "yvoir",
      "name": "Yvoir"
    },
    {
      "id": "zaffelare",
      "name": "Zaffelare"
    },
    {
      "id": "zandbergen",
      "name": "Zandbergen"
    },
    {
      "id": "zandhoven",
      "name": "Zandhoven"
    },
    {
      "id": "zarren",
      "name": "Zarren"
    },
    {
      "id": "zaventem",
      "name": "Zaventem"
    },
    {
      "id": "zedelgem",
      "name": "Zedelgem"
    },
    {
      "id": "zeebrugge",
      "name": "Zeebrugge"
    },
    {
      "id": "zele",
      "name": "Zele"
    },
    {
      "id": "zellik",
      "name": "Zellik"
    },
    {
      "id": "zelzate",
      "name": "Zelzate"
    },
    {
      "id": "zemst",
      "name": "Zemst"
    },
    {
      "id": "zeveneken",
      "name": "Zeveneken"
    },
    {
      "id": "zichem",
      "name": "Zichem"
    },
    {
      "id": "zingem",
      "name": "Zingem"
    },
    {
      "id": "zoersel",
      "name": "Zoersel"
    },
    {
      "id": "zolder",
      "name": "Zolder"
    },
    {
      "id": "zomergem",
      "name": "Zomergem"
    },
    {
      "id": "zonhoven",
      "name": "Zonhoven"
    },
    {
      "id": "zonnebeke",
      "name": "Zonnebeke"
    },
    {
      "id": "zottegem",
      "name": "Zottegem"
    },
    {
      "id": "zoutleeuw",
      "name": "Zoutleeuw"
    },
    {
      "id": "zuienkerke",
      "name": "Zuienkerke"
    },
    {
      "id": "zulte",
      "name": "Zulte"
    },
    {
      "id": "zutendaal",
      "name": "Zutendaal"
    },
    {
      "id": "zwartenbroek",
      "name": "Zwartenbroek"
    },
    {
      "id": "zwevegem",
      "name": "Zwevegem"
    },
    {
      "id": "zwevezele",
      "name": "Zwevezele"
    },
    {
      "id": "zwijnaarde",
      "name": "Zwijnaarde"
    },
    {
      "id": "zwijndrecht",
      "name": "Zwijndrecht"
    }
  ]
}