{
  "coid": "CH",
  "cities": [
    {
      "id": "aadorf",
      "name": "Aadorf"
    },
    {
      "id": "aarau",
      "name": "Aarau"
    },
    {
      "id": "aarberg",
      "name": "Aarberg"
    },
    {
      "id": "aarburg",
      "name": "Aarburg"
    },
    {
      "id": "abtwil",
      "name": "Abtwil"
    },
    {
      "id": "adelboden",
      "name": "Adelboden"
    },
    {
      "id": "adligenswil",
      "name": "Adligenswil"
    },
    {
      "id": "adliswil",
      "name": "Adliswil"
    },
    {
      "id": "aesch",
      "name": "Aesch"
    },
    {
      "id": "aeschau",
      "name": "Aeschau"
    },
    {
      "id": "aeschlen-ob-gunten",
      "name": "Aeschlen ob Gunten"
    },
    {
      "id": "aettenschwil",
      "name": "Aettenschwil"
    },
    {
      "id": "aeugst-am-albis",
      "name": "Aeugst am Albis"
    },
    {
      "id": "affoltern-am-albis",
      "name": "Affoltern am Albis"
    },
    {
      "id": "agno",
      "name": "Agno"
    },
    {
      "id": "agra",
      "name": "Agra"
    },
    {
      "id": "aigle",
      "name": "Aigle"
    },
    {
      "id": "airolo",
      "name": "Airolo"
    },
    {
      "id": "alberswil",
      "name": "Alberswil"
    },
    {
      "id": "albligen",
      "name": "Albligen"
    },
    {
      "id": "alchenstorf",
      "name": "Alchenstorf"
    },
    {
      "id": "allaman",
      "name": "Allaman"
    },
    {
      "id": "allschwil",
      "name": "Allschwil"
    },
    {
      "id": "alpnach",
      "name": "Alpnach"
    },
    {
      "id": "alt-bachs",
      "name": "Alt-Bachs"
    },
    {
      "id": "altdorf",
      "name": "Altdorf"
    },
    {
      "id": "altendorf",
      "name": "Altendorf"
    },
    {
      "id": "altenrhein",
      "name": "Altenrhein"
    },
    {
      "id": "alterswil",
      "name": "Alterswil"
    },
    {
      "id": "altishofen",
      "name": "Altishofen"
    },
    {
      "id": "altnau",
      "name": "Altnau"
    },
    {
      "id": "altstatten",
      "name": "Altstatten"
    },
    {
      "id": "amden",
      "name": "Amden"
    },
    {
      "id": "amriswil",
      "name": "Amriswil"
    },
    {
      "id": "amsoldingen",
      "name": "Amsoldingen"
    },
    {
      "id": "andermatt",
      "name": "Andermatt"
    },
    {
      "id": "andwil",
      "name": "Andwil"
    },
    {
      "id": "anieres",
      "name": "Anieres"
    },
    {
      "id": "appenzell",
      "name": "Appenzell"
    },
    {
      "id": "apples",
      "name": "Apples"
    },
    {
      "id": "apro",
      "name": "Apro"
    },
    {
      "id": "arbaz",
      "name": "Arbaz"
    },
    {
      "id": "arbedo",
      "name": "Arbedo"
    },
    {
      "id": "arbon",
      "name": "Arbon"
    },
    {
      "id": "arcegno",
      "name": "Arcegno"
    },
    {
      "id": "ardon",
      "name": "Ardon"
    },
    {
      "id": "arisdorf",
      "name": "Arisdorf"
    },
    {
      "id": "aristau",
      "name": "Aristau"
    },
    {
      "id": "arlesheim",
      "name": "Arlesheim"
    },
    {
      "id": "arni",
      "name": "Arni"
    },
    {
      "id": "arogno",
      "name": "Arogno"
    },
    {
      "id": "arosa",
      "name": "Arosa"
    },
    {
      "id": "arth",
      "name": "Arth"
    },
    {
      "id": "arzier",
      "name": "Arzier"
    },
    {
      "id": "arzo",
      "name": "Arzo"
    },
    {
      "id": "ascona",
      "name": "Ascona"
    },
    {
      "id": "assens",
      "name": "Assens"
    },
    {
      "id": "attalens",
      "name": "Attalens"
    },
    {
      "id": "attinghausen",
      "name": "Attinghausen"
    },
    {
      "id": "attiswil",
      "name": "Attiswil"
    },
    {
      "id": "au",
      "name": "Au"
    },
    {
      "id": "aubonne",
      "name": "Aubonne"
    },
    {
      "id": "auenstein",
      "name": "Auenstein"
    },
    {
      "id": "augst",
      "name": "Augst"
    },
    {
      "id": "ausser-dinhard",
      "name": "Ausser-Dinhard"
    },
    {
      "id": "autigny",
      "name": "Autigny"
    },
    {
      "id": "auvernier",
      "name": "Auvernier"
    },
    {
      "id": "auw",
      "name": "Auw"
    },
    {
      "id": "avenches",
      "name": "Avenches"
    },
    {
      "id": "avry",
      "name": "Avry"
    },
    {
      "id": "ayent",
      "name": "Ayent"
    },
    {
      "id": "ayer",
      "name": "Ayer"
    },
    {
      "id": "baar",
      "name": "Baar"
    },
    {
      "id": "bach",
      "name": "Bach"
    },
    {
      "id": "bachenbulach",
      "name": "Bachenbulach"
    },
    {
      "id": "bad-ragaz",
      "name": "Bad Ragaz"
    },
    {
      "id": "bad-zurzach",
      "name": "Bad Zurzach"
    },
    {
      "id": "baden",
      "name": "Baden"
    },
    {
      "id": "balerna",
      "name": "Balerna"
    },
    {
      "id": "balgach",
      "name": "Balgach"
    },
    {
      "id": "ballwil",
      "name": "Ballwil"
    },
    {
      "id": "balsthal",
      "name": "Balsthal"
    },
    {
      "id": "balterswil",
      "name": "Balterswil"
    },
    {
      "id": "banco",
      "name": "Banco"
    },
    {
      "id": "bangerten",
      "name": "Bangerten"
    },
    {
      "id": "bannwil",
      "name": "Bannwil"
    },
    {
      "id": "barbereche",
      "name": "Barbereche"
    },
    {
      "id": "baretswil",
      "name": "Baretswil"
    },
    {
      "id": "bariswil",
      "name": "Bariswil"
    },
    {
      "id": "basadingen",
      "name": "Basadingen"
    },
    {
      "id": "basel",
      "name": "Basel"
    },
    {
      "id": "basse-nendaz",
      "name": "Basse-Nendaz"
    },
    {
      "id": "bassecourt",
      "name": "Bassecourt"
    },
    {
      "id": "bassersdorf",
      "name": "Bassersdorf"
    },
    {
      "id": "batterkinden",
      "name": "Batterkinden"
    },
    {
      "id": "baulmes",
      "name": "Baulmes"
    },
    {
      "id": "bauma",
      "name": "Bauma"
    },
    {
      "id": "bavois",
      "name": "Bavois"
    },
    {
      "id": "bazenheid",
      "name": "Bazenheid"
    },
    {
      "id": "beckenried",
      "name": "Beckenried"
    },
    {
      "id": "begnins",
      "name": "Begnins"
    },
    {
      "id": "beinwil",
      "name": "Beinwil"
    },
    {
      "id": "belfaux",
      "name": "Belfaux"
    },
    {
      "id": "bellerive",
      "name": "Bellerive"
    },
    {
      "id": "bellevue",
      "name": "Bellevue"
    },
    {
      "id": "bellinzona",
      "name": "Bellinzona"
    },
    {
      "id": "bellmund",
      "name": "Bellmund"
    },
    {
      "id": "belmont-sur-lausanne",
      "name": "Belmont-sur-Lausanne"
    },
    {
      "id": "belp",
      "name": "Belp"
    },
    {
      "id": "benken",
      "name": "Benken"
    },
    {
      "id": "berg",
      "name": "Berg"
    },
    {
      "id": "berikon",
      "name": "Berikon"
    },
    {
      "id": "beringen",
      "name": "Beringen"
    },
    {
      "id": "berlikon",
      "name": "Berlikon"
    },
    {
      "id": "bern",
      "name": "Bern"
    },
    {
      "id": "bern-liebefeld",
      "name": "Bern / Liebefeld"
    },
    {
      "id": "berneck",
      "name": "Berneck"
    },
    {
      "id": "bernex",
      "name": "Bernex"
    },
    {
      "id": "beromuenster",
      "name": "Beromuenster"
    },
    {
      "id": "bettingen",
      "name": "Bettingen"
    },
    {
      "id": "bettlach",
      "name": "Bettlach"
    },
    {
      "id": "beuson",
      "name": "Beuson"
    },
    {
      "id": "bevaix",
      "name": "Bevaix"
    },
    {
      "id": "bevilard",
      "name": "Bevilard"
    },
    {
      "id": "bex",
      "name": "Bex"
    },
    {
      "id": "biasca",
      "name": "Biasca"
    },
    {
      "id": "biberist",
      "name": "Biberist"
    },
    {
      "id": "biel-benken",
      "name": "Biel-Benken"
    },
    {
      "id": "bielbienne",
      "name": "Biel/Bienne"
    },
    {
      "id": "biere",
      "name": "Biere"
    },
    {
      "id": "bigenthal",
      "name": "Bigenthal"
    },
    {
      "id": "bigorio",
      "name": "Bigorio"
    },
    {
      "id": "bilten",
      "name": "Bilten"
    },
    {
      "id": "binningen",
      "name": "Binningen"
    },
    {
      "id": "bioggio",
      "name": "Bioggio"
    },
    {
      "id": "birmensdorf",
      "name": "Birmensdorf"
    },
    {
      "id": "birmenstorf",
      "name": "Birmenstorf"
    },
    {
      "id": "birr",
      "name": "Birr"
    },
    {
      "id": "birsfelden",
      "name": "Birsfelden"
    },
    {
      "id": "bissegg",
      "name": "Bissegg"
    },
    {
      "id": "bissone",
      "name": "Bissone"
    },
    {
      "id": "bitsch",
      "name": "Bitsch"
    },
    {
      "id": "blonay",
      "name": "Blonay"
    },
    {
      "id": "blumenstein",
      "name": "Blumenstein"
    },
    {
      "id": "bogis-bossey",
      "name": "Bogis-Bossey"
    },
    {
      "id": "boll",
      "name": "Boll"
    },
    {
      "id": "bolligen",
      "name": "Bolligen"
    },
    {
      "id": "bonaduz",
      "name": "Bonaduz"
    },
    {
      "id": "bonigen",
      "name": "Bonigen"
    },
    {
      "id": "bonnefontaine",
      "name": "Bonnefontaine"
    },
    {
      "id": "bonstetten",
      "name": "Bonstetten"
    },
    {
      "id": "borex",
      "name": "Borex"
    },
    {
      "id": "bosingen",
      "name": "Bosingen"
    },
    {
      "id": "bottens",
      "name": "Bottens"
    },
    {
      "id": "bottenwil",
      "name": "Bottenwil"
    },
    {
      "id": "bottighofen",
      "name": "Bottighofen"
    },
    {
      "id": "bottmingen",
      "name": "Bottmingen"
    },
    {
      "id": "boudry",
      "name": "Boudry"
    },
    {
      "id": "bouveret",
      "name": "Bouveret"
    },
    {
      "id": "bramois",
      "name": "Bramois"
    },
    {
      "id": "breitenbach",
      "name": "Breitenbach"
    },
    {
      "id": "bremgarten",
      "name": "Bremgarten"
    },
    {
      "id": "brenzikofen",
      "name": "Brenzikofen"
    },
    {
      "id": "brienz",
      "name": "Brienz"
    },
    {
      "id": "brig",
      "name": "Brig"
    },
    {
      "id": "brislach",
      "name": "Brislach"
    },
    {
      "id": "brissago",
      "name": "Brissago"
    },
    {
      "id": "bristen",
      "name": "Bristen"
    },
    {
      "id": "brittnau",
      "name": "Brittnau"
    },
    {
      "id": "broc",
      "name": "Broc"
    },
    {
      "id": "bronschhofen",
      "name": "Bronschhofen"
    },
    {
      "id": "brugg",
      "name": "Brugg"
    },
    {
      "id": "brunnen",
      "name": "Brunnen"
    },
    {
      "id": "brusino-arsizio",
      "name": "Brusino Arsizio"
    },
    {
      "id": "brutten",
      "name": "Brutten"
    },
    {
      "id": "bruttisellen",
      "name": "Bruttisellen"
    },
    {
      "id": "bubendorf",
      "name": "Bubendorf"
    },
    {
      "id": "bubikon",
      "name": "Bubikon"
    },
    {
      "id": "buch",
      "name": "Buch"
    },
    {
      "id": "buchberg",
      "name": "Buchberg"
    },
    {
      "id": "buchrain",
      "name": "Buchrain"
    },
    {
      "id": "buchs",
      "name": "Buchs"
    },
    {
      "id": "buchs-buchs-dorf",
      "name": "Buchs / Buchs (Dorf)"
    },
    {
      "id": "buetschwil",
      "name": "Buetschwil"
    },
    {
      "id": "buix",
      "name": "Buix"
    },
    {
      "id": "bulach",
      "name": "Bulach"
    },
    {
      "id": "bulle",
      "name": "Bulle"
    },
    {
      "id": "buochs",
      "name": "Buochs"
    },
    {
      "id": "buonas",
      "name": "Buonas"
    },
    {
      "id": "burchen",
      "name": "Burchen"
    },
    {
      "id": "buren-an-der-aare",
      "name": "Buren an der Aare"
    },
    {
      "id": "buren-nid-dem-bach",
      "name": "Buren nid dem Bach"
    },
    {
      "id": "burgdorf",
      "name": "Burgdorf"
    },
    {
      "id": "burglen",
      "name": "Burglen"
    },
    {
      "id": "bursins",
      "name": "Bursins"
    },
    {
      "id": "busserach",
      "name": "Busserach"
    },
    {
      "id": "bussigny",
      "name": "Bussigny"
    },
    {
      "id": "busswil",
      "name": "Busswil"
    },
    {
      "id": "buttes",
      "name": "Buttes"
    },
    {
      "id": "buttisholz",
      "name": "Buttisholz"
    },
    {
      "id": "butzberg",
      "name": "Butzberg"
    },
    {
      "id": "buus",
      "name": "Buus"
    },
    {
      "id": "cadempino",
      "name": "Cadempino"
    },
    {
      "id": "cadenazzo",
      "name": "Cadenazzo"
    },
    {
      "id": "cadro",
      "name": "Cadro"
    },
    {
      "id": "camorino",
      "name": "Camorino"
    },
    {
      "id": "campfer",
      "name": "Campfer"
    },
    {
      "id": "canobbio",
      "name": "Canobbio"
    },
    {
      "id": "capolago",
      "name": "Capolago"
    },
    {
      "id": "carouge",
      "name": "Carouge"
    },
    {
      "id": "cartigny",
      "name": "Cartigny"
    },
    {
      "id": "caslano",
      "name": "Caslano"
    },
    {
      "id": "castione",
      "name": "Castione"
    },
    {
      "id": "cazis",
      "name": "Cazis"
    },
    {
      "id": "celerina",
      "name": "Celerina"
    },
    {
      "id": "celigny",
      "name": "Celigny"
    },
    {
      "id": "cernier",
      "name": "Cernier"
    },
    {
      "id": "chalais",
      "name": "Chalais"
    },
    {
      "id": "cham",
      "name": "Cham"
    },
    {
      "id": "chambesy",
      "name": "Chambesy"
    },
    {
      "id": "chamoson",
      "name": "Chamoson"
    },
    {
      "id": "champagne",
      "name": "Champagne"
    },
    {
      "id": "champex",
      "name": "Champex"
    },
    {
      "id": "champsec",
      "name": "Champsec"
    },
    {
      "id": "chancy",
      "name": "Chancy"
    },
    {
      "id": "chapelle",
      "name": "Chapelle"
    },
    {
      "id": "chardonne",
      "name": "Chardonne"
    },
    {
      "id": "charmey",
      "name": "Charmey"
    },
    {
      "id": "charrat-les-chenes",
      "name": "Charrat-les-Chenes"
    },
    {
      "id": "chatel-saint-denis",
      "name": "Chatel-Saint-Denis"
    },
    {
      "id": "chatelaine",
      "name": "Chatelaine"
    },
    {
      "id": "chavannes",
      "name": "Chavannes"
    },
    {
      "id": "chavannes-de-bogis",
      "name": "Chavannes de Bogis"
    },
    {
      "id": "chavannes-les-forts",
      "name": "Chavannes-les-Forts"
    },
    {
      "id": "chavornay",
      "name": "Chavornay"
    },
    {
      "id": "cheiry",
      "name": "Cheiry"
    },
    {
      "id": "chene-bougeries",
      "name": "Chene-Bougeries"
    },
    {
      "id": "chene-bourg",
      "name": "Chene-Bourg"
    },
    {
      "id": "chene-paquier",
      "name": "Chene-Paquier"
    },
    {
      "id": "cheseaux-sur-lausanne",
      "name": "Cheseaux-sur-Lausanne"
    },
    {
      "id": "chesieres",
      "name": "Chesieres"
    },
    {
      "id": "chexbres",
      "name": "Chexbres"
    },
    {
      "id": "cheyres",
      "name": "Cheyres"
    },
    {
      "id": "chez-le-bart",
      "name": "Chez-le-Bart"
    },
    {
      "id": "chiasso",
      "name": "Chiasso"
    },
    {
      "id": "chippis",
      "name": "Chippis"
    },
    {
      "id": "chur",
      "name": "Chur"
    },
    {
      "id": "claro",
      "name": "Claro"
    },
    {
      "id": "coeuve",
      "name": "Coeuve"
    },
    {
      "id": "cointrin",
      "name": "Cointrin"
    },
    {
      "id": "collombey",
      "name": "Collombey"
    },
    {
      "id": "colombier",
      "name": "Colombier"
    },
    {
      "id": "concise",
      "name": "Concise"
    },
    {
      "id": "confignon",
      "name": "Confignon"
    },
    {
      "id": "conthey",
      "name": "Conthey"
    },
    {
      "id": "contone",
      "name": "Contone"
    },
    {
      "id": "coppet",
      "name": "Coppet"
    },
    {
      "id": "corcelles",
      "name": "Corcelles"
    },
    {
      "id": "cordast",
      "name": "Cordast"
    },
    {
      "id": "corgemont",
      "name": "Corgemont"
    },
    {
      "id": "corminboeuf",
      "name": "Corminboeuf"
    },
    {
      "id": "cornaux",
      "name": "Cornaux"
    },
    {
      "id": "corsier",
      "name": "Corsier"
    },
    {
      "id": "cortaillod",
      "name": "Cortaillod"
    },
    {
      "id": "cossonay",
      "name": "Cossonay"
    },
    {
      "id": "cottens",
      "name": "Cottens"
    },
    {
      "id": "courfaivre",
      "name": "Courfaivre"
    },
    {
      "id": "courgenay",
      "name": "Courgenay"
    },
    {
      "id": "courrendlin",
      "name": "Courrendlin"
    },
    {
      "id": "courroux",
      "name": "Courroux"
    },
    {
      "id": "court",
      "name": "Court"
    },
    {
      "id": "courtedoux",
      "name": "Courtedoux"
    },
    {
      "id": "courtelary",
      "name": "Courtelary"
    },
    {
      "id": "courtemaiche",
      "name": "Courtemaiche"
    },
    {
      "id": "courtepin",
      "name": "Courtepin"
    },
    {
      "id": "courtetelle",
      "name": "Courtetelle"
    },
    {
      "id": "courtion",
      "name": "Courtion"
    },
    {
      "id": "couvet",
      "name": "Couvet"
    },
    {
      "id": "crassier",
      "name": "Crassier"
    },
    {
      "id": "cremines",
      "name": "Cremines"
    },
    {
      "id": "cressier",
      "name": "Cressier"
    },
    {
      "id": "crissier",
      "name": "Crissier"
    },
    {
      "id": "cudrefin",
      "name": "Cudrefin"
    },
    {
      "id": "cugnasco",
      "name": "Cugnasco"
    },
    {
      "id": "cugy",
      "name": "Cugy"
    },
    {
      "id": "cully",
      "name": "Cully"
    },
    {
      "id": "dachsen",
      "name": "Dachsen"
    },
    {
      "id": "daettlikon",
      "name": "Daettlikon"
    },
    {
      "id": "dagmersellen",
      "name": "Dagmersellen"
    },
    {
      "id": "daillens",
      "name": "Daillens"
    },
    {
      "id": "dallenwil",
      "name": "Dallenwil"
    },
    {
      "id": "daniken",
      "name": "Daniken"
    },
    {
      "id": "dardagny",
      "name": "Dardagny"
    },
    {
      "id": "dattwil",
      "name": "Dattwil"
    },
    {
      "id": "davos",
      "name": "Davos"
    },
    {
      "id": "davos-dorf",
      "name": "Davos Dorf"
    },
    {
      "id": "davos-platz",
      "name": "Davos Platz"
    },
    {
      "id": "degersheim",
      "name": "Degersheim"
    },
    {
      "id": "deitingen",
      "name": "Deitingen"
    },
    {
      "id": "densbueren",
      "name": "Densbueren"
    },
    {
      "id": "derendingen",
      "name": "Derendingen"
    },
    {
      "id": "diegten",
      "name": "Diegten"
    },
    {
      "id": "dielsdorf",
      "name": "Dielsdorf"
    },
    {
      "id": "diepoldsau",
      "name": "Diepoldsau"
    },
    {
      "id": "diessbach",
      "name": "Diessbach"
    },
    {
      "id": "diessenhofen",
      "name": "Diessenhofen"
    },
    {
      "id": "dietikon",
      "name": "Dietikon"
    },
    {
      "id": "doettingen",
      "name": "Doettingen"
    },
    {
      "id": "domat",
      "name": "Domat"
    },
    {
      "id": "dombresson",
      "name": "Dombresson"
    },
    {
      "id": "domdidier",
      "name": "Domdidier"
    },
    {
      "id": "dompierre",
      "name": "Dompierre"
    },
    {
      "id": "dornach",
      "name": "Dornach"
    },
    {
      "id": "dottikon",
      "name": "Dottikon"
    },
    {
      "id": "dozwil",
      "name": "Dozwil"
    },
    {
      "id": "dubendorf",
      "name": "Dubendorf"
    },
    {
      "id": "durnten",
      "name": "Durnten"
    },
    {
      "id": "durrenasch",
      "name": "Durrenasch"
    },
    {
      "id": "ebikon",
      "name": "Ebikon"
    },
    {
      "id": "ebnat-kappel",
      "name": "Ebnat-Kappel"
    },
    {
      "id": "ecublens",
      "name": "Ecublens"
    },
    {
      "id": "ecuvillens",
      "name": "Ecuvillens"
    },
    {
      "id": "effretikon",
      "name": "Effretikon"
    },
    {
      "id": "egerkingen",
      "name": "Egerkingen"
    },
    {
      "id": "egg",
      "name": "Egg"
    },
    {
      "id": "eggenwil",
      "name": "Eggenwil"
    },
    {
      "id": "eggersriet",
      "name": "Eggersriet"
    },
    {
      "id": "eggiwil",
      "name": "Eggiwil"
    },
    {
      "id": "eglisau",
      "name": "Eglisau"
    },
    {
      "id": "egliswil",
      "name": "Egliswil"
    },
    {
      "id": "egnach",
      "name": "Egnach"
    },
    {
      "id": "eich",
      "name": "Eich"
    },
    {
      "id": "eichberg",
      "name": "Eichberg"
    },
    {
      "id": "eiken",
      "name": "Eiken"
    },
    {
      "id": "einigen",
      "name": "Einigen"
    },
    {
      "id": "einsiedeln",
      "name": "Einsiedeln"
    },
    {
      "id": "elgg",
      "name": "Elgg"
    },
    {
      "id": "ellikon-an-der-thur",
      "name": "Ellikon an der Thur"
    },
    {
      "id": "elsau-raeterschen",
      "name": "Elsau-Raeterschen"
    },
    {
      "id": "embrach",
      "name": "Embrach"
    },
    {
      "id": "emmen",
      "name": "Emmen"
    },
    {
      "id": "emmenbruecke",
      "name": "Emmenbruecke"
    },
    {
      "id": "emmetten",
      "name": "Emmetten"
    },
    {
      "id": "endingen",
      "name": "Endingen"
    },
    {
      "id": "engelberg",
      "name": "Engelberg"
    },
    {
      "id": "ennenda",
      "name": "Ennenda"
    },
    {
      "id": "enney",
      "name": "Enney"
    },
    {
      "id": "entlebuch",
      "name": "Entlebuch"
    },
    {
      "id": "epalinges",
      "name": "Epalinges"
    },
    {
      "id": "epautheyres",
      "name": "Epautheyres"
    },
    {
      "id": "ependes",
      "name": "Ependes"
    },
    {
      "id": "erde",
      "name": "Erde"
    },
    {
      "id": "erlach",
      "name": "Erlach"
    },
    {
      "id": "erlen",
      "name": "Erlen"
    },
    {
      "id": "erlenbach",
      "name": "Erlenbach"
    },
    {
      "id": "ermatingen",
      "name": "Ermatingen"
    },
    {
      "id": "erschwil",
      "name": "Erschwil"
    },
    {
      "id": "ersigen",
      "name": "Ersigen"
    },
    {
      "id": "erstfeld",
      "name": "Erstfeld"
    },
    {
      "id": "eschenbach",
      "name": "Eschenbach"
    },
    {
      "id": "eschlikon",
      "name": "Eschlikon"
    },
    {
      "id": "escholzmatt",
      "name": "Escholzmatt"
    },
    {
      "id": "essertines-sur-rolle",
      "name": "Essertines-sur-Rolle"
    },
    {
      "id": "estavayer-le-lac",
      "name": "Estavayer-le-Lac"
    },
    {
      "id": "ettingen",
      "name": "Ettingen"
    },
    {
      "id": "euthal",
      "name": "Euthal"
    },
    {
      "id": "evilard",
      "name": "Evilard"
    },
    {
      "id": "evionnaz",
      "name": "Evionnaz"
    },
    {
      "id": "eysins",
      "name": "Eysins"
    },
    {
      "id": "fahrwangen",
      "name": "Fahrwangen"
    },
    {
      "id": "fallanden",
      "name": "Fallanden"
    },
    {
      "id": "faoug",
      "name": "Faoug"
    },
    {
      "id": "fehraltorf",
      "name": "Fehraltorf"
    },
    {
      "id": "felben",
      "name": "Felben"
    },
    {
      "id": "feldbach",
      "name": "Feldbach"
    },
    {
      "id": "feldbrunnen",
      "name": "Feldbrunnen"
    },
    {
      "id": "feldmeilen",
      "name": "Feldmeilen"
    },
    {
      "id": "felsberg",
      "name": "Felsberg"
    },
    {
      "id": "felsenau",
      "name": "Felsenau"
    },
    {
      "id": "ferden",
      "name": "Ferden"
    },
    {
      "id": "ferenbalm",
      "name": "Ferenbalm"
    },
    {
      "id": "feuerthalen",
      "name": "Feuerthalen"
    },
    {
      "id": "feusisberg",
      "name": "Feusisberg"
    },
    {
      "id": "finhaut",
      "name": "Finhaut"
    },
    {
      "id": "fischenthal",
      "name": "Fischenthal"
    },
    {
      "id": "fischingen",
      "name": "Fischingen"
    },
    {
      "id": "flaach",
      "name": "Flaach"
    },
    {
      "id": "flamatt",
      "name": "Flamatt"
    },
    {
      "id": "flawil",
      "name": "Flawil"
    },
    {
      "id": "fleurier",
      "name": "Fleurier"
    },
    {
      "id": "flims",
      "name": "Flims"
    },
    {
      "id": "fluehli",
      "name": "Fluehli"
    },
    {
      "id": "flueli",
      "name": "Flueli"
    },
    {
      "id": "flums",
      "name": "Flums"
    },
    {
      "id": "flurlingen",
      "name": "Flurlingen"
    },
    {
      "id": "fontainemelon",
      "name": "Fontainemelon"
    },
    {
      "id": "forel",
      "name": "Forel"
    },
    {
      "id": "founex",
      "name": "Founex"
    },
    {
      "id": "fraubrunnen",
      "name": "Fraubrunnen"
    },
    {
      "id": "frauenfeld",
      "name": "Frauenfeld"
    },
    {
      "id": "freidorf",
      "name": "Freidorf"
    },
    {
      "id": "freienbach",
      "name": "Freienbach"
    },
    {
      "id": "frenkendorf",
      "name": "Frenkendorf"
    },
    {
      "id": "fribourg",
      "name": "Fribourg"
    },
    {
      "id": "frick",
      "name": "Frick"
    },
    {
      "id": "froideville",
      "name": "Froideville"
    },
    {
      "id": "frutigen",
      "name": "Frutigen"
    },
    {
      "id": "fulenbach",
      "name": "Fulenbach"
    },
    {
      "id": "full",
      "name": "Full"
    },
    {
      "id": "fullinsdorf",
      "name": "Fullinsdorf"
    },
    {
      "id": "fully",
      "name": "Fully"
    },
    {
      "id": "furstenaubruck",
      "name": "Furstenaubruck"
    },
    {
      "id": "gachlingen",
      "name": "Gachlingen"
    },
    {
      "id": "gais",
      "name": "Gais"
    },
    {
      "id": "gampel",
      "name": "Gampel"
    },
    {
      "id": "gampelen",
      "name": "Gampelen"
    },
    {
      "id": "gandria",
      "name": "Gandria"
    },
    {
      "id": "ganterschwil",
      "name": "Ganterschwil"
    },
    {
      "id": "gebenstorf",
      "name": "Gebenstorf"
    },
    {
      "id": "gelfingen",
      "name": "Gelfingen"
    },
    {
      "id": "gelterkinden",
      "name": "Gelterkinden"
    },
    {
      "id": "genestrerio",
      "name": "Genestrerio"
    },
    {
      "id": "geneva",
      "name": "Geneva"
    },
    {
      "id": "gerlafingen",
      "name": "Gerlafingen"
    },
    {
      "id": "gerlikon",
      "name": "Gerlikon"
    },
    {
      "id": "gersau",
      "name": "Gersau"
    },
    {
      "id": "gerzensee",
      "name": "Gerzensee"
    },
    {
      "id": "gettnau",
      "name": "Gettnau"
    },
    {
      "id": "geuensee",
      "name": "Geuensee"
    },
    {
      "id": "gimel",
      "name": "Gimel"
    },
    {
      "id": "gingins",
      "name": "Gingins"
    },
    {
      "id": "gipf-oberfrick",
      "name": "Gipf-Oberfrick"
    },
    {
      "id": "giswil",
      "name": "Giswil"
    },
    {
      "id": "giubiasco",
      "name": "Giubiasco"
    },
    {
      "id": "givrins",
      "name": "Givrins"
    },
    {
      "id": "gland",
      "name": "Gland"
    },
    {
      "id": "glaris",
      "name": "Glaris"
    },
    {
      "id": "glarus",
      "name": "Glarus"
    },
    {
      "id": "glattburg",
      "name": "Glattburg"
    },
    {
      "id": "glattfelden",
      "name": "Glattfelden"
    },
    {
      "id": "glion",
      "name": "Glion"
    },
    {
      "id": "glis",
      "name": "Glis"
    },
    {
      "id": "gnosca",
      "name": "Gnosca"
    },
    {
      "id": "goldach",
      "name": "Goldach"
    },
    {
      "id": "goldau",
      "name": "Goldau"
    },
    {
      "id": "goldiwil",
      "name": "Goldiwil"
    },
    {
      "id": "gommiswald",
      "name": "Gommiswald"
    },
    {
      "id": "gonten",
      "name": "Gonten"
    },
    {
      "id": "gontenschwil",
      "name": "Gontenschwil"
    },
    {
      "id": "gordevio",
      "name": "Gordevio"
    },
    {
      "id": "gordola",
      "name": "Gordola"
    },
    {
      "id": "goslikon",
      "name": "Goslikon"
    },
    {
      "id": "gossau",
      "name": "Gossau"
    },
    {
      "id": "gottlieben",
      "name": "Gottlieben"
    },
    {
      "id": "grabs",
      "name": "Grabs"
    },
    {
      "id": "graenichen",
      "name": "Graenichen"
    },
    {
      "id": "grancy",
      "name": "Grancy"
    },
    {
      "id": "grandcour",
      "name": "Grandcour"
    },
    {
      "id": "grandson",
      "name": "Grandson"
    },
    {
      "id": "grandval",
      "name": "Grandval"
    },
    {
      "id": "grandvillard",
      "name": "Grandvillard"
    },
    {
      "id": "granges",
      "name": "Granges"
    },
    {
      "id": "granges-pres-sion",
      "name": "Granges-pres-Sion"
    },
    {
      "id": "gravesano",
      "name": "Gravesano"
    },
    {
      "id": "greifensee",
      "name": "Greifensee"
    },
    {
      "id": "grellingen",
      "name": "Grellingen"
    },
    {
      "id": "grenchen",
      "name": "Grenchen"
    },
    {
      "id": "greppen",
      "name": "Greppen"
    },
    {
      "id": "grimentz",
      "name": "Grimentz"
    },
    {
      "id": "grimisuat",
      "name": "Grimisuat"
    },
    {
      "id": "grindelwald",
      "name": "Grindelwald"
    },
    {
      "id": "grolley",
      "name": "Grolley"
    },
    {
      "id": "grone",
      "name": "Grone"
    },
    {
      "id": "grono",
      "name": "Grono"
    },
    {
      "id": "grossandelfingen",
      "name": "Grossandelfingen"
    },
    {
      "id": "grosswangen",
      "name": "Grosswangen"
    },
    {
      "id": "grueningen",
      "name": "Grueningen"
    },
    {
      "id": "grund",
      "name": "Grund"
    },
    {
      "id": "gryon",
      "name": "Gryon"
    },
    {
      "id": "gstaad",
      "name": "Gstaad"
    },
    {
      "id": "gumligen",
      "name": "Gumligen"
    },
    {
      "id": "gummenen",
      "name": "Gummenen"
    },
    {
      "id": "gunten",
      "name": "Gunten"
    },
    {
      "id": "gunzgen",
      "name": "Gunzgen"
    },
    {
      "id": "guttingen",
      "name": "Guttingen"
    },
    {
      "id": "gwatt",
      "name": "Gwatt"
    },
    {
      "id": "habkern",
      "name": "Habkern"
    },
    {
      "id": "habsburg",
      "name": "Habsburg"
    },
    {
      "id": "hagenbuch",
      "name": "Hagenbuch"
    },
    {
      "id": "hagendorf",
      "name": "Hagendorf"
    },
    {
      "id": "hagglingen",
      "name": "Hagglingen"
    },
    {
      "id": "hagneck",
      "name": "Hagneck"
    },
    {
      "id": "haldenstein",
      "name": "Haldenstein"
    },
    {
      "id": "hasle",
      "name": "Hasle"
    },
    {
      "id": "hauptwil",
      "name": "Hauptwil"
    },
    {
      "id": "hausen",
      "name": "Hausen"
    },
    {
      "id": "hausen-am-albis-hausen-dorf",
      "name": "Hausen am Albis / Hausen (Dorf)"
    },
    {
      "id": "hauterive",
      "name": "Hauterive"
    },
    {
      "id": "hauteville",
      "name": "Hauteville"
    },
    {
      "id": "heerbrugg",
      "name": "Heerbrugg"
    },
    {
      "id": "heiden",
      "name": "Heiden"
    },
    {
      "id": "heimberg",
      "name": "Heimberg"
    },
    {
      "id": "heimiswil",
      "name": "Heimiswil"
    },
    {
      "id": "heitenried",
      "name": "Heitenried"
    },
    {
      "id": "hellbuehl",
      "name": "Hellbuehl"
    },
    {
      "id": "hemmental",
      "name": "Hemmental"
    },
    {
      "id": "henau",
      "name": "Henau"
    },
    {
      "id": "hendschiken",
      "name": "Hendschiken"
    },
    {
      "id": "henggart",
      "name": "Henggart"
    },
    {
      "id": "herbetswil",
      "name": "Herbetswil"
    },
    {
      "id": "herdern",
      "name": "Herdern"
    },
    {
      "id": "hergiswil",
      "name": "Hergiswil"
    },
    {
      "id": "herisau",
      "name": "Herisau"
    },
    {
      "id": "hermance",
      "name": "Hermance"
    },
    {
      "id": "hermetschwil-staffeln",
      "name": "Hermetschwil-Staffeln"
    },
    {
      "id": "herrliberg",
      "name": "Herrliberg"
    },
    {
      "id": "herzogenbuchsee",
      "name": "Herzogenbuchsee"
    },
    {
      "id": "hettlingen",
      "name": "Hettlingen"
    },
    {
      "id": "hildisrieden",
      "name": "Hildisrieden"
    },
    {
      "id": "hilterfingen",
      "name": "Hilterfingen"
    },
    {
      "id": "himmelried",
      "name": "Himmelried"
    },
    {
      "id": "hindelbank",
      "name": "Hindelbank"
    },
    {
      "id": "hinterkappelen",
      "name": "Hinterkappelen"
    },
    {
      "id": "hinwil",
      "name": "Hinwil"
    },
    {
      "id": "hirzel-kirche",
      "name": "Hirzel-Kirche"
    },
    {
      "id": "hittnau",
      "name": "Hittnau"
    },
    {
      "id": "hitzkirch",
      "name": "Hitzkirch"
    },
    {
      "id": "hochdorf",
      "name": "Hochdorf"
    },
    {
      "id": "hochwald",
      "name": "Hochwald"
    },
    {
      "id": "hoerstetten",
      "name": "Hoerstetten"
    },
    {
      "id": "hofstetten",
      "name": "Hofstetten"
    },
    {
      "id": "holderbank",
      "name": "Holderbank"
    },
    {
      "id": "holstein",
      "name": "Holstein"
    },
    {
      "id": "hombrechtikon",
      "name": "Hombrechtikon"
    },
    {
      "id": "horgen",
      "name": "Horgen"
    },
    {
      "id": "horn",
      "name": "Horn"
    },
    {
      "id": "hornussen",
      "name": "Hornussen"
    },
    {
      "id": "horw",
      "name": "Horw"
    },
    {
      "id": "hundwil",
      "name": "Hundwil"
    },
    {
      "id": "hunenberg",
      "name": "Hunenberg"
    },
    {
      "id": "hunibach",
      "name": "Hunibach"
    },
    {
      "id": "huntwangen",
      "name": "Huntwangen"
    },
    {
      "id": "hunzenschwil",
      "name": "Hunzenschwil"
    },
    {
      "id": "huttwil",
      "name": "Huttwil"
    },
    {
      "id": "ibach",
      "name": "Ibach"
    },
    {
      "id": "igis",
      "name": "Igis"
    },
    {
      "id": "ilanz",
      "name": "Ilanz"
    },
    {
      "id": "illnau",
      "name": "Illnau"
    },
    {
      "id": "immensee",
      "name": "Immensee"
    },
    {
      "id": "ingenbohl",
      "name": "Ingenbohl"
    },
    {
      "id": "ins",
      "name": "Ins"
    },
    {
      "id": "interlaken",
      "name": "Interlaken"
    },
    {
      "id": "inwil",
      "name": "Inwil"
    },
    {
      "id": "iragna",
      "name": "Iragna"
    },
    {
      "id": "iseo",
      "name": "Iseo"
    },
    {
      "id": "iserables",
      "name": "Iserables"
    },
    {
      "id": "islikon",
      "name": "Islikon"
    },
    {
      "id": "ittenthal",
      "name": "Ittenthal"
    },
    {
      "id": "jegenstorf",
      "name": "Jegenstorf"
    },
    {
      "id": "jenaz",
      "name": "Jenaz"
    },
    {
      "id": "jona",
      "name": "Jona"
    },
    {
      "id": "jonen",
      "name": "Jonen"
    },
    {
      "id": "jonschwil",
      "name": "Jonschwil"
    },
    {
      "id": "jussy",
      "name": "Jussy"
    },
    {
      "id": "kaiseraugst",
      "name": "Kaiseraugst"
    },
    {
      "id": "kaiserstuhl",
      "name": "Kaiserstuhl"
    },
    {
      "id": "kaisten",
      "name": "Kaisten"
    },
    {
      "id": "kallnach",
      "name": "Kallnach"
    },
    {
      "id": "kaltbrunn",
      "name": "Kaltbrunn"
    },
    {
      "id": "kappel",
      "name": "Kappel"
    },
    {
      "id": "kastanienbaum",
      "name": "Kastanienbaum"
    },
    {
      "id": "kefikon",
      "name": "Kefikon"
    },
    {
      "id": "kehrsatz",
      "name": "Kehrsatz"
    },
    {
      "id": "kempttal",
      "name": "Kempttal"
    },
    {
      "id": "kernenried",
      "name": "Kernenried"
    },
    {
      "id": "kerns",
      "name": "Kerns"
    },
    {
      "id": "kerzers",
      "name": "Kerzers"
    },
    {
      "id": "kiesen",
      "name": "Kiesen"
    },
    {
      "id": "kilchberg",
      "name": "Kilchberg"
    },
    {
      "id": "killwangen",
      "name": "Killwangen"
    },
    {
      "id": "kirchberg",
      "name": "Kirchberg"
    },
    {
      "id": "kirchdorf",
      "name": "Kirchdorf"
    },
    {
      "id": "kleinlutzel",
      "name": "Kleinlutzel"
    },
    {
      "id": "klingnau",
      "name": "Klingnau"
    },
    {
      "id": "klosters-platz",
      "name": "Klosters Platz"
    },
    {
      "id": "klosters-serneus",
      "name": "Klosters Serneus"
    },
    {
      "id": "kloten",
      "name": "Kloten"
    },
    {
      "id": "koblenz",
      "name": "Koblenz"
    },
    {
      "id": "kollbrunn",
      "name": "Kollbrunn"
    },
    {
      "id": "kolliken",
      "name": "Kolliken"
    },
    {
      "id": "konolfingen",
      "name": "Konolfingen"
    },
    {
      "id": "koppigen",
      "name": "Koppigen"
    },
    {
      "id": "kradolf",
      "name": "Kradolf"
    },
    {
      "id": "krauchthal",
      "name": "Krauchthal"
    },
    {
      "id": "kreuzlingen",
      "name": "Kreuzlingen"
    },
    {
      "id": "kriegstetten",
      "name": "Kriegstetten"
    },
    {
      "id": "kriens",
      "name": "Kriens"
    },
    {
      "id": "kronbuhl",
      "name": "Kronbuhl"
    },
    {
      "id": "kuesnacht",
      "name": "Kuesnacht"
    },
    {
      "id": "kulm",
      "name": "Kulm"
    },
    {
      "id": "la-chaux",
      "name": "La Chaux"
    },
    {
      "id": "la-chaux-de-fonds",
      "name": "La Chaux-de-Fonds"
    },
    {
      "id": "la-chiesaz",
      "name": "La Chiesaz"
    },
    {
      "id": "la-neuveville",
      "name": "La Neuveville"
    },
    {
      "id": "la-plaine",
      "name": "La Plaine"
    },
    {
      "id": "la-roche",
      "name": "La Roche"
    },
    {
      "id": "la-sarraz",
      "name": "La Sarraz"
    },
    {
      "id": "la-tour-de-peilz",
      "name": "La Tour-de-Peilz"
    },
    {
      "id": "laax",
      "name": "Laax"
    },
    {
      "id": "lachen",
      "name": "Lachen"
    },
    {
      "id": "lamboing",
      "name": "Lamboing"
    },
    {
      "id": "landquart",
      "name": "Landquart"
    },
    {
      "id": "langenbruck",
      "name": "Langenbruck"
    },
    {
      "id": "langenthal",
      "name": "Langenthal"
    },
    {
      "id": "langnau",
      "name": "Langnau"
    },
    {
      "id": "langnau-am-albis",
      "name": "Langnau am Albis"
    },
    {
      "id": "lauenen",
      "name": "Lauenen"
    },
    {
      "id": "lauerz",
      "name": "Lauerz"
    },
    {
      "id": "laufelfingen",
      "name": "Laufelfingen"
    },
    {
      "id": "laufen",
      "name": "Laufen"
    },
    {
      "id": "laufenburg",
      "name": "Laufenburg"
    },
    {
      "id": "laupen",
      "name": "Laupen"
    },
    {
      "id": "lausanne",
      "name": "Lausanne"
    },
    {
      "id": "lausen",
      "name": "Lausen"
    },
    {
      "id": "le-brassus",
      "name": "Le Brassus"
    },
    {
      "id": "le-bry",
      "name": "Le Bry"
    },
    {
      "id": "le-cret",
      "name": "Le Cret"
    },
    {
      "id": "le-grand-saconnex",
      "name": "Le Grand-Saconnex"
    },
    {
      "id": "le-landeron",
      "name": "Le Landeron"
    },
    {
      "id": "le-locle",
      "name": "Le Locle"
    },
    {
      "id": "le-mont-sur-lausanne",
      "name": "Le Mont-sur-Lausanne"
    },
    {
      "id": "le-noirmont",
      "name": "Le Noirmont"
    },
    {
      "id": "le-sentier",
      "name": "Le Sentier"
    },
    {
      "id": "le-vaud",
      "name": "Le Vaud"
    },
    {
      "id": "leibstadt",
      "name": "Leibstadt"
    },
    {
      "id": "lengnau",
      "name": "Lengnau"
    },
    {
      "id": "lenk",
      "name": "Lenk"
    },
    {
      "id": "lenz",
      "name": "Lenz"
    },
    {
      "id": "lenzburg",
      "name": "Lenzburg"
    },
    {
      "id": "lenzerheide",
      "name": "Lenzerheide"
    },
    {
      "id": "les-acacias",
      "name": "Les Acacias"
    },
    {
      "id": "les-breuleux",
      "name": "Les Breuleux"
    },
    {
      "id": "les-diablerets",
      "name": "Les Diablerets"
    },
    {
      "id": "les-geneveys-sur-coffrane",
      "name": "Les Geneveys-sur-Coffrane"
    },
    {
      "id": "les-genevez",
      "name": "Les Genevez"
    },
    {
      "id": "les-hauts-geneveys",
      "name": "Les Hauts-Geneveys"
    },
    {
      "id": "les-pommerats",
      "name": "Les Pommerats"
    },
    {
      "id": "les-verrieres",
      "name": "Les Verrieres"
    },
    {
      "id": "leukerbad",
      "name": "Leukerbad"
    },
    {
      "id": "leutwil",
      "name": "Leutwil"
    },
    {
      "id": "leysin",
      "name": "Leysin"
    },
    {
      "id": "lichtensteig",
      "name": "Lichtensteig"
    },
    {
      "id": "liddes",
      "name": "Liddes"
    },
    {
      "id": "liebistorf",
      "name": "Liebistorf"
    },
    {
      "id": "lienz",
      "name": "Lienz"
    },
    {
      "id": "liestal",
      "name": "Liestal"
    },
    {
      "id": "ligerz",
      "name": "Ligerz"
    },
    {
      "id": "lignieres",
      "name": "Lignieres"
    },
    {
      "id": "lindau",
      "name": "Lindau"
    },
    {
      "id": "littau",
      "name": "Littau"
    },
    {
      "id": "locarno",
      "name": "Locarno"
    },
    {
      "id": "loco",
      "name": "Loco"
    },
    {
      "id": "lodrino",
      "name": "Lodrino"
    },
    {
      "id": "lohn",
      "name": "Lohn"
    },
    {
      "id": "lommis",
      "name": "Lommis"
    },
    {
      "id": "losone",
      "name": "Losone"
    },
    {
      "id": "lostorf",
      "name": "Lostorf"
    },
    {
      "id": "lotzwil",
      "name": "Lotzwil"
    },
    {
      "id": "lucens",
      "name": "Lucens"
    },
    {
      "id": "lucerne",
      "name": "Lucerne"
    },
    {
      "id": "lugano",
      "name": "Lugano"
    },
    {
      "id": "lungern",
      "name": "Lungern"
    },
    {
      "id": "lurtigen",
      "name": "Lurtigen"
    },
    {
      "id": "lutisburg",
      "name": "Lutisburg"
    },
    {
      "id": "lutry",
      "name": "Lutry"
    },
    {
      "id": "luvis",
      "name": "Luvis"
    },
    {
      "id": "lyss",
      "name": "Lyss"
    },
    {
      "id": "lyssach",
      "name": "Lyssach"
    },
    {
      "id": "maerstetten-dorf",
      "name": "Maerstetten-Dorf"
    },
    {
      "id": "magadino",
      "name": "Magadino"
    },
    {
      "id": "magden",
      "name": "Magden"
    },
    {
      "id": "maggia",
      "name": "Maggia"
    },
    {
      "id": "maisprach",
      "name": "Maisprach"
    },
    {
      "id": "malleray",
      "name": "Malleray"
    },
    {
      "id": "malters",
      "name": "Malters"
    },
    {
      "id": "mannedorf",
      "name": "Mannedorf"
    },
    {
      "id": "manno",
      "name": "Manno"
    },
    {
      "id": "marin",
      "name": "Marin"
    },
    {
      "id": "maroggia",
      "name": "Maroggia"
    },
    {
      "id": "marsens",
      "name": "Marsens"
    },
    {
      "id": "martigny-croix",
      "name": "Martigny-Croix"
    },
    {
      "id": "martigny-ville",
      "name": "Martigny-Ville"
    },
    {
      "id": "maschwanden",
      "name": "Maschwanden"
    },
    {
      "id": "massagno",
      "name": "Massagno"
    },
    {
      "id": "matt",
      "name": "Matt"
    },
    {
      "id": "matzendorf",
      "name": "Matzendorf"
    },
    {
      "id": "matzingen",
      "name": "Matzingen"
    },
    {
      "id": "mauensee",
      "name": "Mauensee"
    },
    {
      "id": "maur",
      "name": "Maur"
    },
    {
      "id": "meggen",
      "name": "Meggen"
    },
    {
      "id": "meierskappel",
      "name": "Meierskappel"
    },
    {
      "id": "meilen",
      "name": "Meilen"
    },
    {
      "id": "meinier",
      "name": "Meinier"
    },
    {
      "id": "meinisberg",
      "name": "Meinisberg"
    },
    {
      "id": "meiringen",
      "name": "Meiringen"
    },
    {
      "id": "meisterschwanden",
      "name": "Meisterschwanden"
    },
    {
      "id": "melano",
      "name": "Melano"
    },
    {
      "id": "melchnau",
      "name": "Melchnau"
    },
    {
      "id": "melide",
      "name": "Melide"
    },
    {
      "id": "mellingen",
      "name": "Mellingen"
    },
    {
      "id": "mels",
      "name": "Mels"
    },
    {
      "id": "mendrisio",
      "name": "Mendrisio"
    },
    {
      "id": "menziken",
      "name": "Menziken"
    },
    {
      "id": "menzingen",
      "name": "Menzingen"
    },
    {
      "id": "merenschwand",
      "name": "Merenschwand"
    },
    {
      "id": "merishausen",
      "name": "Merishausen"
    },
    {
      "id": "messen",
      "name": "Messen"
    },
    {
      "id": "mettendorf",
      "name": "Mettendorf"
    },
    {
      "id": "mettlen",
      "name": "Mettlen"
    },
    {
      "id": "mettmenstetten",
      "name": "Mettmenstetten"
    },
    {
      "id": "meyrin",
      "name": "Meyrin"
    },
    {
      "id": "miecourt",
      "name": "Miecourt"
    },
    {
      "id": "minusio",
      "name": "Minusio"
    },
    {
      "id": "mohlin",
      "name": "Mohlin"
    },
    {
      "id": "mollis",
      "name": "Mollis"
    },
    {
      "id": "monchaltorf",
      "name": "Monchaltorf"
    },
    {
      "id": "montagnola",
      "name": "Montagnola"
    },
    {
      "id": "montana",
      "name": "Montana"
    },
    {
      "id": "montet",
      "name": "Montet"
    },
    {
      "id": "monthey",
      "name": "Monthey"
    },
    {
      "id": "montreux",
      "name": "Montreux"
    },
    {
      "id": "moosleerau",
      "name": "Moosleerau"
    },
    {
      "id": "morbio-inferiore",
      "name": "Morbio Inferiore"
    },
    {
      "id": "morcote",
      "name": "Morcote"
    },
    {
      "id": "morges",
      "name": "Morges"
    },
    {
      "id": "morgins",
      "name": "Morgins"
    },
    {
      "id": "morigen",
      "name": "Morigen"
    },
    {
      "id": "moriken",
      "name": "Moriken"
    },
    {
      "id": "morschach",
      "name": "Morschach"
    },
    {
      "id": "morschwil",
      "name": "Morschwil"
    },
    {
      "id": "mosnang",
      "name": "Mosnang"
    },
    {
      "id": "motiers",
      "name": "Motiers"
    },
    {
      "id": "moudon",
      "name": "Moudon"
    },
    {
      "id": "moutier",
      "name": "Moutier"
    },
    {
      "id": "muerren",
      "name": "Muerren"
    },
    {
      "id": "muhen",
      "name": "Muhen"
    },
    {
      "id": "muhlau",
      "name": "Muhlau"
    },
    {
      "id": "muhleberg",
      "name": "Muhleberg"
    },
    {
      "id": "mullheim",
      "name": "Mullheim"
    },
    {
      "id": "mumliswil",
      "name": "Mumliswil"
    },
    {
      "id": "mumpf",
      "name": "Mumpf"
    },
    {
      "id": "munchenbuchsee",
      "name": "Munchenbuchsee"
    },
    {
      "id": "munchenstein",
      "name": "Munchenstein"
    },
    {
      "id": "munchwilen",
      "name": "Munchwilen"
    },
    {
      "id": "munsingen",
      "name": "Munsingen"
    },
    {
      "id": "munster",
      "name": "Munster"
    },
    {
      "id": "muolen",
      "name": "Muolen"
    },
    {
      "id": "muotathal",
      "name": "Muotathal"
    },
    {
      "id": "murgenthal",
      "name": "Murgenthal"
    },
    {
      "id": "muri",
      "name": "Muri"
    },
    {
      "id": "muri-bei-bern",
      "name": "Muri bei Bern"
    },
    {
      "id": "murten",
      "name": "Murten"
    },
    {
      "id": "muttenz",
      "name": "Muttenz"
    },
    {
      "id": "nafels",
      "name": "Nafels"
    },
    {
      "id": "nanikon",
      "name": "Nanikon"
    },
    {
      "id": "naters",
      "name": "Naters"
    },
    {
      "id": "nax",
      "name": "Nax"
    },
    {
      "id": "neftenbach",
      "name": "Neftenbach"
    },
    {
      "id": "nesslau",
      "name": "Nesslau"
    },
    {
      "id": "netstal",
      "name": "Netstal"
    },
    {
      "id": "neu-rheinau",
      "name": "Neu-Rheinau"
    },
    {
      "id": "neuchatel",
      "name": "Neuchatel"
    },
    {
      "id": "neuenhof",
      "name": "Neuenhof"
    },
    {
      "id": "neuenkirch",
      "name": "Neuenkirch"
    },
    {
      "id": "neuhausen",
      "name": "Neuhausen"
    },
    {
      "id": "neuheim",
      "name": "Neuheim"
    },
    {
      "id": "neukirch",
      "name": "Neukirch"
    },
    {
      "id": "neunkirch",
      "name": "Neunkirch"
    },
    {
      "id": "neyruz",
      "name": "Neyruz"
    },
    {
      "id": "nidau",
      "name": "Nidau"
    },
    {
      "id": "niederbipp",
      "name": "Niederbipp"
    },
    {
      "id": "niederbuchsiten",
      "name": "Niederbuchsiten"
    },
    {
      "id": "niederburen",
      "name": "Niederburen"
    },
    {
      "id": "niedererlinsbach",
      "name": "Niedererlinsbach"
    },
    {
      "id": "niedergosgen",
      "name": "Niedergosgen"
    },
    {
      "id": "niederhallwil",
      "name": "Niederhallwil"
    },
    {
      "id": "niederhelfenschwil",
      "name": "Niederhelfenschwil"
    },
    {
      "id": "niederlenz",
      "name": "Niederlenz"
    },
    {
      "id": "niederrohrdorf",
      "name": "Niederrohrdorf"
    },
    {
      "id": "niederscherli",
      "name": "Niederscherli"
    },
    {
      "id": "niederurnen",
      "name": "Niederurnen"
    },
    {
      "id": "niederuzwil",
      "name": "Niederuzwil"
    },
    {
      "id": "niederweningen",
      "name": "Niederweningen"
    },
    {
      "id": "nohl",
      "name": "Nohl"
    },
    {
      "id": "noreaz",
      "name": "Noreaz"
    },
    {
      "id": "nottwil",
      "name": "Nottwil"
    },
    {
      "id": "novaggio",
      "name": "Novaggio"
    },
    {
      "id": "novazzano",
      "name": "Novazzano"
    },
    {
      "id": "nunningen",
      "name": "Nunningen"
    },
    {
      "id": "nurensdorf",
      "name": "Nurensdorf"
    },
    {
      "id": "nussbaumen",
      "name": "Nussbaumen"
    },
    {
      "id": "nyon",
      "name": "Nyon"
    },
    {
      "id": "ober-urdorf",
      "name": "Ober Urdorf"
    },
    {
      "id": "oberbalm",
      "name": "Oberbalm"
    },
    {
      "id": "oberbipp",
      "name": "Oberbipp"
    },
    {
      "id": "oberbuchsiten",
      "name": "Oberbuchsiten"
    },
    {
      "id": "oberburg",
      "name": "Oberburg"
    },
    {
      "id": "oberdiessbach",
      "name": "Oberdiessbach"
    },
    {
      "id": "oberdorf",
      "name": "Oberdorf"
    },
    {
      "id": "oberegg",
      "name": "Oberegg"
    },
    {
      "id": "oberembrach",
      "name": "Oberembrach"
    },
    {
      "id": "oberengstringen",
      "name": "Oberengstringen"
    },
    {
      "id": "oberentfelden",
      "name": "Oberentfelden"
    },
    {
      "id": "obergerlafingen",
      "name": "Obergerlafingen"
    },
    {
      "id": "oberglatt",
      "name": "Oberglatt"
    },
    {
      "id": "obergosgen",
      "name": "Obergosgen"
    },
    {
      "id": "oberhelfenschwil",
      "name": "Oberhelfenschwil"
    },
    {
      "id": "oberhofen",
      "name": "Oberhofen"
    },
    {
      "id": "oberhofen-bei-etzgen",
      "name": "Oberhofen bei Etzgen"
    },
    {
      "id": "oberkirch",
      "name": "Oberkirch"
    },
    {
      "id": "oberlunkhofen",
      "name": "Oberlunkhofen"
    },
    {
      "id": "oberonz",
      "name": "Oberonz"
    },
    {
      "id": "oberrieden",
      "name": "Oberrieden"
    },
    {
      "id": "oberriet",
      "name": "Oberriet"
    },
    {
      "id": "obersaxen",
      "name": "Obersaxen"
    },
    {
      "id": "oberschlatt",
      "name": "Oberschlatt"
    },
    {
      "id": "oberstocken",
      "name": "Oberstocken"
    },
    {
      "id": "oberuzwil",
      "name": "Oberuzwil"
    },
    {
      "id": "obervaz",
      "name": "Obervaz"
    },
    {
      "id": "oberwangen",
      "name": "Oberwangen"
    },
    {
      "id": "oberweningen",
      "name": "Oberweningen"
    },
    {
      "id": "oberwil",
      "name": "Oberwil"
    },
    {
      "id": "obfelden",
      "name": "Obfelden"
    },
    {
      "id": "oensingen",
      "name": "Oensingen"
    },
    {
      "id": "oetwil-oetwil-an-der-limmat",
      "name": "Oetwil / Oetwil an der Limmat"
    },
    {
      "id": "oetwil-am-see",
      "name": "Oetwil am See"
    },
    {
      "id": "oftringen",
      "name": "Oftringen"
    },
    {
      "id": "olten",
      "name": "Olten"
    },
    {
      "id": "onex",
      "name": "Onex"
    },
    {
      "id": "onnens",
      "name": "Onnens"
    },
    {
      "id": "opfikon",
      "name": "Opfikon"
    },
    {
      "id": "orbe",
      "name": "Orbe"
    },
    {
      "id": "ormalingen",
      "name": "Ormalingen"
    },
    {
      "id": "oron-la-ville",
      "name": "Oron-la-ville"
    },
    {
      "id": "orpund",
      "name": "Orpund"
    },
    {
      "id": "orsonnens",
      "name": "Orsonnens"
    },
    {
      "id": "orvin",
      "name": "Orvin"
    },
    {
      "id": "ossingen",
      "name": "Ossingen"
    },
    {
      "id": "ostermundigen",
      "name": "Ostermundigen"
    },
    {
      "id": "otelfingen",
      "name": "Otelfingen"
    },
    {
      "id": "othmarsingen",
      "name": "Othmarsingen"
    },
    {
      "id": "ottenbach",
      "name": "Ottenbach"
    },
    {
      "id": "ouchy",
      "name": "Ouchy"
    },
    {
      "id": "ovronnaz",
      "name": "Ovronnaz"
    },
    {
      "id": "palezieux",
      "name": "Palezieux"
    },
    {
      "id": "pampigny",
      "name": "Pampigny"
    },
    {
      "id": "paudex",
      "name": "Paudex"
    },
    {
      "id": "payerne",
      "name": "Payerne"
    },
    {
      "id": "perlen",
      "name": "Perlen"
    },
    {
      "id": "perroy",
      "name": "Perroy"
    },
    {
      "id": "pery",
      "name": "Pery"
    },
    {
      "id": "peseux",
      "name": "Peseux"
    },
    {
      "id": "pfaeffikon",
      "name": "Pfaeffikon"
    },
    {
      "id": "pfaffnau",
      "name": "Pfaffnau"
    },
    {
      "id": "pfeffikon",
      "name": "Pfeffikon"
    },
    {
      "id": "pfeffingen",
      "name": "Pfeffingen"
    },
    {
      "id": "pfungen",
      "name": "Pfungen"
    },
    {
      "id": "pfyn",
      "name": "Pfyn"
    },
    {
      "id": "pieterlen",
      "name": "Pieterlen"
    },
    {
      "id": "plaffeien",
      "name": "Plaffeien"
    },
    {
      "id": "plan-les-ouates",
      "name": "Plan-les-Ouates"
    },
    {
      "id": "porrentruy",
      "name": "Porrentruy"
    },
    {
      "id": "porsel",
      "name": "Porsel"
    },
    {
      "id": "portalban-dessous",
      "name": "Portalban- Dessous"
    },
    {
      "id": "prangins",
      "name": "Prangins"
    },
    {
      "id": "pratteln",
      "name": "Pratteln"
    },
    {
      "id": "pregassona",
      "name": "Pregassona"
    },
    {
      "id": "preles",
      "name": "Preles"
    },
    {
      "id": "preverenges",
      "name": "Preverenges"
    },
    {
      "id": "prilly",
      "name": "Prilly"
    },
    {
      "id": "puidoux",
      "name": "Puidoux"
    },
    {
      "id": "pully",
      "name": "Pully"
    },
    {
      "id": "pura",
      "name": "Pura"
    },
    {
      "id": "quartino",
      "name": "Quartino"
    },
    {
      "id": "rafz",
      "name": "Rafz"
    },
    {
      "id": "ramsen",
      "name": "Ramsen"
    },
    {
      "id": "rances",
      "name": "Rances"
    },
    {
      "id": "raperswilen",
      "name": "Raperswilen"
    },
    {
      "id": "rapperswil",
      "name": "Rapperswil"
    },
    {
      "id": "raron",
      "name": "Raron"
    },
    {
      "id": "rebstein",
      "name": "Rebstein"
    },
    {
      "id": "rechthalten",
      "name": "Rechthalten"
    },
    {
      "id": "reconvilier",
      "name": "Reconvilier"
    },
    {
      "id": "regensdorf",
      "name": "Regensdorf"
    },
    {
      "id": "rehetobel",
      "name": "Rehetobel"
    },
    {
      "id": "reichenburg",
      "name": "Reichenburg"
    },
    {
      "id": "reiden",
      "name": "Reiden"
    },
    {
      "id": "reigoldswil",
      "name": "Reigoldswil"
    },
    {
      "id": "reinach",
      "name": "Reinach"
    },
    {
      "id": "rekingen",
      "name": "Rekingen"
    },
    {
      "id": "renens",
      "name": "Renens"
    },
    {
      "id": "rhazuns",
      "name": "Rhazuns"
    },
    {
      "id": "rheineck",
      "name": "Rheineck"
    },
    {
      "id": "rheinfelden",
      "name": "Rheinfelden"
    },
    {
      "id": "riaz",
      "name": "Riaz"
    },
    {
      "id": "richenthal",
      "name": "Richenthal"
    },
    {
      "id": "richigen",
      "name": "Richigen"
    },
    {
      "id": "richterswil",
      "name": "Richterswil"
    },
    {
      "id": "ricken",
      "name": "Ricken"
    },
    {
      "id": "rickenbach",
      "name": "Rickenbach"
    },
    {
      "id": "riddes",
      "name": "Riddes"
    },
    {
      "id": "ried",
      "name": "Ried"
    },
    {
      "id": "riedholz",
      "name": "Riedholz"
    },
    {
      "id": "rifferswil",
      "name": "Rifferswil"
    },
    {
      "id": "riggisberg",
      "name": "Riggisberg"
    },
    {
      "id": "rikon-rikon-dorfkern",
      "name": "Rikon / Rikon (Dorfkern)"
    },
    {
      "id": "ringgenberg",
      "name": "Ringgenberg"
    },
    {
      "id": "riva-san-vitale",
      "name": "Riva San Vitale"
    },
    {
      "id": "roche",
      "name": "Roche"
    },
    {
      "id": "roemerswil",
      "name": "Roemerswil"
    },
    {
      "id": "roggwil",
      "name": "Roggwil"
    },
    {
      "id": "rohr",
      "name": "Rohr"
    },
    {
      "id": "rohrbach",
      "name": "Rohrbach"
    },
    {
      "id": "rolle",
      "name": "Rolle"
    },
    {
      "id": "romainmotier",
      "name": "Romainmotier"
    },
    {
      "id": "romanel",
      "name": "Romanel"
    },
    {
      "id": "romanshorn",
      "name": "Romanshorn"
    },
    {
      "id": "romont",
      "name": "Romont"
    },
    {
      "id": "rondchatel",
      "name": "Rondchatel"
    },
    {
      "id": "root",
      "name": "Root"
    },
    {
      "id": "rorbas",
      "name": "Rorbas"
    },
    {
      "id": "rorschach",
      "name": "Rorschach"
    },
    {
      "id": "roschenz",
      "name": "Roschenz"
    },
    {
      "id": "rossens",
      "name": "Rossens"
    },
    {
      "id": "rothenbach",
      "name": "Rothenbach"
    },
    {
      "id": "rothenthurm",
      "name": "Rothenthurm"
    },
    {
      "id": "rothrist",
      "name": "Rothrist"
    },
    {
      "id": "rotkreuz",
      "name": "Rotkreuz"
    },
    {
      "id": "roveredo",
      "name": "Roveredo"
    },
    {
      "id": "rubigen",
      "name": "Rubigen"
    },
    {
      "id": "rudlingen",
      "name": "Rudlingen"
    },
    {
      "id": "rudolfstetten",
      "name": "Rudolfstetten"
    },
    {
      "id": "rue",
      "name": "Rue"
    },
    {
      "id": "rueggisberg",
      "name": "Rueggisberg"
    },
    {
      "id": "rueti",
      "name": "Rueti"
    },
    {
      "id": "rueyres",
      "name": "Rueyres"
    },
    {
      "id": "rufi",
      "name": "Rufi"
    },
    {
      "id": "rumlang",
      "name": "Rumlang"
    },
    {
      "id": "rupperswil",
      "name": "Rupperswil"
    },
    {
      "id": "ruschlikon",
      "name": "Ruschlikon"
    },
    {
      "id": "russikon",
      "name": "Russikon"
    },
    {
      "id": "russin",
      "name": "Russin"
    },
    {
      "id": "ruswil",
      "name": "Ruswil"
    },
    {
      "id": "ruthi",
      "name": "Ruthi"
    },
    {
      "id": "saanen",
      "name": "Saanen"
    },
    {
      "id": "saanenmoser",
      "name": "Saanenmoser"
    },
    {
      "id": "saas-fee",
      "name": "Saas-Fee"
    },
    {
      "id": "saas-grund",
      "name": "Saas-Grund"
    },
    {
      "id": "sachseln",
      "name": "Sachseln"
    },
    {
      "id": "safenwil",
      "name": "Safenwil"
    },
    {
      "id": "saignelegier",
      "name": "Saignelegier"
    },
    {
      "id": "saint-aubin",
      "name": "Saint-Aubin"
    },
    {
      "id": "saint-aubin-sauges",
      "name": "Saint-Aubin-Sauges"
    },
    {
      "id": "saint-blaise",
      "name": "Saint-Blaise"
    },
    {
      "id": "saint-cergue",
      "name": "Saint-Cergue"
    },
    {
      "id": "saint-imier",
      "name": "Saint-Imier"
    },
    {
      "id": "saint-leonard",
      "name": "Saint-Leonard"
    },
    {
      "id": "saint-livres",
      "name": "Saint-Livres"
    },
    {
      "id": "saint-maurice",
      "name": "Saint-Maurice"
    },
    {
      "id": "saint-prex",
      "name": "Saint-Prex"
    },
    {
      "id": "saint-sulpice",
      "name": "Saint-Sulpice"
    },
    {
      "id": "sainte-croix",
      "name": "Sainte-Croix"
    },
    {
      "id": "salmsach",
      "name": "Salmsach"
    },
    {
      "id": "samstagern",
      "name": "Samstagern"
    },
    {
      "id": "sankt-gallenkappel",
      "name": "Sankt Gallenkappel"
    },
    {
      "id": "sankt-margrethen",
      "name": "Sankt Margrethen"
    },
    {
      "id": "sargans",
      "name": "Sargans"
    },
    {
      "id": "sariswil",
      "name": "Sariswil"
    },
    {
      "id": "sarmenstorf",
      "name": "Sarmenstorf"
    },
    {
      "id": "sarn",
      "name": "Sarn"
    },
    {
      "id": "sarnen",
      "name": "Sarnen"
    },
    {
      "id": "satigny",
      "name": "Satigny"
    },
    {
      "id": "sattel",
      "name": "Sattel"
    },
    {
      "id": "saviese",
      "name": "Saviese"
    },
    {
      "id": "savigny",
      "name": "Savigny"
    },
    {
      "id": "savognin",
      "name": "Savognin"
    },
    {
      "id": "saxon",
      "name": "Saxon"
    },
    {
      "id": "schachen",
      "name": "Schachen"
    },
    {
      "id": "schaffhausen",
      "name": "Schaffhausen"
    },
    {
      "id": "schafisheim",
      "name": "Schafisheim"
    },
    {
      "id": "schanis",
      "name": "Schanis"
    },
    {
      "id": "schattdorf",
      "name": "Schattdorf"
    },
    {
      "id": "schenkon",
      "name": "Schenkon"
    },
    {
      "id": "schiers",
      "name": "Schiers"
    },
    {
      "id": "schindellegi",
      "name": "Schindellegi"
    },
    {
      "id": "schinznach-bad",
      "name": "Schinznach Bad"
    },
    {
      "id": "schinznach-dorf",
      "name": "Schinznach Dorf"
    },
    {
      "id": "schlatt",
      "name": "Schlatt"
    },
    {
      "id": "schleitheim",
      "name": "Schleitheim"
    },
    {
      "id": "schlieren",
      "name": "Schlieren"
    },
    {
      "id": "schmerikon",
      "name": "Schmerikon"
    },
    {
      "id": "schmitten",
      "name": "Schmitten"
    },
    {
      "id": "schnottwil",
      "name": "Schnottwil"
    },
    {
      "id": "schoetz",
      "name": "Schoetz"
    },
    {
      "id": "schoftland",
      "name": "Schoftland"
    },
    {
      "id": "schonbuhl",
      "name": "Schonbuhl"
    },
    {
      "id": "schonenberg",
      "name": "Schonenberg"
    },
    {
      "id": "schonenbuch",
      "name": "Schonenbuch"
    },
    {
      "id": "schonenwerd",
      "name": "Schonenwerd"
    },
    {
      "id": "schongau",
      "name": "Schongau"
    },
    {
      "id": "schonholzerswilen",
      "name": "Schonholzerswilen"
    },
    {
      "id": "schonried",
      "name": "Schonried"
    },
    {
      "id": "schubelbach",
      "name": "Schubelbach"
    },
    {
      "id": "schuepfheim",
      "name": "Schuepfheim"
    },
    {
      "id": "schupfen",
      "name": "Schupfen"
    },
    {
      "id": "schwarzenberg",
      "name": "Schwarzenberg"
    },
    {
      "id": "schwarzenburg",
      "name": "Schwarzenburg"
    },
    {
      "id": "schwellbrunn",
      "name": "Schwellbrunn"
    },
    {
      "id": "schwyz",
      "name": "Schwyz"
    },
    {
      "id": "scuol",
      "name": "Scuol"
    },
    {
      "id": "seedorf",
      "name": "Seedorf"
    },
    {
      "id": "seegraben",
      "name": "Seegraben"
    },
    {
      "id": "seelisberg",
      "name": "Seelisberg"
    },
    {
      "id": "seengen",
      "name": "Seengen"
    },
    {
      "id": "seewis-im-pratigau",
      "name": "Seewis im Pratigau"
    },
    {
      "id": "seftigen",
      "name": "Seftigen"
    },
    {
      "id": "seltisberg",
      "name": "Seltisberg"
    },
    {
      "id": "selzach",
      "name": "Selzach"
    },
    {
      "id": "sembrancher",
      "name": "Sembrancher"
    },
    {
      "id": "sementina",
      "name": "Sementina"
    },
    {
      "id": "sempach",
      "name": "Sempach"
    },
    {
      "id": "semsales",
      "name": "Semsales"
    },
    {
      "id": "sennwald",
      "name": "Sennwald"
    },
    {
      "id": "seon",
      "name": "Seon"
    },
    {
      "id": "sessa",
      "name": "Sessa"
    },
    {
      "id": "seuzach-dorf",
      "name": "Seuzach Dorf"
    },
    {
      "id": "sevelen",
      "name": "Sevelen"
    },
    {
      "id": "sezegnin",
      "name": "Sezegnin"
    },
    {
      "id": "siebnen",
      "name": "Siebnen"
    },
    {
      "id": "sierre",
      "name": "Sierre"
    },
    {
      "id": "siglistorf",
      "name": "Siglistorf"
    },
    {
      "id": "sigriswil",
      "name": "Sigriswil"
    },
    {
      "id": "sils-segl-maria",
      "name": "Sils-Segl Maria"
    },
    {
      "id": "sins",
      "name": "Sins"
    },
    {
      "id": "sion",
      "name": "Sion"
    },
    {
      "id": "sirnach",
      "name": "Sirnach"
    },
    {
      "id": "siselen",
      "name": "Siselen"
    },
    {
      "id": "sissach",
      "name": "Sissach"
    },
    {
      "id": "siviriez",
      "name": "Siviriez"
    },
    {
      "id": "solothurn",
      "name": "Solothurn"
    },
    {
      "id": "sonceboz",
      "name": "Sonceboz"
    },
    {
      "id": "sonvico",
      "name": "Sonvico"
    },
    {
      "id": "sonvilier",
      "name": "Sonvilier"
    },
    {
      "id": "sorengo",
      "name": "Sorengo"
    },
    {
      "id": "sottens",
      "name": "Sottens"
    },
    {
      "id": "soyhieres",
      "name": "Soyhieres"
    },
    {
      "id": "speicher",
      "name": "Speicher"
    },
    {
      "id": "spiez",
      "name": "Spiez"
    },
    {
      "id": "spreitenbach",
      "name": "Spreitenbach"
    },
    {
      "id": "st-gallen",
      "name": "St. Gallen"
    },
    {
      "id": "stabio",
      "name": "Stabio"
    },
    {
      "id": "stadel",
      "name": "Stadel"
    },
    {
      "id": "stafa",
      "name": "Stafa"
    },
    {
      "id": "stallikon",
      "name": "Stallikon"
    },
    {
      "id": "stans",
      "name": "Stans"
    },
    {
      "id": "stansstad",
      "name": "Stansstad"
    },
    {
      "id": "staufen",
      "name": "Staufen"
    },
    {
      "id": "steckborn",
      "name": "Steckborn"
    },
    {
      "id": "steffisburg",
      "name": "Steffisburg"
    },
    {
      "id": "steg",
      "name": "Steg"
    },
    {
      "id": "stein",
      "name": "Stein"
    },
    {
      "id": "stein-am-rhein",
      "name": "Stein am Rhein"
    },
    {
      "id": "steinen",
      "name": "Steinen"
    },
    {
      "id": "steinhausen",
      "name": "Steinhausen"
    },
    {
      "id": "stettfurt",
      "name": "Stettfurt"
    },
    {
      "id": "stettlen",
      "name": "Stettlen"
    },
    {
      "id": "stoos",
      "name": "Stoos"
    },
    {
      "id": "strengelbach",
      "name": "Strengelbach"
    },
    {
      "id": "subingen",
      "name": "Subingen"
    },
    {
      "id": "suhr",
      "name": "Suhr"
    },
    {
      "id": "sulgen",
      "name": "Sulgen"
    },
    {
      "id": "sulz",
      "name": "Sulz"
    },
    {
      "id": "sumiswald",
      "name": "Sumiswald"
    },
    {
      "id": "sursee",
      "name": "Sursee"
    },
    {
      "id": "tafers",
      "name": "Tafers"
    },
    {
      "id": "tagerwilen",
      "name": "Tagerwilen"
    },
    {
      "id": "tamins",
      "name": "Tamins"
    },
    {
      "id": "tanay",
      "name": "Tanay"
    },
    {
      "id": "tann",
      "name": "Tann"
    },
    {
      "id": "tasch",
      "name": "Tasch"
    },
    {
      "id": "tauffelen",
      "name": "Tauffelen"
    },
    {
      "id": "tavannes",
      "name": "Tavannes"
    },
    {
      "id": "tegerfelden",
      "name": "Tegerfelden"
    },
    {
      "id": "tenero",
      "name": "Tenero"
    },
    {
      "id": "termen",
      "name": "Termen"
    },
    {
      "id": "territet",
      "name": "Territet"
    },
    {
      "id": "tesserete",
      "name": "Tesserete"
    },
    {
      "id": "teufen-ar",
      "name": "Teufen AR"
    },
    {
      "id": "teufenthal",
      "name": "Teufenthal"
    },
    {
      "id": "thalheim",
      "name": "Thalheim"
    },
    {
      "id": "thalwil",
      "name": "Thalwil"
    },
    {
      "id": "thayngen",
      "name": "Thayngen"
    },
    {
      "id": "therwil",
      "name": "Therwil"
    },
    {
      "id": "thielle",
      "name": "Thielle"
    },
    {
      "id": "thierachern",
      "name": "Thierachern"
    },
    {
      "id": "thierrens",
      "name": "Thierrens"
    },
    {
      "id": "thonex",
      "name": "Thonex"
    },
    {
      "id": "thorishaus",
      "name": "Thorishaus"
    },
    {
      "id": "thun",
      "name": "Thun"
    },
    {
      "id": "thundorf",
      "name": "Thundorf"
    },
    {
      "id": "thusis",
      "name": "Thusis"
    },
    {
      "id": "toffen",
      "name": "Toffen"
    },
    {
      "id": "tramelan",
      "name": "Tramelan"
    },
    {
      "id": "trasadingen",
      "name": "Trasadingen"
    },
    {
      "id": "travers",
      "name": "Travers"
    },
    {
      "id": "treyvaux",
      "name": "Treyvaux"
    },
    {
      "id": "triengen",
      "name": "Triengen"
    },
    {
      "id": "trimbach",
      "name": "Trimbach"
    },
    {
      "id": "trimmis",
      "name": "Trimmis"
    },
    {
      "id": "trogen",
      "name": "Trogen"
    },
    {
      "id": "troistorrents",
      "name": "Troistorrents"
    },
    {
      "id": "trubbach",
      "name": "Trubbach"
    },
    {
      "id": "trubschachen",
      "name": "Trubschachen"
    },
    {
      "id": "trun",
      "name": "Trun"
    },
    {
      "id": "tschuggen",
      "name": "Tschuggen"
    },
    {
      "id": "tuggen",
      "name": "Tuggen"
    },
    {
      "id": "turbenthal",
      "name": "Turbenthal"
    },
    {
      "id": "turgi",
      "name": "Turgi"
    },
    {
      "id": "twann",
      "name": "Twann"
    },
    {
      "id": "udligenswil",
      "name": "Udligenswil"
    },
    {
      "id": "ueberstorf",
      "name": "Ueberstorf"
    },
    {
      "id": "uerikon",
      "name": "Uerikon"
    },
    {
      "id": "uerkheim",
      "name": "Uerkheim"
    },
    {
      "id": "uetendorf",
      "name": "Uetendorf"
    },
    {
      "id": "uetikon",
      "name": "Uetikon"
    },
    {
      "id": "ufhusen",
      "name": "Ufhusen"
    },
    {
      "id": "uhwiesen",
      "name": "Uhwiesen"
    },
    {
      "id": "uitikon",
      "name": "Uitikon"
    },
    {
      "id": "ulrichen",
      "name": "Ulrichen"
    },
    {
      "id": "unter-teufen",
      "name": "Unter-Teufen"
    },
    {
      "id": "unterageri",
      "name": "Unterageri"
    },
    {
      "id": "unterehrendingen",
      "name": "Unterehrendingen"
    },
    {
      "id": "unterengstringen",
      "name": "Unterengstringen"
    },
    {
      "id": "untererlinsbach",
      "name": "Untererlinsbach"
    },
    {
      "id": "unteriberg",
      "name": "Unteriberg"
    },
    {
      "id": "unterkulm",
      "name": "Unterkulm"
    },
    {
      "id": "unterlunkhofen",
      "name": "Unterlunkhofen"
    },
    {
      "id": "unterseen",
      "name": "Unterseen"
    },
    {
      "id": "untersiggenthal",
      "name": "Untersiggenthal"
    },
    {
      "id": "untervaz",
      "name": "Untervaz"
    },
    {
      "id": "ursenbach",
      "name": "Ursenbach"
    },
    {
      "id": "urtenen",
      "name": "Urtenen"
    },
    {
      "id": "uster",
      "name": "Uster"
    },
    {
      "id": "utzenstorf",
      "name": "Utzenstorf"
    },
    {
      "id": "uznach",
      "name": "Uznach"
    },
    {
      "id": "uzwil",
      "name": "Uzwil"
    },
    {
      "id": "vacallo",
      "name": "Vacallo"
    },
    {
      "id": "vallorbe",
      "name": "Vallorbe"
    },
    {
      "id": "vandoeuvres",
      "name": "Vandoeuvres"
    },
    {
      "id": "vauderens",
      "name": "Vauderens"
    },
    {
      "id": "vaulruz",
      "name": "Vaulruz"
    },
    {
      "id": "veltheim",
      "name": "Veltheim"
    },
    {
      "id": "verbier",
      "name": "Verbier"
    },
    {
      "id": "vercorin",
      "name": "Vercorin"
    },
    {
      "id": "vernayaz",
      "name": "Vernayaz"
    },
    {
      "id": "vernier",
      "name": "Vernier"
    },
    {
      "id": "verscio",
      "name": "Verscio"
    },
    {
      "id": "versoix",
      "name": "Versoix"
    },
    {
      "id": "vesenaz",
      "name": "Vesenaz"
    },
    {
      "id": "vessy",
      "name": "Vessy"
    },
    {
      "id": "vetroz",
      "name": "Vetroz"
    },
    {
      "id": "vevey",
      "name": "Vevey"
    },
    {
      "id": "vex",
      "name": "Vex"
    },
    {
      "id": "veyrier",
      "name": "Veyrier"
    },
    {
      "id": "veytaux",
      "name": "Veytaux"
    },
    {
      "id": "vicques",
      "name": "Vicques"
    },
    {
      "id": "viganello",
      "name": "Viganello"
    },
    {
      "id": "villa",
      "name": "Villa"
    },
    {
      "id": "villars",
      "name": "Villars"
    },
    {
      "id": "villars-sur-glane",
      "name": "Villars-sur-Glane"
    },
    {
      "id": "villars-sur-ollon",
      "name": "Villars-sur-Ollon"
    },
    {
      "id": "villaz-saint-pierre",
      "name": "Villaz-Saint-Pierre"
    },
    {
      "id": "villeneuve",
      "name": "Villeneuve"
    },
    {
      "id": "villeret",
      "name": "Villeret"
    },
    {
      "id": "villigen",
      "name": "Villigen"
    },
    {
      "id": "villmergen",
      "name": "Villmergen"
    },
    {
      "id": "villnachern",
      "name": "Villnachern"
    },
    {
      "id": "vilters",
      "name": "Vilters"
    },
    {
      "id": "vinzel",
      "name": "Vinzel"
    },
    {
      "id": "vionnaz",
      "name": "Vionnaz"
    },
    {
      "id": "visp",
      "name": "Visp"
    },
    {
      "id": "vitznau",
      "name": "Vitznau"
    },
    {
      "id": "volketswil",
      "name": "Volketswil"
    },
    {
      "id": "vordemwald",
      "name": "Vordemwald"
    },
    {
      "id": "vouvry",
      "name": "Vouvry"
    },
    {
      "id": "vuadens",
      "name": "Vuadens"
    },
    {
      "id": "vuiteboeuf",
      "name": "Vuiteboeuf"
    },
    {
      "id": "vullierens",
      "name": "Vullierens"
    },
    {
      "id": "wabern",
      "name": "Wabern"
    },
    {
      "id": "wadenswil",
      "name": "Wadenswil"
    },
    {
      "id": "wagenhausen",
      "name": "Wagenhausen"
    },
    {
      "id": "wahlen",
      "name": "Wahlen"
    },
    {
      "id": "walchwil",
      "name": "Walchwil"
    },
    {
      "id": "wald",
      "name": "Wald"
    },
    {
      "id": "waldenburg",
      "name": "Waldenburg"
    },
    {
      "id": "waldhaus",
      "name": "Waldhaus"
    },
    {
      "id": "waldkirch",
      "name": "Waldkirch"
    },
    {
      "id": "waldstatt",
      "name": "Waldstatt"
    },
    {
      "id": "walkringen",
      "name": "Walkringen"
    },
    {
      "id": "wallisellen",
      "name": "Wallisellen"
    },
    {
      "id": "waltenschwil",
      "name": "Waltenschwil"
    },
    {
      "id": "walzenhausen",
      "name": "Walzenhausen"
    },
    {
      "id": "wangen",
      "name": "Wangen"
    },
    {
      "id": "wangen-an-der-aare",
      "name": "Wangen an der Aare"
    },
    {
      "id": "wangi",
      "name": "Wangi"
    },
    {
      "id": "wangs",
      "name": "Wangs"
    },
    {
      "id": "wasen",
      "name": "Wasen"
    },
    {
      "id": "wattwil",
      "name": "Wattwil"
    },
    {
      "id": "wauwil",
      "name": "Wauwil"
    },
    {
      "id": "weesen",
      "name": "Weesen"
    },
    {
      "id": "wegenstetten",
      "name": "Wegenstetten"
    },
    {
      "id": "weggis",
      "name": "Weggis"
    },
    {
      "id": "weinfelden",
      "name": "Weinfelden"
    },
    {
      "id": "weiningen",
      "name": "Weiningen"
    },
    {
      "id": "weissbad",
      "name": "Weissbad"
    },
    {
      "id": "weisslingen",
      "name": "Weisslingen"
    },
    {
      "id": "welschenrohr",
      "name": "Welschenrohr"
    },
    {
      "id": "wengen",
      "name": "Wengen"
    },
    {
      "id": "werthenstein",
      "name": "Werthenstein"
    },
    {
      "id": "wettingen",
      "name": "Wettingen"
    },
    {
      "id": "wetzikon",
      "name": "Wetzikon"
    },
    {
      "id": "wichtrach",
      "name": "Wichtrach"
    },
    {
      "id": "wiedlisbach",
      "name": "Wiedlisbach"
    },
    {
      "id": "wiesendangen",
      "name": "Wiesendangen"
    },
    {
      "id": "wigoltingen",
      "name": "Wigoltingen"
    },
    {
      "id": "wikon",
      "name": "Wikon"
    },
    {
      "id": "wil",
      "name": "Wil"
    },
    {
      "id": "wila",
      "name": "Wila"
    },
    {
      "id": "wildegg",
      "name": "Wildegg"
    },
    {
      "id": "wilderswil",
      "name": "Wilderswil"
    },
    {
      "id": "wileroltigen",
      "name": "Wileroltigen"
    },
    {
      "id": "willisau",
      "name": "Willisau"
    },
    {
      "id": "wimmis",
      "name": "Wimmis"
    },
    {
      "id": "windisch",
      "name": "Windisch"
    },
    {
      "id": "winkel",
      "name": "Winkel"
    },
    {
      "id": "winterberg",
      "name": "Winterberg"
    },
    {
      "id": "winterthur",
      "name": "Winterthur"
    },
    {
      "id": "wittenbach",
      "name": "Wittenbach"
    },
    {
      "id": "wittnau",
      "name": "Wittnau"
    },
    {
      "id": "wohlen",
      "name": "Wohlen"
    },
    {
      "id": "wolfenschiessen",
      "name": "Wolfenschiessen"
    },
    {
      "id": "wolfgang",
      "name": "Wolfgang"
    },
    {
      "id": "wolfhalden",
      "name": "Wolfhalden"
    },
    {
      "id": "wolfwil",
      "name": "Wolfwil"
    },
    {
      "id": "wolhusen",
      "name": "Wolhusen"
    },
    {
      "id": "wollerau",
      "name": "Wollerau"
    },
    {
      "id": "worb",
      "name": "Worb"
    },
    {
      "id": "worben",
      "name": "Worben"
    },
    {
      "id": "worblaufen",
      "name": "Worblaufen"
    },
    {
      "id": "wuppenau",
      "name": "Wuppenau"
    },
    {
      "id": "wurenlingen",
      "name": "Wurenlingen"
    },
    {
      "id": "wurenlos",
      "name": "Wurenlos"
    },
    {
      "id": "wynau",
      "name": "Wynau"
    },
    {
      "id": "yens",
      "name": "Yens"
    },
    {
      "id": "yverdon-les-bains",
      "name": "Yverdon-les-Bains"
    },
    {
      "id": "yvonand",
      "name": "Yvonand"
    },
    {
      "id": "yvorne",
      "name": "Yvorne"
    },
    {
      "id": "zaziwil",
      "name": "Zaziwil"
    },
    {
      "id": "zeglingen",
      "name": "Zeglingen"
    },
    {
      "id": "zeihen",
      "name": "Zeihen"
    },
    {
      "id": "zell",
      "name": "Zell"
    },
    {
      "id": "zermatt",
      "name": "Zermatt"
    },
    {
      "id": "ziegelbrucke",
      "name": "Ziegelbrucke"
    },
    {
      "id": "zihlschlacht",
      "name": "Zihlschlacht"
    },
    {
      "id": "zizers",
      "name": "Zizers"
    },
    {
      "id": "zofingen",
      "name": "Zofingen"
    },
    {
      "id": "zollbruck",
      "name": "Zollbruck"
    },
    {
      "id": "zollikofen",
      "name": "Zollikofen"
    },
    {
      "id": "zollikon",
      "name": "Zollikon"
    },
    {
      "id": "zuchwil",
      "name": "Zuchwil"
    },
    {
      "id": "zuckenriet",
      "name": "Zuckenriet"
    },
    {
      "id": "zufikon",
      "name": "Zufikon"
    },
    {
      "id": "zug",
      "name": "Zug"
    },
    {
      "id": "zullwil",
      "name": "Zullwil"
    },
    {
      "id": "zumikon",
      "name": "Zumikon"
    },
    {
      "id": "zunzgen",
      "name": "Zunzgen"
    },
    {
      "id": "zurich",
      "name": "Zurich"
    },
    {
      "id": "zuzgen",
      "name": "Zuzgen"
    },
    {
      "id": "zuzwil",
      "name": "Zuzwil"
    },
    {
      "id": "zwingen",
      "name": "Zwingen"
    }
  ]
}