{
  "coid": "CL",
  "cities": [
    {
      "id": "algarrobo",
      "name": "Algarrobo"
    },
    {
      "id": "angol",
      "name": "Angol"
    },
    {
      "id": "antofagasta",
      "name": "Antofagasta"
    },
    {
      "id": "apoquindo",
      "name": "Apoquindo"
    },
    {
      "id": "arauco",
      "name": "Arauco"
    },
    {
      "id": "arica",
      "name": "Arica"
    },
    {
      "id": "buin",
      "name": "Buin"
    },
    {
      "id": "bulnes",
      "name": "Bulnes"
    },
    {
      "id": "calama",
      "name": "Calama"
    },
    {
      "id": "caldera",
      "name": "Caldera"
    },
    {
      "id": "castro",
      "name": "Castro"
    },
    {
      "id": "catemu",
      "name": "Catemu"
    },
    {
      "id": "centro",
      "name": "Centro"
    },
    {
      "id": "cerrillos-de-tamaya",
      "name": "Cerrillos de Tamaya"
    },
    {
      "id": "chicureo-abajo",
      "name": "Chicureo Abajo"
    },
    {
      "id": "chiguayante",
      "name": "Chiguayante"
    },
    {
      "id": "chillan",
      "name": "Chillan"
    },
    {
      "id": "chillan-viejo",
      "name": "Chillan Viejo"
    },
    {
      "id": "chimbarongo",
      "name": "Chimbarongo"
    },
    {
      "id": "chonchi",
      "name": "Chonchi"
    },
    {
      "id": "chuquicamata",
      "name": "Chuquicamata"
    },
    {
      "id": "coihaique",
      "name": "Coihaique"
    },
    {
      "id": "colina",
      "name": "Colina"
    },
    {
      "id": "collipulli",
      "name": "Collipulli"
    },
    {
      "id": "concon",
      "name": "Concon"
    },
    {
      "id": "constitucion",
      "name": "Constitucion"
    },
    {
      "id": "coquimbo",
      "name": "Coquimbo"
    },
    {
      "id": "coronel",
      "name": "Coronel"
    },
    {
      "id": "cunco",
      "name": "Cunco"
    },
    {
      "id": "curacavi",
      "name": "Curacavi"
    },
    {
      "id": "dalcahue",
      "name": "Dalcahue"
    },
    {
      "id": "el-arco",
      "name": "El Arco"
    },
    {
      "id": "el-bosque",
      "name": "El Bosque"
    },
    {
      "id": "el-monte",
      "name": "El Monte"
    },
    {
      "id": "el-quisco",
      "name": "El Quisco"
    },
    {
      "id": "el-salto",
      "name": "El Salto"
    },
    {
      "id": "el-salvador",
      "name": "El Salvador"
    },
    {
      "id": "el-valle",
      "name": "El Valle"
    },
    {
      "id": "fresia",
      "name": "Fresia"
    },
    {
      "id": "galvarino",
      "name": "Galvarino"
    },
    {
      "id": "graneros",
      "name": "Graneros"
    },
    {
      "id": "hanga-roa",
      "name": "Hanga Roa"
    },
    {
      "id": "iquique",
      "name": "Iquique"
    },
    {
      "id": "la-calera",
      "name": "La Calera"
    },
    {
      "id": "la-cisterna",
      "name": "La Cisterna"
    },
    {
      "id": "la-granja",
      "name": "La Granja"
    },
    {
      "id": "la-laja",
      "name": "La Laja"
    },
    {
      "id": "la-ligua",
      "name": "La Ligua"
    },
    {
      "id": "la-reina",
      "name": "La Reina"
    },
    {
      "id": "la-serena",
      "name": "La Serena"
    },
    {
      "id": "la-union",
      "name": "La Union"
    },
    {
      "id": "lampa",
      "name": "Lampa"
    },
    {
      "id": "las-condes",
      "name": "Las Condes"
    },
    {
      "id": "lautaro",
      "name": "Lautaro"
    },
    {
      "id": "llanquihue",
      "name": "Llanquihue"
    },
    {
      "id": "lo-barnechea",
      "name": "Lo Barnechea"
    },
    {
      "id": "lolol",
      "name": "Lolol"
    },
    {
      "id": "los-andes",
      "name": "Los Andes"
    },
    {
      "id": "los-angeles",
      "name": "Los Angeles"
    },
    {
      "id": "machali",
      "name": "Machali"
    },
    {
      "id": "macul",
      "name": "Macul"
    },
    {
      "id": "maipu",
      "name": "Maipu"
    },
    {
      "id": "maquina-atacama",
      "name": "Maquina Atacama"
    },
    {
      "id": "maule",
      "name": "Maule"
    },
    {
      "id": "mejillones",
      "name": "Mejillones"
    },
    {
      "id": "melipilla",
      "name": "Melipilla"
    },
    {
      "id": "miraflores",
      "name": "Miraflores"
    },
    {
      "id": "molina",
      "name": "Molina"
    },
    {
      "id": "monte-aguila",
      "name": "Monte Aguila"
    },
    {
      "id": "nacimiento",
      "name": "Nacimiento"
    },
    {
      "id": "nogales",
      "name": "Nogales"
    },
    {
      "id": "nunoa",
      "name": "Nunoa"
    },
    {
      "id": "olmue",
      "name": "Olmue"
    },
    {
      "id": "osorno",
      "name": "Osorno"
    },
    {
      "id": "ovalle",
      "name": "Ovalle"
    },
    {
      "id": "paillaco",
      "name": "Paillaco"
    },
    {
      "id": "penablanca",
      "name": "Penablanca"
    },
    {
      "id": "penaflor",
      "name": "Penaflor"
    },
    {
      "id": "port-montt",
      "name": "Port Montt"
    },
    {
      "id": "providencia",
      "name": "Providencia"
    },
    {
      "id": "puchuncavi",
      "name": "Puchuncavi"
    },
    {
      "id": "pucon",
      "name": "Pucon"
    },
    {
      "id": "puente-alto",
      "name": "Puente Alto"
    },
    {
      "id": "puerto-aisen",
      "name": "Puerto Aisen"
    },
    {
      "id": "puerto-natales",
      "name": "Puerto Natales"
    },
    {
      "id": "puerto-varas",
      "name": "Puerto Varas"
    },
    {
      "id": "punta-arenas",
      "name": "Punta Arenas"
    },
    {
      "id": "puren",
      "name": "Puren"
    },
    {
      "id": "purranque",
      "name": "Purranque"
    },
    {
      "id": "quellon",
      "name": "Quellon"
    },
    {
      "id": "quemchi",
      "name": "Quemchi"
    },
    {
      "id": "quilicura",
      "name": "Quilicura"
    },
    {
      "id": "quillota",
      "name": "Quillota"
    },
    {
      "id": "rancagua",
      "name": "Rancagua"
    },
    {
      "id": "recoleta",
      "name": "Recoleta"
    },
    {
      "id": "renaca",
      "name": "Renaca"
    },
    {
      "id": "renca",
      "name": "Renca"
    },
    {
      "id": "rengo",
      "name": "Rengo"
    },
    {
      "id": "rinconada",
      "name": "Rinconada"
    },
    {
      "id": "rio-bueno",
      "name": "Rio Bueno"
    },
    {
      "id": "san-antonio",
      "name": "San Antonio"
    },
    {
      "id": "san-bernardo",
      "name": "San Bernardo"
    },
    {
      "id": "san-carlos",
      "name": "San Carlos"
    },
    {
      "id": "san-felipe",
      "name": "San Felipe"
    },
    {
      "id": "san-fernando",
      "name": "San Fernando"
    },
    {
      "id": "san-javier",
      "name": "San Javier"
    },
    {
      "id": "san-martin",
      "name": "San Martin"
    },
    {
      "id": "san-pedro",
      "name": "San Pedro"
    },
    {
      "id": "santa-barbara",
      "name": "Santa Barbara"
    },
    {
      "id": "santiago",
      "name": "Santiago"
    },
    {
      "id": "talagante",
      "name": "Talagante"
    },
    {
      "id": "talca",
      "name": "Talca"
    },
    {
      "id": "talcahuano",
      "name": "Talcahuano"
    },
    {
      "id": "tarapaca",
      "name": "Tarapaca"
    },
    {
      "id": "temuco",
      "name": "Temuco"
    },
    {
      "id": "tome",
      "name": "Tome"
    },
    {
      "id": "valdivia",
      "name": "Valdivia"
    },
    {
      "id": "vallenar",
      "name": "Vallenar"
    },
    {
      "id": "villa-alemana",
      "name": "Villa Alemana"
    },
    {
      "id": "villarrica",
      "name": "Villarrica"
    },
    {
      "id": "vitacura",
      "name": "Vitacura"
    }
  ]
}