{
  "coid": "CO",
  "cities": [
    {
      "id": "acacias",
      "name": "Acacias"
    },
    {
      "id": "acevedo",
      "name": "Acevedo"
    },
    {
      "id": "aguachica",
      "name": "Aguachica"
    },
    {
      "id": "antioquia",
      "name": "Antioquia"
    },
    {
      "id": "arauca",
      "name": "Arauca"
    },
    {
      "id": "armenia",
      "name": "Armenia"
    },
    {
      "id": "atlantico",
      "name": "Atlantico"
    },
    {
      "id": "barrancabermeja",
      "name": "Barrancabermeja"
    },
    {
      "id": "barranquilla",
      "name": "Barranquilla"
    },
    {
      "id": "bello",
      "name": "Bello"
    },
    {
      "id": "bermudez",
      "name": "Bermudez"
    },
    {
      "id": "boyaca",
      "name": "Boyaca"
    },
    {
      "id": "bucaramanga",
      "name": "Bucaramanga"
    },
    {
      "id": "buenaventura",
      "name": "Buenaventura"
    },
    {
      "id": "buga",
      "name": "Buga"
    },
    {
      "id": "cajica",
      "name": "Cajica"
    },
    {
      "id": "calamar",
      "name": "Calamar"
    },
    {
      "id": "caldas",
      "name": "Caldas"
    },
    {
      "id": "candelaria",
      "name": "Candelaria"
    },
    {
      "id": "cartagena",
      "name": "Cartagena"
    },
    {
      "id": "cartago",
      "name": "Cartago"
    },
    {
      "id": "cauca",
      "name": "Cauca"
    },
    {
      "id": "chia",
      "name": "Chia"
    },
    {
      "id": "chiquinquira",
      "name": "Chiquinquira"
    },
    {
      "id": "chocho",
      "name": "Chocho"
    },
    {
      "id": "columbia",
      "name": "Columbia"
    },
    {
      "id": "corozal",
      "name": "Corozal"
    },
    {
      "id": "cota",
      "name": "Cota"
    },
    {
      "id": "cumaribo",
      "name": "Cumaribo"
    },
    {
      "id": "cundinamarca",
      "name": "Cundinamarca"
    },
    {
      "id": "dosquebradas",
      "name": "Dosquebradas"
    },
    {
      "id": "duitama",
      "name": "Duitama"
    },
    {
      "id": "el-colegio",
      "name": "El Colegio"
    },
    {
      "id": "engativa",
      "name": "Engativa"
    },
    {
      "id": "envigado",
      "name": "Envigado"
    },
    {
      "id": "espinal",
      "name": "Espinal"
    },
    {
      "id": "florencia",
      "name": "Florencia"
    },
    {
      "id": "floridablanca",
      "name": "Floridablanca"
    },
    {
      "id": "fonseca",
      "name": "Fonseca"
    },
    {
      "id": "fundacion",
      "name": "Fundacion"
    },
    {
      "id": "fusagasuga",
      "name": "Fusagasuga"
    },
    {
      "id": "galapa",
      "name": "Galapa"
    },
    {
      "id": "ginebra",
      "name": "Ginebra"
    },
    {
      "id": "giron",
      "name": "Giron"
    },
    {
      "id": "guarne",
      "name": "Guarne"
    },
    {
      "id": "ibague",
      "name": "Ibague"
    },
    {
      "id": "inirida",
      "name": "Inirida"
    },
    {
      "id": "ipiales",
      "name": "Ipiales"
    },
    {
      "id": "itagui",
      "name": "Itagui"
    },
    {
      "id": "la-ceja",
      "name": "La Ceja"
    },
    {
      "id": "la-estrella",
      "name": "La Estrella"
    },
    {
      "id": "la-mesa",
      "name": "La Mesa"
    },
    {
      "id": "la-union",
      "name": "La Union"
    },
    {
      "id": "los-patios",
      "name": "Los Patios"
    },
    {
      "id": "madrid",
      "name": "Madrid"
    },
    {
      "id": "magdalena",
      "name": "Magdalena"
    },
    {
      "id": "manizales",
      "name": "Manizales"
    },
    {
      "id": "miami",
      "name": "Miami"
    },
    {
      "id": "mitu",
      "name": "Mitu"
    },
    {
      "id": "montenegro",
      "name": "Montenegro"
    },
    {
      "id": "mosquera",
      "name": "Mosquera"
    },
    {
      "id": "municipio-de-copacabana",
      "name": "Municipio de Copacabana"
    },
    {
      "id": "neiva",
      "name": "Neiva"
    },
    {
      "id": "obando",
      "name": "Obando"
    },
    {
      "id": "palmira",
      "name": "Palmira"
    },
    {
      "id": "pamplona",
      "name": "Pamplona"
    },
    {
      "id": "pasto",
      "name": "Pasto"
    },
    {
      "id": "pereira",
      "name": "Pereira"
    },
    {
      "id": "piedecuesta",
      "name": "Piedecuesta"
    },
    {
      "id": "pitalito",
      "name": "Pitalito"
    },
    {
      "id": "planadas",
      "name": "Planadas"
    },
    {
      "id": "popayan",
      "name": "Popayan"
    },
    {
      "id": "puerta-roja",
      "name": "Puerta Roja"
    },
    {
      "id": "puerto-tejada",
      "name": "Puerto Tejada"
    },
    {
      "id": "purificacion",
      "name": "Purificacion"
    },
    {
      "id": "riohacha",
      "name": "Riohacha"
    },
    {
      "id": "rionegro",
      "name": "Rionegro"
    },
    {
      "id": "risaralda",
      "name": "Risaralda"
    },
    {
      "id": "sabana-de-torres",
      "name": "Sabana de Torres"
    },
    {
      "id": "sabaneta",
      "name": "Sabaneta"
    },
    {
      "id": "sachica",
      "name": "Sachica"
    },
    {
      "id": "san-clemente",
      "name": "San Clemente"
    },
    {
      "id": "san-diego",
      "name": "San Diego"
    },
    {
      "id": "san-gil",
      "name": "San Gil"
    },
    {
      "id": "san-martin",
      "name": "San Martin"
    },
    {
      "id": "santa-marta",
      "name": "Santa Marta"
    },
    {
      "id": "santa-rosa-de-cabal",
      "name": "Santa Rosa de Cabal"
    },
    {
      "id": "santa-rosa-del-sur",
      "name": "Santa Rosa del Sur"
    },
    {
      "id": "santiago-de-cali",
      "name": "Santiago de Cali"
    },
    {
      "id": "silvania",
      "name": "Silvania"
    },
    {
      "id": "sincelejo",
      "name": "Sincelejo"
    },
    {
      "id": "soacha",
      "name": "Soacha"
    },
    {
      "id": "sogamoso",
      "name": "Sogamoso"
    },
    {
      "id": "soledad",
      "name": "Soledad"
    },
    {
      "id": "sopo",
      "name": "Sopo"
    },
    {
      "id": "tarapaca",
      "name": "Tarapaca"
    },
    {
      "id": "tauramena",
      "name": "Tauramena"
    },
    {
      "id": "tenjo",
      "name": "Tenjo"
    },
    {
      "id": "tocancipa",
      "name": "Tocancipa"
    },
    {
      "id": "tunja",
      "name": "Tunja"
    },
    {
      "id": "turbaco",
      "name": "Turbaco"
    },
    {
      "id": "ubaque",
      "name": "Ubaque"
    },
    {
      "id": "urumita",
      "name": "Urumita"
    },
    {
      "id": "valledupar",
      "name": "Valledupar"
    },
    {
      "id": "velez",
      "name": "Velez"
    },
    {
      "id": "villa-del-rosario",
      "name": "Villa del Rosario"
    },
    {
      "id": "villamaria",
      "name": "Villamaria"
    },
    {
      "id": "villavicencio",
      "name": "Villavicencio"
    },
    {
      "id": "yopal",
      "name": "Yopal"
    },
    {
      "id": "yotoco",
      "name": "Yotoco"
    },
    {
      "id": "yumbo",
      "name": "Yumbo"
    }
  ]
}