{
  "coid": "CR",
  "cities": [
    {
      "id": "alajuela",
      "name": "Alajuela"
    },
    {
      "id": "alajuelita",
      "name": "Alajuelita"
    },
    {
      "id": "alfaro",
      "name": "Alfaro"
    },
    {
      "id": "aserri",
      "name": "Aserri"
    },
    {
      "id": "atenas",
      "name": "Atenas"
    },
    {
      "id": "barva",
      "name": "Barva"
    },
    {
      "id": "cartago",
      "name": "Cartago"
    },
    {
      "id": "colon",
      "name": "Colon"
    },
    {
      "id": "corazon-de-jesus",
      "name": "Corazon de Jesus"
    },
    {
      "id": "coronado",
      "name": "Coronado"
    },
    {
      "id": "coyol",
      "name": "Coyol"
    },
    {
      "id": "curridabat",
      "name": "Curridabat"
    },
    {
      "id": "desamparados",
      "name": "Desamparados"
    },
    {
      "id": "escazu",
      "name": "Escazu"
    },
    {
      "id": "esparza",
      "name": "Esparza"
    },
    {
      "id": "filadelfia",
      "name": "Filadelfia"
    },
    {
      "id": "grecia",
      "name": "Grecia"
    },
    {
      "id": "guachipelin",
      "name": "Guachipelin"
    },
    {
      "id": "guacima",
      "name": "Guacima"
    },
    {
      "id": "guadalupe",
      "name": "Guadalupe"
    },
    {
      "id": "guapiles",
      "name": "Guapiles"
    },
    {
      "id": "heredia",
      "name": "Heredia"
    },
    {
      "id": "isla-de-tibas",
      "name": "Isla de Tibas"
    },
    {
      "id": "jaco",
      "name": "Jaco"
    },
    {
      "id": "la-garita",
      "name": "La Garita"
    },
    {
      "id": "liberia",
      "name": "Liberia"
    },
    {
      "id": "llorente",
      "name": "Llorente"
    },
    {
      "id": "mercedes",
      "name": "Mercedes"
    },
    {
      "id": "mexico",
      "name": "Mexico"
    },
    {
      "id": "miramar",
      "name": "Miramar"
    },
    {
      "id": "moravia",
      "name": "Moravia"
    },
    {
      "id": "palmares",
      "name": "Palmares"
    },
    {
      "id": "paraiso",
      "name": "Paraiso"
    },
    {
      "id": "pavas",
      "name": "Pavas"
    },
    {
      "id": "perez",
      "name": "Perez"
    },
    {
      "id": "poas",
      "name": "Poas"
    },
    {
      "id": "puerto-jimenez",
      "name": "Puerto Jimenez"
    },
    {
      "id": "puntarenas",
      "name": "Puntarenas"
    },
    {
      "id": "quepos",
      "name": "Quepos"
    },
    {
      "id": "quesada",
      "name": "Quesada"
    },
    {
      "id": "sabanilla",
      "name": "Sabanilla"
    },
    {
      "id": "san-diego",
      "name": "San Diego"
    },
    {
      "id": "san-francisco",
      "name": "San Francisco"
    },
    {
      "id": "san-isidro",
      "name": "San Isidro"
    },
    {
      "id": "san-joaquin",
      "name": "San Joaquin"
    },
    {
      "id": "san-jose-de-la-montana",
      "name": "San Jose de la Montana"
    },
    {
      "id": "san-josecito",
      "name": "San Josecito"
    },
    {
      "id": "san-juan",
      "name": "San Juan"
    },
    {
      "id": "san-marcos",
      "name": "San Marcos"
    },
    {
      "id": "san-pablo",
      "name": "San Pablo"
    },
    {
      "id": "san-pedro",
      "name": "San Pedro"
    },
    {
      "id": "san-rafael",
      "name": "San Rafael"
    },
    {
      "id": "san-ramon",
      "name": "San Ramon"
    },
    {
      "id": "santa-ana",
      "name": "Santa Ana"
    },
    {
      "id": "santa-cecilia",
      "name": "Santa Cecilia"
    },
    {
      "id": "santa-cruz",
      "name": "Santa Cruz"
    },
    {
      "id": "santo-domingo",
      "name": "Santo Domingo"
    },
    {
      "id": "sarchi",
      "name": "Sarchi"
    },
    {
      "id": "siquirres",
      "name": "Siquirres"
    },
    {
      "id": "tres-rios",
      "name": "Tres Rios"
    },
    {
      "id": "turrialba",
      "name": "Turrialba"
    },
    {
      "id": "turrucares",
      "name": "Turrucares"
    },
    {
      "id": "zapote",
      "name": "Zapote"
    },
    {
      "id": "zarcero",
      "name": "Zarcero"
    }
  ]
}