{
  "coid": "DO",
  "cities": [
    {
      "id": "arenazo",
      "name": "Arenazo"
    },
    {
      "id": "bavaro",
      "name": "Bavaro"
    },
    {
      "id": "boca-chica",
      "name": "Boca Chica"
    },
    {
      "id": "cabarete",
      "name": "Cabarete"
    },
    {
      "id": "cotui",
      "name": "Cotui"
    },
    {
      "id": "dominica",
      "name": "Dominica"
    },
    {
      "id": "guaricano",
      "name": "Guaricano"
    },
    {
      "id": "hato-mayor-del-rey",
      "name": "Hato Mayor del Rey"
    },
    {
      "id": "jimani",
      "name": "Jimani"
    },
    {
      "id": "la-romana",
      "name": "La Romana"
    },
    {
      "id": "los-alcarrizos",
      "name": "Los Alcarrizos"
    },
    {
      "id": "los-prados",
      "name": "Los Prados"
    },
    {
      "id": "moca",
      "name": "Moca"
    },
    {
      "id": "pedernales",
      "name": "Pedernales"
    },
    {
      "id": "puerto-plata",
      "name": "Puerto Plata"
    },
    {
      "id": "punta-cana",
      "name": "Punta Cana"
    },
    {
      "id": "sabaneta",
      "name": "Sabaneta"
    },
    {
      "id": "san-cristobal",
      "name": "San Cristobal"
    },
    {
      "id": "san-fernando-de-monte-cristi",
      "name": "San Fernando de Monte Cristi"
    },
    {
      "id": "san-jose-de-ocoa",
      "name": "San Jose de Ocoa"
    },
    {
      "id": "santa-cruz-de-barahona",
      "name": "Santa Cruz de Barahona"
    },
    {
      "id": "santiago-de-los-caballeros",
      "name": "Santiago de los Caballeros"
    },
    {
      "id": "santo-domingo",
      "name": "Santo Domingo"
    }
  ]
}