{
  "coid": "EC",
  "cities": [
    {
      "id": "ambato",
      "name": "Ambato"
    },
    {
      "id": "atacames",
      "name": "Atacames"
    },
    {
      "id": "atuntaqui",
      "name": "Atuntaqui"
    },
    {
      "id": "bahia-de-caraquez",
      "name": "Bahia de Caraquez"
    },
    {
      "id": "banos",
      "name": "Banos"
    },
    {
      "id": "calderon",
      "name": "Calderon"
    },
    {
      "id": "cayambe",
      "name": "Cayambe"
    },
    {
      "id": "cuenca",
      "name": "Cuenca"
    },
    {
      "id": "daule",
      "name": "Daule"
    },
    {
      "id": "el-carmen",
      "name": "El Carmen"
    },
    {
      "id": "el-naranjal",
      "name": "El Naranjal"
    },
    {
      "id": "esmeraldas",
      "name": "Esmeraldas"
    },
    {
      "id": "florida",
      "name": "Florida"
    },
    {
      "id": "general-leonidas-plaza-gutierrez",
      "name": "General Leonidas Plaza Gutierrez"
    },
    {
      "id": "guabo",
      "name": "Guabo"
    },
    {
      "id": "gualaceo",
      "name": "Gualaceo"
    },
    {
      "id": "guamote",
      "name": "Guamote"
    },
    {
      "id": "guayaquil",
      "name": "Guayaquil"
    },
    {
      "id": "guayas",
      "name": "Guayas"
    },
    {
      "id": "guayllabamba",
      "name": "Guayllabamba"
    },
    {
      "id": "hacienda-bolivia",
      "name": "Hacienda Bolivia"
    },
    {
      "id": "hacienda-duran",
      "name": "Hacienda Duran"
    },
    {
      "id": "hacienda-ibarra",
      "name": "Hacienda Ibarra"
    },
    {
      "id": "hacienda-santa-catalina",
      "name": "Hacienda Santa Catalina"
    },
    {
      "id": "huaquillas",
      "name": "Huaquillas"
    },
    {
      "id": "ibarra",
      "name": "Ibarra"
    },
    {
      "id": "jipijapa",
      "name": "Jipijapa"
    },
    {
      "id": "la-esperanza",
      "name": "La Esperanza"
    },
    {
      "id": "la-libertad",
      "name": "La Libertad"
    },
    {
      "id": "la-troncal",
      "name": "La Troncal"
    },
    {
      "id": "latacunga",
      "name": "Latacunga"
    },
    {
      "id": "loja",
      "name": "Loja"
    },
    {
      "id": "loreto",
      "name": "Loreto"
    },
    {
      "id": "macara",
      "name": "Macara"
    },
    {
      "id": "macas",
      "name": "Macas"
    },
    {
      "id": "machachi",
      "name": "Machachi"
    },
    {
      "id": "machala",
      "name": "Machala"
    },
    {
      "id": "manta",
      "name": "Manta"
    },
    {
      "id": "milagro",
      "name": "Milagro"
    },
    {
      "id": "montecristi",
      "name": "Montecristi"
    },
    {
      "id": "nabon",
      "name": "Nabon"
    },
    {
      "id": "olmedo",
      "name": "Olmedo"
    },
    {
      "id": "otavalo",
      "name": "Otavalo"
    },
    {
      "id": "paccha",
      "name": "Paccha"
    },
    {
      "id": "pasaje",
      "name": "Pasaje"
    },
    {
      "id": "pelileo",
      "name": "Pelileo"
    },
    {
      "id": "pichincha",
      "name": "Pichincha"
    },
    {
      "id": "playas",
      "name": "Playas"
    },
    {
      "id": "portoviejo",
      "name": "Portoviejo"
    },
    {
      "id": "puerto-francisco-de-orellana",
      "name": "Puerto Francisco de Orellana"
    },
    {
      "id": "puyo",
      "name": "Puyo"
    },
    {
      "id": "quevedo",
      "name": "Quevedo"
    },
    {
      "id": "quito",
      "name": "Quito"
    },
    {
      "id": "riobamba",
      "name": "Riobamba"
    },
    {
      "id": "salinas",
      "name": "Salinas"
    },
    {
      "id": "samborondon",
      "name": "Samborondon"
    },
    {
      "id": "san-miguel",
      "name": "San Miguel"
    },
    {
      "id": "san-rafael",
      "name": "San Rafael"
    },
    {
      "id": "santa-cruz",
      "name": "Santa Cruz"
    },
    {
      "id": "santa-elena",
      "name": "Santa Elena"
    },
    {
      "id": "santo-domingo-de-los-colorados",
      "name": "Santo Domingo de los Colorados"
    },
    {
      "id": "sucre",
      "name": "Sucre"
    },
    {
      "id": "tababela",
      "name": "Tababela"
    },
    {
      "id": "tarapoa",
      "name": "Tarapoa"
    },
    {
      "id": "tena",
      "name": "Tena"
    },
    {
      "id": "vinces",
      "name": "Vinces"
    },
    {
      "id": "zamora",
      "name": "Zamora"
    },
    {
      "id": "zaruma",
      "name": "Zaruma"
    },
    {
      "id": "zumba",
      "name": "Zumba"
    }
  ]
}