{
  "coid": "GR",
  "cities": [
    {
      "id": "aegina",
      "name": "Aegina"
    },
    {
      "id": "agioi-anargyroi",
      "name": "Agioi Anargyroi"
    },
    {
      "id": "agios-nikolaos",
      "name": "Agios Nikolaos"
    },
    {
      "id": "agrinio",
      "name": "Agrinio"
    },
    {
      "id": "aigaleo",
      "name": "Aigaleo"
    },
    {
      "id": "aigio",
      "name": "Aigio"
    },
    {
      "id": "alexandreia",
      "name": "Alexandreia"
    },
    {
      "id": "alexandroupoli",
      "name": "Alexandroupoli"
    },
    {
      "id": "aliartos",
      "name": "Aliartos"
    },
    {
      "id": "alimos",
      "name": "Alimos"
    },
    {
      "id": "amaliada",
      "name": "Amaliada"
    },
    {
      "id": "anavyssos",
      "name": "Anavyssos"
    },
    {
      "id": "andravida",
      "name": "Andravida"
    },
    {
      "id": "ano-liosia",
      "name": "Ano Liosia"
    },
    {
      "id": "archaia-nemea",
      "name": "Archaia Nemea"
    },
    {
      "id": "argos",
      "name": "Argos"
    },
    {
      "id": "argostoli",
      "name": "Argostoli"
    },
    {
      "id": "argyroupoli",
      "name": "Argyroupoli"
    },
    {
      "id": "arta",
      "name": "Arta"
    },
    {
      "id": "aspropyrgos",
      "name": "Aspropyrgos"
    },
    {
      "id": "athens",
      "name": "Athens"
    },
    {
      "id": "attica",
      "name": "Attica"
    },
    {
      "id": "ayios-stefanos",
      "name": "Ayios Stefanos"
    },
    {
      "id": "chalcis",
      "name": "Chalcis"
    },
    {
      "id": "chania",
      "name": "Chania"
    },
    {
      "id": "chios",
      "name": "Chios"
    },
    {
      "id": "cholargos",
      "name": "Cholargos"
    },
    {
      "id": "corfu",
      "name": "Corfu"
    },
    {
      "id": "corinth",
      "name": "Corinth"
    },
    {
      "id": "dafni",
      "name": "Dafni"
    },
    {
      "id": "dionysos",
      "name": "Dionysos"
    },
    {
      "id": "drama",
      "name": "Drama"
    },
    {
      "id": "ekali",
      "name": "Ekali"
    },
    {
      "id": "elassona",
      "name": "Elassona"
    },
    {
      "id": "elefsina",
      "name": "Elefsina"
    },
    {
      "id": "elliniko",
      "name": "Elliniko"
    },
    {
      "id": "eretria",
      "name": "Eretria"
    },
    {
      "id": "farsala",
      "name": "Farsala"
    },
    {
      "id": "filippiada",
      "name": "Filippiada"
    },
    {
      "id": "filothei",
      "name": "Filothei"
    },
    {
      "id": "florina",
      "name": "Florina"
    },
    {
      "id": "galatsi",
      "name": "Galatsi"
    },
    {
      "id": "giannitsa",
      "name": "Giannitsa"
    },
    {
      "id": "glyfada",
      "name": "Glyfada"
    },
    {
      "id": "gonnoi",
      "name": "Gonnoi"
    },
    {
      "id": "goumenissa",
      "name": "Goumenissa"
    },
    {
      "id": "heraklion",
      "name": "Heraklion"
    },
    {
      "id": "hydra",
      "name": "Hydra"
    },
    {
      "id": "ialysos",
      "name": "Ialysos"
    },
    {
      "id": "ierapetra",
      "name": "Ierapetra"
    },
    {
      "id": "igoumenitsa",
      "name": "Igoumenitsa"
    },
    {
      "id": "ioannina",
      "name": "Ioannina"
    },
    {
      "id": "kaisariani",
      "name": "Kaisariani"
    },
    {
      "id": "kalamaria",
      "name": "Kalamaria"
    },
    {
      "id": "kalamata",
      "name": "Kalamata"
    },
    {
      "id": "kalamos",
      "name": "Kalamos"
    },
    {
      "id": "kallithea",
      "name": "Kallithea"
    },
    {
      "id": "kalymnos",
      "name": "Kalymnos"
    },
    {
      "id": "kamatero",
      "name": "Kamatero"
    },
    {
      "id": "karditsa",
      "name": "Karditsa"
    },
    {
      "id": "kassiopi",
      "name": "Kassiopi"
    },
    {
      "id": "kastoria",
      "name": "Kastoria"
    },
    {
      "id": "katerini",
      "name": "Katerini"
    },
    {
      "id": "kavala",
      "name": "Kavala"
    },
    {
      "id": "keratea",
      "name": "Keratea"
    },
    {
      "id": "keratsini",
      "name": "Keratsini"
    },
    {
      "id": "kifissia",
      "name": "Kifissia"
    },
    {
      "id": "kilkis",
      "name": "Kilkis"
    },
    {
      "id": "komotini",
      "name": "Komotini"
    },
    {
      "id": "koropi",
      "name": "Koropi"
    },
    {
      "id": "kos",
      "name": "Kos"
    },
    {
      "id": "kouvaras",
      "name": "Kouvaras"
    },
    {
      "id": "kozani",
      "name": "Kozani"
    },
    {
      "id": "kranidi",
      "name": "Kranidi"
    },
    {
      "id": "kryonerion",
      "name": "Kryonerion"
    },
    {
      "id": "kymi",
      "name": "Kymi"
    },
    {
      "id": "lamia",
      "name": "Lamia"
    },
    {
      "id": "larisa",
      "name": "Larisa"
    },
    {
      "id": "lefkada",
      "name": "Lefkada"
    },
    {
      "id": "lefkimmi",
      "name": "Lefkimmi"
    },
    {
      "id": "leontario",
      "name": "Leontario"
    },
    {
      "id": "litochoro",
      "name": "Litochoro"
    },
    {
      "id": "lixouri",
      "name": "Lixouri"
    },
    {
      "id": "loutraki",
      "name": "Loutraki"
    },
    {
      "id": "lykovrysi",
      "name": "Lykovrysi"
    },
    {
      "id": "magoula",
      "name": "Magoula"
    },
    {
      "id": "makrygialos",
      "name": "Makrygialos"
    },
    {
      "id": "mandra",
      "name": "Mandra"
    },
    {
      "id": "marathon",
      "name": "Marathon"
    },
    {
      "id": "markopoulo-mesogaias",
      "name": "Markopoulo Mesogaias"
    },
    {
      "id": "megalochari",
      "name": "Megalochari"
    },
    {
      "id": "megara",
      "name": "Megara"
    },
    {
      "id": "melissia",
      "name": "Melissia"
    },
    {
      "id": "mesagros",
      "name": "Mesagros"
    },
    {
      "id": "messolonghi",
      "name": "Messolonghi"
    },
    {
      "id": "metaxades",
      "name": "Metaxades"
    },
    {
      "id": "moires",
      "name": "Moires"
    },
    {
      "id": "mytilene",
      "name": "Mytilene"
    },
    {
      "id": "nafpaktos",
      "name": "Nafpaktos"
    },
    {
      "id": "nafplion",
      "name": "Nafplion"
    },
    {
      "id": "naousa",
      "name": "Naousa"
    },
    {
      "id": "naxos",
      "name": "Naxos"
    },
    {
      "id": "nea-alikarnassos",
      "name": "Nea Alikarnassos"
    },
    {
      "id": "nea-filadelfeia",
      "name": "Nea Filadelfeia"
    },
    {
      "id": "nea-ionia",
      "name": "Nea Ionia"
    },
    {
      "id": "nea-kios",
      "name": "Nea Kios"
    },
    {
      "id": "nea-makri",
      "name": "Nea Makri"
    },
    {
      "id": "nea-peramos",
      "name": "Nea Peramos"
    },
    {
      "id": "nea-smyrni",
      "name": "Nea Smyrni"
    },
    {
      "id": "nikaia",
      "name": "Nikaia"
    },
    {
      "id": "orestiada",
      "name": "Orestiada"
    },
    {
      "id": "ormylia",
      "name": "Ormylia"
    },
    {
      "id": "oropos",
      "name": "Oropos"
    },
    {
      "id": "paiania",
      "name": "Paiania"
    },
    {
      "id": "pallini",
      "name": "Pallini"
    },
    {
      "id": "paloukia",
      "name": "Paloukia"
    },
    {
      "id": "panorama",
      "name": "Panorama"
    },
    {
      "id": "parga",
      "name": "Parga"
    },
    {
      "id": "patmos",
      "name": "Patmos"
    },
    {
      "id": "pefki",
      "name": "Pefki"
    },
    {
      "id": "pella",
      "name": "Pella"
    },
    {
      "id": "perama",
      "name": "Perama"
    },
    {
      "id": "peristeri",
      "name": "Peristeri"
    },
    {
      "id": "pikermi",
      "name": "Pikermi"
    },
    {
      "id": "piraeus",
      "name": "Piraeus"
    },
    {
      "id": "platy",
      "name": "Platy"
    },
    {
      "id": "polichni",
      "name": "Polichni"
    },
    {
      "id": "porto-rafti",
      "name": "Porto Rafti"
    },
    {
      "id": "preveza",
      "name": "Preveza"
    },
    {
      "id": "psychiko",
      "name": "Psychiko"
    },
    {
      "id": "ptolemaida",
      "name": "Ptolemaida"
    },
    {
      "id": "pylaia",
      "name": "Pylaia"
    },
    {
      "id": "pyrgos",
      "name": "Pyrgos"
    },
    {
      "id": "rafina",
      "name": "Rafina"
    },
    {
      "id": "rethymno",
      "name": "Rethymno"
    },
    {
      "id": "rhodes",
      "name": "Rhodes"
    },
    {
      "id": "rio",
      "name": "Rio"
    },
    {
      "id": "salamina",
      "name": "Salamina"
    },
    {
      "id": "samothraki",
      "name": "Samothraki"
    },
    {
      "id": "serres",
      "name": "Serres"
    },
    {
      "id": "servia",
      "name": "Servia"
    },
    {
      "id": "sindos",
      "name": "Sindos"
    },
    {
      "id": "skala",
      "name": "Skala"
    },
    {
      "id": "skala-oropou",
      "name": "Skala Oropou"
    },
    {
      "id": "skiathos",
      "name": "Skiathos"
    },
    {
      "id": "sparta",
      "name": "Sparta"
    },
    {
      "id": "spata",
      "name": "Spata"
    },
    {
      "id": "symi",
      "name": "Symi"
    },
    {
      "id": "tavros",
      "name": "Tavros"
    },
    {
      "id": "thebes",
      "name": "Thebes"
    },
    {
      "id": "thermi",
      "name": "Thermi"
    },
    {
      "id": "thessaloniki",
      "name": "Thessaloniki"
    },
    {
      "id": "tinos",
      "name": "Tinos"
    },
    {
      "id": "trikala",
      "name": "Trikala"
    },
    {
      "id": "tripoli",
      "name": "Tripoli"
    },
    {
      "id": "vari",
      "name": "Vari"
    },
    {
      "id": "varkiza",
      "name": "Varkiza"
    },
    {
      "id": "vergina",
      "name": "Vergina"
    },
    {
      "id": "veroia",
      "name": "Veroia"
    },
    {
      "id": "volos",
      "name": "Volos"
    },
    {
      "id": "voula",
      "name": "Voula"
    },
    {
      "id": "vouliagmeni",
      "name": "Vouliagmeni"
    },
    {
      "id": "xanthi",
      "name": "Xanthi"
    },
    {
      "id": "xylokastro",
      "name": "Xylokastro"
    },
    {
      "id": "zakynthos",
      "name": "Zakynthos"
    }
  ]
}