{
  "coid": "GT",
  "cities": [
    {
      "id": "antigua-guatemala",
      "name": "Antigua Guatemala"
    },
    {
      "id": "cambote",
      "name": "Cambote"
    },
    {
      "id": "catarina",
      "name": "Catarina"
    },
    {
      "id": "central",
      "name": "Central"
    },
    {
      "id": "chimaltenango",
      "name": "Chimaltenango"
    },
    {
      "id": "chiquimula",
      "name": "Chiquimula"
    },
    {
      "id": "ciudad-vieja",
      "name": "Ciudad Vieja"
    },
    {
      "id": "coban",
      "name": "Coban"
    },
    {
      "id": "el-limon",
      "name": "El Limon"
    },
    {
      "id": "el-naranjo",
      "name": "El Naranjo"
    },
    {
      "id": "el-salvador",
      "name": "El Salvador"
    },
    {
      "id": "escuintla",
      "name": "Escuintla"
    },
    {
      "id": "esquipulas",
      "name": "Esquipulas"
    },
    {
      "id": "flores",
      "name": "Flores"
    },
    {
      "id": "guatemala-city",
      "name": "Guatemala City"
    },
    {
      "id": "huehuetenango",
      "name": "Huehuetenango"
    },
    {
      "id": "jocotenango",
      "name": "Jocotenango"
    },
    {
      "id": "la-reforma",
      "name": "La Reforma"
    },
    {
      "id": "mazatenango",
      "name": "Mazatenango"
    },
    {
      "id": "melchor-de-mencos",
      "name": "Melchor de Mencos"
    },
    {
      "id": "mixco",
      "name": "Mixco"
    },
    {
      "id": "palin",
      "name": "Palin"
    },
    {
      "id": "panajachel",
      "name": "Panajachel"
    },
    {
      "id": "petapa",
      "name": "Petapa"
    },
    {
      "id": "puerto-barrios",
      "name": "Puerto Barrios"
    },
    {
      "id": "quesada",
      "name": "Quesada"
    },
    {
      "id": "quetzaltenango",
      "name": "Quetzaltenango"
    },
    {
      "id": "retalhuleu",
      "name": "Retalhuleu"
    },
    {
      "id": "san-antonio-miramar",
      "name": "San Antonio Miramar"
    },
    {
      "id": "san-jose-pinula",
      "name": "San Jose Pinula"
    },
    {
      "id": "san-juan",
      "name": "San Juan"
    },
    {
      "id": "san-marcos",
      "name": "San Marcos"
    },
    {
      "id": "san-pedro-sacatepequez",
      "name": "San Pedro Sacatepequez"
    },
    {
      "id": "santa-catarina-pinula",
      "name": "Santa Catarina Pinula"
    },
    {
      "id": "santa-cruz-la-laguna",
      "name": "Santa Cruz La Laguna"
    },
    {
      "id": "santa-cruz-naranjo",
      "name": "Santa Cruz Naranjo"
    },
    {
      "id": "santa-lucia-cotzumalguapa",
      "name": "Santa Lucia Cotzumalguapa"
    },
    {
      "id": "santa-rosa",
      "name": "Santa Rosa"
    },
    {
      "id": "solola",
      "name": "Solola"
    },
    {
      "id": "villa-nueva",
      "name": "Villa Nueva"
    },
    {
      "id": "vista-hermosa",
      "name": "Vista Hermosa"
    },
    {
      "id": "zacapa",
      "name": "Zacapa"
    }
  ]
}