{
  "coid": "HR",
  "cities": [
    {
      "id": "antunovac",
      "name": "Antunovac"
    },
    {
      "id": "baska",
      "name": "Baska"
    },
    {
      "id": "baska-voda",
      "name": "Baska Voda"
    },
    {
      "id": "bedekovcina",
      "name": "Bedekovcina"
    },
    {
      "id": "bestovje",
      "name": "Bestovje"
    },
    {
      "id": "betina",
      "name": "Betina"
    },
    {
      "id": "bibinje",
      "name": "Bibinje"
    },
    {
      "id": "bizovac",
      "name": "Bizovac"
    },
    {
      "id": "bjelovar",
      "name": "Bjelovar"
    },
    {
      "id": "bracevci",
      "name": "Bracevci"
    },
    {
      "id": "brdovec",
      "name": "Brdovec"
    },
    {
      "id": "bregana",
      "name": "Bregana"
    },
    {
      "id": "brela",
      "name": "Brela"
    },
    {
      "id": "brsadin",
      "name": "Brsadin"
    },
    {
      "id": "buje",
      "name": "Buje"
    },
    {
      "id": "cabuna",
      "name": "Cabuna"
    },
    {
      "id": "cavtat",
      "name": "Cavtat"
    },
    {
      "id": "cepin",
      "name": "Cepin"
    },
    {
      "id": "cestica",
      "name": "Cestica"
    },
    {
      "id": "core",
      "name": "Core"
    },
    {
      "id": "crikvenica",
      "name": "Crikvenica"
    },
    {
      "id": "dalj",
      "name": "Dalj"
    },
    {
      "id": "darda",
      "name": "Darda"
    },
    {
      "id": "delnice",
      "name": "Delnice"
    },
    {
      "id": "desinic",
      "name": "Desinic"
    },
    {
      "id": "donja-pusca",
      "name": "Donja Pusca"
    },
    {
      "id": "donja-zelina",
      "name": "Donja Zelina"
    },
    {
      "id": "donji-kraljevec",
      "name": "Donji Kraljevec"
    },
    {
      "id": "dubrovnik",
      "name": "Dubrovnik"
    },
    {
      "id": "dugo-selo",
      "name": "Dugo Selo"
    },
    {
      "id": "fazana",
      "name": "Fazana"
    },
    {
      "id": "fuzine",
      "name": "Fuzine"
    },
    {
      "id": "galgovo",
      "name": "Galgovo"
    },
    {
      "id": "glina",
      "name": "Glina"
    },
    {
      "id": "gornja-lomnica",
      "name": "Gornja Lomnica"
    },
    {
      "id": "gornji-kriz",
      "name": "Gornji Kriz"
    },
    {
      "id": "gornji-stupnik",
      "name": "Gornji Stupnik"
    },
    {
      "id": "hreljin",
      "name": "Hreljin"
    },
    {
      "id": "icici",
      "name": "Icici"
    },
    {
      "id": "ivanec",
      "name": "Ivanec"
    },
    {
      "id": "ivanic-grad",
      "name": "Ivanic-Grad"
    },
    {
      "id": "karlovac",
      "name": "Karlovac"
    },
    {
      "id": "karojba",
      "name": "Karojba"
    },
    {
      "id": "kastel-gomilica",
      "name": "Kastel Gomilica"
    },
    {
      "id": "kastel-luksic",
      "name": "Kastel Luksic"
    },
    {
      "id": "kastel-sucurac",
      "name": "Kastel Sucurac"
    },
    {
      "id": "koprivnica",
      "name": "Koprivnica"
    },
    {
      "id": "kostrena",
      "name": "Kostrena"
    },
    {
      "id": "kraljevec-na-sutli",
      "name": "Kraljevec na Sutli"
    },
    {
      "id": "krapina",
      "name": "Krapina"
    },
    {
      "id": "kriz",
      "name": "Kriz"
    },
    {
      "id": "krk",
      "name": "Krk"
    },
    {
      "id": "krsan",
      "name": "Krsan"
    },
    {
      "id": "kutjevo",
      "name": "Kutjevo"
    },
    {
      "id": "labin",
      "name": "Labin"
    },
    {
      "id": "lapad",
      "name": "Lapad"
    },
    {
      "id": "lekenik",
      "name": "Lekenik"
    },
    {
      "id": "lepoglava",
      "name": "Lepoglava"
    },
    {
      "id": "lovran",
      "name": "Lovran"
    },
    {
      "id": "lukavec",
      "name": "Lukavec"
    },
    {
      "id": "lupoglav",
      "name": "Lupoglav"
    },
    {
      "id": "makarska",
      "name": "Makarska"
    },
    {
      "id": "matulji",
      "name": "Matulji"
    },
    {
      "id": "medulin",
      "name": "Medulin"
    },
    {
      "id": "mlini",
      "name": "Mlini"
    },
    {
      "id": "mursko-sredisce",
      "name": "Mursko Sredisce"
    },
    {
      "id": "nedelisce",
      "name": "Nedelisce"
    },
    {
      "id": "nova-gradiska",
      "name": "Nova Gradiska"
    },
    {
      "id": "novi-marof",
      "name": "Novi Marof"
    },
    {
      "id": "novi-vinodolski",
      "name": "Novi Vinodolski"
    },
    {
      "id": "novo-cice",
      "name": "Novo Cice"
    },
    {
      "id": "nustar",
      "name": "Nustar"
    },
    {
      "id": "okrug-gornji",
      "name": "Okrug Gornji"
    },
    {
      "id": "opatija",
      "name": "Opatija"
    },
    {
      "id": "orahovica",
      "name": "Orahovica"
    },
    {
      "id": "orebic",
      "name": "Orebic"
    },
    {
      "id": "orle",
      "name": "Orle"
    },
    {
      "id": "oroslavje",
      "name": "Oroslavje"
    },
    {
      "id": "osijek",
      "name": "Osijek"
    },
    {
      "id": "pakrac",
      "name": "Pakrac"
    },
    {
      "id": "pazin",
      "name": "Pazin"
    },
    {
      "id": "petrcane",
      "name": "Petrcane"
    },
    {
      "id": "petrinja",
      "name": "Petrinja"
    },
    {
      "id": "piskorevci",
      "name": "Piskorevci"
    },
    {
      "id": "podastrana",
      "name": "Podastrana"
    },
    {
      "id": "podgajci-posavski",
      "name": "Podgajci Posavski"
    },
    {
      "id": "popovaca",
      "name": "Popovaca"
    },
    {
      "id": "postira",
      "name": "Postira"
    },
    {
      "id": "pregrada",
      "name": "Pregrada"
    },
    {
      "id": "prelog",
      "name": "Prelog"
    },
    {
      "id": "primosten",
      "name": "Primosten"
    },
    {
      "id": "privlaka",
      "name": "Privlaka"
    },
    {
      "id": "pula",
      "name": "Pula"
    },
    {
      "id": "rab",
      "name": "Rab"
    },
    {
      "id": "rakitje",
      "name": "Rakitje"
    },
    {
      "id": "rijeka",
      "name": "Rijeka"
    },
    {
      "id": "rovinj",
      "name": "Rovinj"
    },
    {
      "id": "samobor",
      "name": "Samobor"
    },
    {
      "id": "sapjane",
      "name": "Sapjane"
    },
    {
      "id": "senkovec",
      "name": "Senkovec"
    },
    {
      "id": "sesvete",
      "name": "Sesvete"
    },
    {
      "id": "sesvetski-kraljevec",
      "name": "Sesvetski Kraljevec"
    },
    {
      "id": "sice",
      "name": "Sice"
    },
    {
      "id": "silas",
      "name": "Silas"
    },
    {
      "id": "simuni",
      "name": "Simuni"
    },
    {
      "id": "sinj",
      "name": "Sinj"
    },
    {
      "id": "sisak",
      "name": "Sisak"
    },
    {
      "id": "slatina",
      "name": "Slatina"
    },
    {
      "id": "slavonski-brod",
      "name": "Slavonski Brod"
    },
    {
      "id": "sokolovac",
      "name": "Sokolovac"
    },
    {
      "id": "solin",
      "name": "Solin"
    },
    {
      "id": "split",
      "name": "Split"
    },
    {
      "id": "splitska",
      "name": "Splitska"
    },
    {
      "id": "strmec",
      "name": "Strmec"
    },
    {
      "id": "strmec-samoborski",
      "name": "Strmec Samoborski"
    },
    {
      "id": "sveti-ivan-zelina",
      "name": "Sveti Ivan Zelina"
    },
    {
      "id": "tar",
      "name": "Tar"
    },
    {
      "id": "torcec",
      "name": "Torcec"
    },
    {
      "id": "trogir",
      "name": "Trogir"
    },
    {
      "id": "tuzno",
      "name": "Tuzno"
    },
    {
      "id": "umag",
      "name": "Umag"
    },
    {
      "id": "varazdinske-toplice",
      "name": "Varazdinske Toplice"
    },
    {
      "id": "vardarac",
      "name": "Vardarac"
    },
    {
      "id": "velika-gorica",
      "name": "Velika Gorica"
    },
    {
      "id": "vetovo",
      "name": "Vetovo"
    },
    {
      "id": "vinica",
      "name": "Vinica"
    },
    {
      "id": "vinkovci",
      "name": "Vinkovci"
    },
    {
      "id": "virje",
      "name": "Virje"
    },
    {
      "id": "virovitica",
      "name": "Virovitica"
    },
    {
      "id": "viskovci",
      "name": "Viskovci"
    },
    {
      "id": "vojnic",
      "name": "Vojnic"
    },
    {
      "id": "vrata",
      "name": "Vrata"
    },
    {
      "id": "vratisinec",
      "name": "Vratisinec"
    },
    {
      "id": "vrbnik",
      "name": "Vrbnik"
    },
    {
      "id": "vrbovec",
      "name": "Vrbovec"
    },
    {
      "id": "vukovar",
      "name": "Vukovar"
    },
    {
      "id": "zabok",
      "name": "Zabok"
    },
    {
      "id": "zadar",
      "name": "Zadar"
    },
    {
      "id": "zagreb",
      "name": "Zagreb"
    },
    {
      "id": "zapresic",
      "name": "Zapresic"
    },
    {
      "id": "zlatar",
      "name": "Zlatar"
    }
  ]
}