{
  "coid": "ID",
  "cities": [
    {
      "id": "abadi",
      "name": "Abadi"
    },
    {
      "id": "adiantorop",
      "name": "Adiantorop"
    },
    {
      "id": "airmadidi",
      "name": "Airmadidi"
    },
    {
      "id": "ambarawa",
      "name": "Ambarawa"
    },
    {
      "id": "ambon-city",
      "name": "Ambon City"
    },
    {
      "id": "amlapura",
      "name": "Amlapura"
    },
    {
      "id": "anggrek",
      "name": "Anggrek"
    },
    {
      "id": "angkasa",
      "name": "Angkasa"
    },
    {
      "id": "area",
      "name": "Area"
    },
    {
      "id": "badung",
      "name": "Badung"
    },
    {
      "id": "bali",
      "name": "Bali"
    },
    {
      "id": "balige",
      "name": "Balige"
    },
    {
      "id": "balikpapan",
      "name": "Balikpapan"
    },
    {
      "id": "banda-aceh",
      "name": "Banda Aceh"
    },
    {
      "id": "bandar",
      "name": "Bandar"
    },
    {
      "id": "bandar-lampung",
      "name": "Bandar Lampung"
    },
    {
      "id": "bandung",
      "name": "Bandung"
    },
    {
      "id": "bangkalan",
      "name": "Bangkalan"
    },
    {
      "id": "bangkinang",
      "name": "Bangkinang"
    },
    {
      "id": "bangli",
      "name": "Bangli"
    },
    {
      "id": "banjar",
      "name": "Banjar"
    },
    {
      "id": "banjarbaru",
      "name": "Banjarbaru"
    },
    {
      "id": "banjarmasin",
      "name": "Banjarmasin"
    },
    {
      "id": "banjarnegara",
      "name": "Banjarnegara"
    },
    {
      "id": "bantaeng",
      "name": "Bantaeng"
    },
    {
      "id": "bantan",
      "name": "Bantan"
    },
    {
      "id": "bantul",
      "name": "Bantul"
    },
    {
      "id": "banyumas",
      "name": "Banyumas"
    },
    {
      "id": "banyuwangi",
      "name": "Banyuwangi"
    },
    {
      "id": "baratjaya",
      "name": "Baratjaya"
    },
    {
      "id": "batang",
      "name": "Batang"
    },
    {
      "id": "batu",
      "name": "Batu"
    },
    {
      "id": "baturaja",
      "name": "Baturaja"
    },
    {
      "id": "baubau",
      "name": "Baubau"
    },
    {
      "id": "bekasi",
      "name": "Bekasi"
    },
    {
      "id": "bengkalis",
      "name": "Bengkalis"
    },
    {
      "id": "bengkulu",
      "name": "Bengkulu"
    },
    {
      "id": "bima",
      "name": "Bima"
    },
    {
      "id": "binjai",
      "name": "Binjai"
    },
    {
      "id": "bitung",
      "name": "Bitung"
    },
    {
      "id": "blitar",
      "name": "Blitar"
    },
    {
      "id": "blora",
      "name": "Blora"
    },
    {
      "id": "bogor",
      "name": "Bogor"
    },
    {
      "id": "bojonegoro",
      "name": "Bojonegoro"
    },
    {
      "id": "bondowoso",
      "name": "Bondowoso"
    },
    {
      "id": "bontang",
      "name": "Bontang"
    },
    {
      "id": "boyolali",
      "name": "Boyolali"
    },
    {
      "id": "bukit-tinggi",
      "name": "Bukit Tinggi"
    },
    {
      "id": "bulukumba",
      "name": "Bulukumba"
    },
    {
      "id": "buntok",
      "name": "Buntok"
    },
    {
      "id": "cakrawala",
      "name": "Cakrawala"
    },
    {
      "id": "cempaka",
      "name": "Cempaka"
    },
    {
      "id": "cengkareng",
      "name": "Cengkareng"
    },
    {
      "id": "ciamis",
      "name": "Ciamis"
    },
    {
      "id": "cianjur",
      "name": "Cianjur"
    },
    {
      "id": "cibitung",
      "name": "Cibitung"
    },
    {
      "id": "cibubur",
      "name": "Cibubur"
    },
    {
      "id": "cihampelas",
      "name": "Cihampelas"
    },
    {
      "id": "cikarang",
      "name": "Cikarang"
    },
    {
      "id": "cikini",
      "name": "Cikini"
    },
    {
      "id": "cilacap",
      "name": "Cilacap"
    },
    {
      "id": "cilegon",
      "name": "Cilegon"
    },
    {
      "id": "cilincing",
      "name": "Cilincing"
    },
    {
      "id": "cimahi",
      "name": "Cimahi"
    },
    {
      "id": "cimanggis",
      "name": "Cimanggis"
    },
    {
      "id": "cipinanglatihan",
      "name": "Cipinanglatihan"
    },
    {
      "id": "ciputat",
      "name": "Ciputat"
    },
    {
      "id": "cirebon",
      "name": "Cirebon"
    },
    {
      "id": "citeureup",
      "name": "Citeureup"
    },
    {
      "id": "darmaga",
      "name": "Darmaga"
    },
    {
      "id": "darussalam",
      "name": "Darussalam"
    },
    {
      "id": "demak",
      "name": "Demak"
    },
    {
      "id": "denpasar",
      "name": "Denpasar"
    },
    {
      "id": "depok",
      "name": "Depok"
    },
    {
      "id": "depok-jaya",
      "name": "Depok Jaya"
    },
    {
      "id": "dumai",
      "name": "Dumai"
    },
    {
      "id": "duren",
      "name": "Duren"
    },
    {
      "id": "duri",
      "name": "Duri"
    },
    {
      "id": "gandul",
      "name": "Gandul"
    },
    {
      "id": "garut",
      "name": "Garut"
    },
    {
      "id": "gedung",
      "name": "Gedung"
    },
    {
      "id": "gianyar",
      "name": "Gianyar"
    },
    {
      "id": "gorontalo",
      "name": "Gorontalo"
    },
    {
      "id": "gresik",
      "name": "Gresik"
    },
    {
      "id": "guntung",
      "name": "Guntung"
    },
    {
      "id": "gunungsitoli",
      "name": "Gunungsitoli"
    },
    {
      "id": "holis",
      "name": "Holis"
    },
    {
      "id": "indo",
      "name": "Indo"
    },
    {
      "id": "indramayu",
      "name": "Indramayu"
    },
    {
      "id": "jagakarsa",
      "name": "Jagakarsa"
    },
    {
      "id": "jakarta",
      "name": "Jakarta"
    },
    {
      "id": "jambi-city",
      "name": "Jambi City"
    },
    {
      "id": "jayapura",
      "name": "Jayapura"
    },
    {
      "id": "jember",
      "name": "Jember"
    },
    {
      "id": "jepara",
      "name": "Jepara"
    },
    {
      "id": "jimbaran",
      "name": "Jimbaran"
    },
    {
      "id": "jombang",
      "name": "Jombang"
    },
    {
      "id": "kabanjahe",
      "name": "Kabanjahe"
    },
    {
      "id": "kalideres",
      "name": "Kalideres"
    },
    {
      "id": "kalimantan",
      "name": "Kalimantan"
    },
    {
      "id": "kandangan",
      "name": "Kandangan"
    },
    {
      "id": "karanganyar",
      "name": "Karanganyar"
    },
    {
      "id": "karawang",
      "name": "Karawang"
    },
    {
      "id": "kartasura",
      "name": "Kartasura"
    },
    {
      "id": "kebayoran-baru",
      "name": "Kebayoran Baru"
    },
    {
      "id": "kebayoran-lama-selatan",
      "name": "Kebayoran Lama Selatan"
    },
    {
      "id": "kebumen",
      "name": "Kebumen"
    },
    {
      "id": "kediri",
      "name": "Kediri"
    },
    {
      "id": "kelapa-dua",
      "name": "Kelapa Dua"
    },
    {
      "id": "kemang",
      "name": "Kemang"
    },
    {
      "id": "kendal",
      "name": "Kendal"
    },
    {
      "id": "kepanjen",
      "name": "Kepanjen"
    },
    {
      "id": "kerinci",
      "name": "Kerinci"
    },
    {
      "id": "kerobokan",
      "name": "Kerobokan"
    },
    {
      "id": "klaten",
      "name": "Klaten"
    },
    {
      "id": "kopeng",
      "name": "Kopeng"
    },
    {
      "id": "kota",
      "name": "Kota"
    },
    {
      "id": "kudus",
      "name": "Kudus"
    },
    {
      "id": "kulon",
      "name": "Kulon"
    },
    {
      "id": "kuningan",
      "name": "Kuningan"
    },
    {
      "id": "kupang",
      "name": "Kupang"
    },
    {
      "id": "kuta",
      "name": "Kuta"
    },
    {
      "id": "lamongan",
      "name": "Lamongan"
    },
    {
      "id": "lampeong",
      "name": "Lampeong"
    },
    {
      "id": "langsa",
      "name": "Langsa"
    },
    {
      "id": "lapan",
      "name": "Lapan"
    },
    {
      "id": "lawang",
      "name": "Lawang"
    },
    {
      "id": "lestari",
      "name": "Lestari"
    },
    {
      "id": "lhokseumawe",
      "name": "Lhokseumawe"
    },
    {
      "id": "lubuk-pakam",
      "name": "Lubuk Pakam"
    },
    {
      "id": "lumajang",
      "name": "Lumajang"
    },
    {
      "id": "madiun",
      "name": "Madiun"
    },
    {
      "id": "magelang",
      "name": "Magelang"
    },
    {
      "id": "magetan",
      "name": "Magetan"
    },
    {
      "id": "mail",
      "name": "Mail"
    },
    {
      "id": "majalengka",
      "name": "Majalengka"
    },
    {
      "id": "makassar",
      "name": "Makassar"
    },
    {
      "id": "malang",
      "name": "Malang"
    },
    {
      "id": "mamuju",
      "name": "Mamuju"
    },
    {
      "id": "manado",
      "name": "Manado"
    },
    {
      "id": "maros",
      "name": "Maros"
    },
    {
      "id": "mataram",
      "name": "Mataram"
    },
    {
      "id": "medan",
      "name": "Medan"
    },
    {
      "id": "mega",
      "name": "Mega"
    },
    {
      "id": "menara",
      "name": "Menara"
    },
    {
      "id": "menteng",
      "name": "Menteng"
    },
    {
      "id": "mojoagung",
      "name": "Mojoagung"
    },
    {
      "id": "mojokerto",
      "name": "Mojokerto"
    },
    {
      "id": "muntilan",
      "name": "Muntilan"
    },
    {
      "id": "negara",
      "name": "Negara"
    },
    {
      "id": "negeribesar",
      "name": "Negeribesar"
    },
    {
      "id": "nganjuk",
      "name": "Nganjuk"
    },
    {
      "id": "ngawi",
      "name": "Ngawi"
    },
    {
      "id": "nusa",
      "name": "Nusa"
    },
    {
      "id": "nusa-dua",
      "name": "Nusa Dua"
    },
    {
      "id": "nusantara",
      "name": "Nusantara"
    },
    {
      "id": "pacitan",
      "name": "Pacitan"
    },
    {
      "id": "padang",
      "name": "Padang"
    },
    {
      "id": "palaihari",
      "name": "Palaihari"
    },
    {
      "id": "palangka",
      "name": "Palangka"
    },
    {
      "id": "palangkaraya",
      "name": "Palangkaraya"
    },
    {
      "id": "palembang",
      "name": "Palembang"
    },
    {
      "id": "palu",
      "name": "Palu"
    },
    {
      "id": "pamekasan",
      "name": "Pamekasan"
    },
    {
      "id": "pamulang",
      "name": "Pamulang"
    },
    {
      "id": "panasuan",
      "name": "Panasuan"
    },
    {
      "id": "pandeglang",
      "name": "Pandeglang"
    },
    {
      "id": "pangaturan",
      "name": "Pangaturan"
    },
    {
      "id": "parakan",
      "name": "Parakan"
    },
    {
      "id": "pare",
      "name": "Pare"
    },
    {
      "id": "parman",
      "name": "Parman"
    },
    {
      "id": "pasuruan",
      "name": "Pasuruan"
    },
    {
      "id": "patam",
      "name": "Patam"
    },
    {
      "id": "pati",
      "name": "Pati"
    },
    {
      "id": "payakumbuh",
      "name": "Payakumbuh"
    },
    {
      "id": "pekalongan",
      "name": "Pekalongan"
    },
    {
      "id": "pekan",
      "name": "Pekan"
    },
    {
      "id": "pekanbaru",
      "name": "Pekanbaru"
    },
    {
      "id": "pemalang",
      "name": "Pemalang"
    },
    {
      "id": "pematangsiantar",
      "name": "Pematangsiantar"
    },
    {
      "id": "polerejo",
      "name": "Polerejo"
    },
    {
      "id": "pondok",
      "name": "Pondok"
    },
    {
      "id": "ponorogo",
      "name": "Ponorogo"
    },
    {
      "id": "pontianak",
      "name": "Pontianak"
    },
    {
      "id": "porsea",
      "name": "Porsea"
    },
    {
      "id": "poso",
      "name": "Poso"
    },
    {
      "id": "probolinggo",
      "name": "Probolinggo"
    },
    {
      "id": "purbalingga",
      "name": "Purbalingga"
    },
    {
      "id": "purwakarta",
      "name": "Purwakarta"
    },
    {
      "id": "purwodadi-grobogan",
      "name": "Purwodadi Grobogan"
    },
    {
      "id": "purwokerto",
      "name": "Purwokerto"
    },
    {
      "id": "purworejo",
      "name": "Purworejo"
    },
    {
      "id": "pusat",
      "name": "Pusat"
    },
    {
      "id": "riau",
      "name": "Riau"
    },
    {
      "id": "salatiga",
      "name": "Salatiga"
    },
    {
      "id": "samarinda",
      "name": "Samarinda"
    },
    {
      "id": "sampang",
      "name": "Sampang"
    },
    {
      "id": "sampit",
      "name": "Sampit"
    },
    {
      "id": "sangereng",
      "name": "Sangereng"
    },
    {
      "id": "sanur",
      "name": "Sanur"
    },
    {
      "id": "sejahtera",
      "name": "Sejahtera"
    },
    {
      "id": "sekupang",
      "name": "Sekupang"
    },
    {
      "id": "selatan",
      "name": "Selatan"
    },
    {
      "id": "selong",
      "name": "Selong"
    },
    {
      "id": "semarang",
      "name": "Semarang"
    },
    {
      "id": "sengkang",
      "name": "Sengkang"
    },
    {
      "id": "sentul",
      "name": "Sentul"
    },
    {
      "id": "serang",
      "name": "Serang"
    },
    {
      "id": "serdang",
      "name": "Serdang"
    },
    {
      "id": "serpong",
      "name": "Serpong"
    },
    {
      "id": "sidoarjo",
      "name": "Sidoarjo"
    },
    {
      "id": "sigli",
      "name": "Sigli"
    },
    {
      "id": "sijunjung",
      "name": "Sijunjung"
    },
    {
      "id": "simpang",
      "name": "Simpang"
    },
    {
      "id": "singaraja",
      "name": "Singaraja"
    },
    {
      "id": "singkawang",
      "name": "Singkawang"
    },
    {
      "id": "situbondo",
      "name": "Situbondo"
    },
    {
      "id": "sleman",
      "name": "Sleman"
    },
    {
      "id": "soasio",
      "name": "Soasio"
    },
    {
      "id": "soe",
      "name": "Soe"
    },
    {
      "id": "soho",
      "name": "Soho"
    },
    {
      "id": "solo",
      "name": "Solo"
    },
    {
      "id": "sragen",
      "name": "Sragen"
    },
    {
      "id": "stabat",
      "name": "Stabat"
    },
    {
      "id": "subang",
      "name": "Subang"
    },
    {
      "id": "sukabumi",
      "name": "Sukabumi"
    },
    {
      "id": "sukoharjo",
      "name": "Sukoharjo"
    },
    {
      "id": "sumedang",
      "name": "Sumedang"
    },
    {
      "id": "sungailiat",
      "name": "Sungailiat"
    },
    {
      "id": "sunggal",
      "name": "Sunggal"
    },
    {
      "id": "sungguminasa",
      "name": "Sungguminasa"
    },
    {
      "id": "surabaya",
      "name": "Surabaya"
    },
    {
      "id": "surabayan",
      "name": "Surabayan"
    },
    {
      "id": "surakarta",
      "name": "Surakarta"
    },
    {
      "id": "tabanan",
      "name": "Tabanan"
    },
    {
      "id": "tangsel",
      "name": "Tangsel"
    },
    {
      "id": "tanjung",
      "name": "Tanjung"
    },
    {
      "id": "tanjung-balai",
      "name": "Tanjung Balai"
    },
    {
      "id": "tanjungpinang",
      "name": "Tanjungpinang"
    },
    {
      "id": "tarakan",
      "name": "Tarakan"
    },
    {
      "id": "tasikmalaya",
      "name": "Tasikmalaya"
    },
    {
      "id": "tebingtinggi",
      "name": "Tebingtinggi"
    },
    {
      "id": "tegal",
      "name": "Tegal"
    },
    {
      "id": "temanggung",
      "name": "Temanggung"
    },
    {
      "id": "tembagapura",
      "name": "Tembagapura"
    },
    {
      "id": "tengah",
      "name": "Tengah"
    },
    {
      "id": "tenggara",
      "name": "Tenggara"
    },
    {
      "id": "tenggarong",
      "name": "Tenggarong"
    },
    {
      "id": "tigaraksa",
      "name": "Tigaraksa"
    },
    {
      "id": "tigarasa",
      "name": "Tigarasa"
    },
    {
      "id": "timur",
      "name": "Timur"
    },
    {
      "id": "tipar-timur",
      "name": "Tipar Timur"
    },
    {
      "id": "tirtagangga",
      "name": "Tirtagangga"
    },
    {
      "id": "tomohon",
      "name": "Tomohon"
    },
    {
      "id": "tondano",
      "name": "Tondano"
    },
    {
      "id": "trenggalek",
      "name": "Trenggalek"
    },
    {
      "id": "tuban",
      "name": "Tuban"
    },
    {
      "id": "tulungagung",
      "name": "Tulungagung"
    },
    {
      "id": "ubud",
      "name": "Ubud"
    },
    {
      "id": "udayana",
      "name": "Udayana"
    },
    {
      "id": "ungaran",
      "name": "Ungaran"
    },
    {
      "id": "utama",
      "name": "Utama"
    },
    {
      "id": "utara",
      "name": "Utara"
    },
    {
      "id": "veteran",
      "name": "Veteran"
    },
    {
      "id": "wilayah",
      "name": "Wilayah"
    },
    {
      "id": "wonogiri",
      "name": "Wonogiri"
    },
    {
      "id": "wonosari",
      "name": "Wonosari"
    },
    {
      "id": "wonosobo",
      "name": "Wonosobo"
    },
    {
      "id": "yogyakarta",
      "name": "Yogyakarta"
    }
  ]
}