{
  "coid": "IE",
  "cities": [
    {
      "id": "abbeyfeale",
      "name": "Abbeyfeale"
    },
    {
      "id": "abbeyleix",
      "name": "Abbeyleix"
    },
    {
      "id": "ardee",
      "name": "Ardee"
    },
    {
      "id": "arklow",
      "name": "Arklow"
    },
    {
      "id": "artane",
      "name": "Artane"
    },
    {
      "id": "ashbourne",
      "name": "Ashbourne"
    },
    {
      "id": "athboy",
      "name": "Athboy"
    },
    {
      "id": "athenry",
      "name": "Athenry"
    },
    {
      "id": "athlone",
      "name": "Athlone"
    },
    {
      "id": "athy",
      "name": "Athy"
    },
    {
      "id": "bagenalstown",
      "name": "Bagenalstown"
    },
    {
      "id": "bailieborough",
      "name": "Bailieborough"
    },
    {
      "id": "balbriggan",
      "name": "Balbriggan"
    },
    {
      "id": "baldoyle",
      "name": "Baldoyle"
    },
    {
      "id": "balgriffin",
      "name": "Balgriffin"
    },
    {
      "id": "ballina",
      "name": "Ballina"
    },
    {
      "id": "ballinadee",
      "name": "Ballinadee"
    },
    {
      "id": "ballinasloe",
      "name": "Ballinasloe"
    },
    {
      "id": "ballincollig",
      "name": "Ballincollig"
    },
    {
      "id": "ballineen",
      "name": "Ballineen"
    },
    {
      "id": "ballinrobe",
      "name": "Ballinrobe"
    },
    {
      "id": "ballintober",
      "name": "Ballintober"
    },
    {
      "id": "ballivor",
      "name": "Ballivor"
    },
    {
      "id": "ballon",
      "name": "Ballon"
    },
    {
      "id": "ballsbridge",
      "name": "Ballsbridge"
    },
    {
      "id": "ballybrack",
      "name": "Ballybrack"
    },
    {
      "id": "ballybrit",
      "name": "Ballybrit"
    },
    {
      "id": "ballycullen",
      "name": "Ballycullen"
    },
    {
      "id": "ballyfermot",
      "name": "Ballyfermot"
    },
    {
      "id": "ballygarvan",
      "name": "Ballygarvan"
    },
    {
      "id": "ballyhooly",
      "name": "Ballyhooly"
    },
    {
      "id": "ballymahon",
      "name": "Ballymahon"
    },
    {
      "id": "ballymote",
      "name": "Ballymote"
    },
    {
      "id": "ballymount",
      "name": "Ballymount"
    },
    {
      "id": "ballymun",
      "name": "Ballymun"
    },
    {
      "id": "ballyphilip",
      "name": "Ballyphilip"
    },
    {
      "id": "ballyragget",
      "name": "Ballyragget"
    },
    {
      "id": "ballyroe",
      "name": "Ballyroe"
    },
    {
      "id": "ballyvaghan",
      "name": "Ballyvaghan"
    },
    {
      "id": "bandon",
      "name": "Bandon"
    },
    {
      "id": "bantry",
      "name": "Bantry"
    },
    {
      "id": "berrings",
      "name": "Berrings"
    },
    {
      "id": "bettystown",
      "name": "Bettystown"
    },
    {
      "id": "birr",
      "name": "Birr"
    },
    {
      "id": "blackrock",
      "name": "Blackrock"
    },
    {
      "id": "blanchardstown",
      "name": "Blanchardstown"
    },
    {
      "id": "blessington",
      "name": "Blessington"
    },
    {
      "id": "bodyke",
      "name": "Bodyke"
    },
    {
      "id": "boherbue",
      "name": "Boherbue"
    },
    {
      "id": "bray",
      "name": "Bray"
    },
    {
      "id": "broadford",
      "name": "Broadford"
    },
    {
      "id": "buncrana",
      "name": "Buncrana"
    },
    {
      "id": "bundoran",
      "name": "Bundoran"
    },
    {
      "id": "cabinteely",
      "name": "Cabinteely"
    },
    {
      "id": "cabra",
      "name": "Cabra"
    },
    {
      "id": "caher",
      "name": "Caher"
    },
    {
      "id": "cahersiveen",
      "name": "Cahersiveen"
    },
    {
      "id": "callan",
      "name": "Callan"
    },
    {
      "id": "carbury",
      "name": "Carbury"
    },
    {
      "id": "carlow",
      "name": "Carlow"
    },
    {
      "id": "carnew",
      "name": "Carnew"
    },
    {
      "id": "carraroe",
      "name": "Carraroe"
    },
    {
      "id": "carrick",
      "name": "Carrick"
    },
    {
      "id": "carrick-on-shannon",
      "name": "Carrick on Shannon"
    },
    {
      "id": "carrick-on-suir",
      "name": "Carrick-on-Suir"
    },
    {
      "id": "carrickmacross",
      "name": "Carrickmacross"
    },
    {
      "id": "carrickmines",
      "name": "Carrickmines"
    },
    {
      "id": "carrigaline",
      "name": "Carrigaline"
    },
    {
      "id": "carrigtohill",
      "name": "Carrigtohill"
    },
    {
      "id": "cashel",
      "name": "Cashel"
    },
    {
      "id": "castlebar",
      "name": "Castlebar"
    },
    {
      "id": "castleblayney",
      "name": "Castleblayney"
    },
    {
      "id": "castlebridge",
      "name": "Castlebridge"
    },
    {
      "id": "castleknock",
      "name": "Castleknock"
    },
    {
      "id": "castlemaine",
      "name": "Castlemaine"
    },
    {
      "id": "castlerea",
      "name": "Castlerea"
    },
    {
      "id": "cavan",
      "name": "Cavan"
    },
    {
      "id": "celbridge",
      "name": "Celbridge"
    },
    {
      "id": "clane",
      "name": "Clane"
    },
    {
      "id": "clarecastle",
      "name": "Clarecastle"
    },
    {
      "id": "claregalway",
      "name": "Claregalway"
    },
    {
      "id": "claremorris",
      "name": "Claremorris"
    },
    {
      "id": "clogherhead",
      "name": "Clogherhead"
    },
    {
      "id": "clonakilty",
      "name": "Clonakilty"
    },
    {
      "id": "clondalkin",
      "name": "Clondalkin"
    },
    {
      "id": "clonee",
      "name": "Clonee"
    },
    {
      "id": "clones",
      "name": "Clones"
    },
    {
      "id": "clonmel",
      "name": "Clonmel"
    },
    {
      "id": "clonsilla",
      "name": "Clonsilla"
    },
    {
      "id": "clontarf",
      "name": "Clontarf"
    },
    {
      "id": "coachford",
      "name": "Coachford"
    },
    {
      "id": "cobh",
      "name": "Cobh"
    },
    {
      "id": "coolock",
      "name": "Coolock"
    },
    {
      "id": "cork",
      "name": "Cork"
    },
    {
      "id": "county-galway",
      "name": "County Galway"
    },
    {
      "id": "county-wexford",
      "name": "County Wexford"
    },
    {
      "id": "courtown",
      "name": "Courtown"
    },
    {
      "id": "crookhaven",
      "name": "Crookhaven"
    },
    {
      "id": "cross",
      "name": "Cross"
    },
    {
      "id": "crosshaven",
      "name": "Crosshaven"
    },
    {
      "id": "crumlin",
      "name": "Crumlin"
    },
    {
      "id": "crusheen",
      "name": "Crusheen"
    },
    {
      "id": "dalkey",
      "name": "Dalkey"
    },
    {
      "id": "delgany",
      "name": "Delgany"
    },
    {
      "id": "donabate",
      "name": "Donabate"
    },
    {
      "id": "donegal",
      "name": "Donegal"
    },
    {
      "id": "donnybrook",
      "name": "Donnybrook"
    },
    {
      "id": "doolin",
      "name": "Doolin"
    },
    {
      "id": "doughiska",
      "name": "Doughiska"
    },
    {
      "id": "douglas",
      "name": "Douglas"
    },
    {
      "id": "drogheda",
      "name": "Drogheda"
    },
    {
      "id": "droichead-nua",
      "name": "Droichead Nua"
    },
    {
      "id": "dublin",
      "name": "Dublin"
    },
    {
      "id": "duleek",
      "name": "Duleek"
    },
    {
      "id": "dunboyne",
      "name": "Dunboyne"
    },
    {
      "id": "dundalk",
      "name": "Dundalk"
    },
    {
      "id": "dundrum",
      "name": "Dundrum"
    },
    {
      "id": "dungarvan",
      "name": "Dungarvan"
    },
    {
      "id": "dunlavin",
      "name": "Dunlavin"
    },
    {
      "id": "dunleer",
      "name": "Dunleer"
    },
    {
      "id": "dunshaughlin",
      "name": "Dunshaughlin"
    },
    {
      "id": "edenderry",
      "name": "Edenderry"
    },
    {
      "id": "enfield",
      "name": "Enfield"
    },
    {
      "id": "ennis",
      "name": "Ennis"
    },
    {
      "id": "enniscorthy",
      "name": "Enniscorthy"
    },
    {
      "id": "enniskerry",
      "name": "Enniskerry"
    },
    {
      "id": "feakle",
      "name": "Feakle"
    },
    {
      "id": "ferbane",
      "name": "Ferbane"
    },
    {
      "id": "fermoy",
      "name": "Fermoy"
    },
    {
      "id": "finglas",
      "name": "Finglas"
    },
    {
      "id": "firhouse",
      "name": "Firhouse"
    },
    {
      "id": "foxford",
      "name": "Foxford"
    },
    {
      "id": "foxrock",
      "name": "Foxrock"
    },
    {
      "id": "foynes",
      "name": "Foynes"
    },
    {
      "id": "galway",
      "name": "Galway"
    },
    {
      "id": "garristown",
      "name": "Garristown"
    },
    {
      "id": "geevagh",
      "name": "Geevagh"
    },
    {
      "id": "glanmire",
      "name": "Glanmire"
    },
    {
      "id": "glasnevin",
      "name": "Glasnevin"
    },
    {
      "id": "glen",
      "name": "Glen"
    },
    {
      "id": "glenealy",
      "name": "Glenealy"
    },
    {
      "id": "glengarriff",
      "name": "Glengarriff"
    },
    {
      "id": "glenties",
      "name": "Glenties"
    },
    {
      "id": "gorey",
      "name": "Gorey"
    },
    {
      "id": "gort",
      "name": "Gort"
    },
    {
      "id": "grange",
      "name": "Grange"
    },
    {
      "id": "greystones",
      "name": "Greystones"
    },
    {
      "id": "headford",
      "name": "Headford"
    },
    {
      "id": "hospital",
      "name": "Hospital"
    },
    {
      "id": "inchicore",
      "name": "Inchicore"
    },
    {
      "id": "irishtown",
      "name": "Irishtown"
    },
    {
      "id": "island",
      "name": "Island"
    },
    {
      "id": "jamestown",
      "name": "Jamestown"
    },
    {
      "id": "kanturk",
      "name": "Kanturk"
    },
    {
      "id": "kells",
      "name": "Kells"
    },
    {
      "id": "kenmare",
      "name": "Kenmare"
    },
    {
      "id": "kilbride-cross-roads",
      "name": "Kilbride Cross Roads"
    },
    {
      "id": "kilcock",
      "name": "Kilcock"
    },
    {
      "id": "kilcoole",
      "name": "Kilcoole"
    },
    {
      "id": "kilcullen",
      "name": "Kilcullen"
    },
    {
      "id": "kildalkey",
      "name": "Kildalkey"
    },
    {
      "id": "kildare",
      "name": "Kildare"
    },
    {
      "id": "kilfinane",
      "name": "Kilfinane"
    },
    {
      "id": "kilkenny",
      "name": "Kilkenny"
    },
    {
      "id": "killala",
      "name": "Killala"
    },
    {
      "id": "killaloe",
      "name": "Killaloe"
    },
    {
      "id": "killarney",
      "name": "Killarney"
    },
    {
      "id": "killiney",
      "name": "Killiney"
    },
    {
      "id": "killinick",
      "name": "Killinick"
    },
    {
      "id": "killorglin",
      "name": "Killorglin"
    },
    {
      "id": "killurin",
      "name": "Killurin"
    },
    {
      "id": "killybegs",
      "name": "Killybegs"
    },
    {
      "id": "killygordon",
      "name": "Killygordon"
    },
    {
      "id": "kilmainham",
      "name": "Kilmainham"
    },
    {
      "id": "kilmichael",
      "name": "Kilmichael"
    },
    {
      "id": "kilmore",
      "name": "Kilmore"
    },
    {
      "id": "kilrush",
      "name": "Kilrush"
    },
    {
      "id": "kiltamagh",
      "name": "Kiltamagh"
    },
    {
      "id": "kingscourt",
      "name": "Kingscourt"
    },
    {
      "id": "kingswood",
      "name": "Kingswood"
    },
    {
      "id": "kinsale",
      "name": "Kinsale"
    },
    {
      "id": "kinvarra",
      "name": "Kinvarra"
    },
    {
      "id": "leamlara",
      "name": "Leamlara"
    },
    {
      "id": "leixlip",
      "name": "Leixlip"
    },
    {
      "id": "leopardstown",
      "name": "Leopardstown"
    },
    {
      "id": "letterkenny",
      "name": "Letterkenny"
    },
    {
      "id": "limerick",
      "name": "Limerick"
    },
    {
      "id": "lisselton",
      "name": "Lisselton"
    },
    {
      "id": "listowel",
      "name": "Listowel"
    },
    {
      "id": "longford",
      "name": "Longford"
    },
    {
      "id": "longwood",
      "name": "Longwood"
    },
    {
      "id": "loughrea",
      "name": "Loughrea"
    },
    {
      "id": "louth",
      "name": "Louth"
    },
    {
      "id": "lucan",
      "name": "Lucan"
    },
    {
      "id": "lusk",
      "name": "Lusk"
    },
    {
      "id": "macroom",
      "name": "Macroom"
    },
    {
      "id": "malahide",
      "name": "Malahide"
    },
    {
      "id": "mallow",
      "name": "Mallow"
    },
    {
      "id": "manorhamilton",
      "name": "Manorhamilton"
    },
    {
      "id": "marino",
      "name": "Marino"
    },
    {
      "id": "maynooth",
      "name": "Maynooth"
    },
    {
      "id": "mayo",
      "name": "Mayo"
    },
    {
      "id": "midleton",
      "name": "Midleton"
    },
    {
      "id": "milltown",
      "name": "Milltown"
    },
    {
      "id": "mitchelstown",
      "name": "Mitchelstown"
    },
    {
      "id": "monaghan",
      "name": "Monaghan"
    },
    {
      "id": "monasterevin",
      "name": "Monasterevin"
    },
    {
      "id": "monkstown",
      "name": "Monkstown"
    },
    {
      "id": "mornington",
      "name": "Mornington"
    },
    {
      "id": "mount-merrion",
      "name": "Mount Merrion"
    },
    {
      "id": "mountrath",
      "name": "Mountrath"
    },
    {
      "id": "moycullen",
      "name": "Moycullen"
    },
    {
      "id": "mullinavat",
      "name": "Mullinavat"
    },
    {
      "id": "mullingar",
      "name": "Mullingar"
    },
    {
      "id": "naas",
      "name": "Naas"
    },
    {
      "id": "naul",
      "name": "Naul"
    },
    {
      "id": "navan",
      "name": "Navan"
    },
    {
      "id": "nenagh",
      "name": "Nenagh"
    },
    {
      "id": "new-ross",
      "name": "New Ross"
    },
    {
      "id": "newcastle-west",
      "name": "Newcastle West"
    },
    {
      "id": "newmarket",
      "name": "Newmarket"
    },
    {
      "id": "newport",
      "name": "Newport"
    },
    {
      "id": "oranmore",
      "name": "Oranmore"
    },
    {
      "id": "oughterard",
      "name": "Oughterard"
    },
    {
      "id": "oysterhaven",
      "name": "Oysterhaven"
    },
    {
      "id": "passage-west",
      "name": "Passage West"
    },
    {
      "id": "patrickswell",
      "name": "Patrickswell"
    },
    {
      "id": "portarlington",
      "name": "Portarlington"
    },
    {
      "id": "porterstown",
      "name": "Porterstown"
    },
    {
      "id": "portmarnock",
      "name": "Portmarnock"
    },
    {
      "id": "portumna",
      "name": "Portumna"
    },
    {
      "id": "prosperous",
      "name": "Prosperous"
    },
    {
      "id": "raheny",
      "name": "Raheny"
    },
    {
      "id": "rathcoole",
      "name": "Rathcoole"
    },
    {
      "id": "rathfarnham",
      "name": "Rathfarnham"
    },
    {
      "id": "rathgar",
      "name": "Rathgar"
    },
    {
      "id": "rathmines",
      "name": "Rathmines"
    },
    {
      "id": "rathmolyon",
      "name": "Rathmolyon"
    },
    {
      "id": "rathowen",
      "name": "Rathowen"
    },
    {
      "id": "ratoath",
      "name": "Ratoath"
    },
    {
      "id": "ringaskiddy",
      "name": "Ringaskiddy"
    },
    {
      "id": "river",
      "name": "River"
    },
    {
      "id": "roscommon",
      "name": "Roscommon"
    },
    {
      "id": "roscrea",
      "name": "Roscrea"
    },
    {
      "id": "rush",
      "name": "Rush"
    },
    {
      "id": "saggart",
      "name": "Saggart"
    },
    {
      "id": "saint-mullins",
      "name": "Saint Mullins"
    },
    {
      "id": "sallins",
      "name": "Sallins"
    },
    {
      "id": "sallynoggin",
      "name": "Sallynoggin"
    },
    {
      "id": "sandyford",
      "name": "Sandyford"
    },
    {
      "id": "sandymount",
      "name": "Sandymount"
    },
    {
      "id": "santry",
      "name": "Santry"
    },
    {
      "id": "seafield",
      "name": "Seafield"
    },
    {
      "id": "shankill",
      "name": "Shankill"
    },
    {
      "id": "shannon",
      "name": "Shannon"
    },
    {
      "id": "shrule",
      "name": "Shrule"
    },
    {
      "id": "sixmilebridge",
      "name": "Sixmilebridge"
    },
    {
      "id": "skerries",
      "name": "Skerries"
    },
    {
      "id": "skibbereen",
      "name": "Skibbereen"
    },
    {
      "id": "slieve",
      "name": "Slieve"
    },
    {
      "id": "sligo",
      "name": "Sligo"
    },
    {
      "id": "spiddal",
      "name": "Spiddal"
    },
    {
      "id": "stepaside",
      "name": "Stepaside"
    },
    {
      "id": "stillorgan",
      "name": "Stillorgan"
    },
    {
      "id": "stradbally",
      "name": "Stradbally"
    },
    {
      "id": "straffan",
      "name": "Straffan"
    },
    {
      "id": "summerhill",
      "name": "Summerhill"
    },
    {
      "id": "sutton",
      "name": "Sutton"
    },
    {
      "id": "swinford",
      "name": "Swinford"
    },
    {
      "id": "swords",
      "name": "Swords"
    },
    {
      "id": "tallaght",
      "name": "Tallaght"
    },
    {
      "id": "templeogue",
      "name": "Templeogue"
    },
    {
      "id": "terenure",
      "name": "Terenure"
    },
    {
      "id": "thomastown",
      "name": "Thomastown"
    },
    {
      "id": "thurles",
      "name": "Thurles"
    },
    {
      "id": "tipperary",
      "name": "Tipperary"
    },
    {
      "id": "tralee",
      "name": "Tralee"
    },
    {
      "id": "trim",
      "name": "Trim"
    },
    {
      "id": "tuam",
      "name": "Tuam"
    },
    {
      "id": "tullamore",
      "name": "Tullamore"
    },
    {
      "id": "tullow",
      "name": "Tullow"
    },
    {
      "id": "tyrrellspass",
      "name": "Tyrrellspass"
    },
    {
      "id": "virginia",
      "name": "Virginia"
    },
    {
      "id": "walkinstown",
      "name": "Walkinstown"
    },
    {
      "id": "waterford",
      "name": "Waterford"
    },
    {
      "id": "westport",
      "name": "Westport"
    },
    {
      "id": "wexford",
      "name": "Wexford"
    },
    {
      "id": "wicklow",
      "name": "Wicklow"
    },
    {
      "id": "williamstown",
      "name": "Williamstown"
    },
    {
      "id": "windy-arbour",
      "name": "Windy Arbour"
    },
    {
      "id": "youghal",
      "name": "Youghal"
    }
  ]
}