{
  "coid": "IN",
  "cities": [
    {
      "id": "abdul",
      "name": "Abdul"
    },
    {
      "id": "adilabad",
      "name": "Adilabad"
    },
    {
      "id": "adwani",
      "name": "Adwani"
    },
    {
      "id": "agartala",
      "name": "Agartala"
    },
    {
      "id": "agra",
      "name": "Agra"
    },
    {
      "id": "ahmedabad",
      "name": "Ahmedabad"
    },
    {
      "id": "ahmednagar",
      "name": "Ahmednagar"
    },
    {
      "id": "aizawl",
      "name": "Aizawl"
    },
    {
      "id": "ajabpur",
      "name": "Ajabpur"
    },
    {
      "id": "ajmer",
      "name": "Ajmer"
    },
    {
      "id": "akividu",
      "name": "Akividu"
    },
    {
      "id": "akola",
      "name": "Akola"
    },
    {
      "id": "alanallur",
      "name": "Alanallur"
    },
    {
      "id": "alangulam",
      "name": "Alangulam"
    },
    {
      "id": "alappuzha",
      "name": "Alappuzha"
    },
    {
      "id": "aldona",
      "name": "Aldona"
    },
    {
      "id": "alibag",
      "name": "Alibag"
    },
    {
      "id": "aligarh",
      "name": "Aligarh"
    },
    {
      "id": "alipur",
      "name": "Alipur"
    },
    {
      "id": "allahabad",
      "name": "Allahabad"
    },
    {
      "id": "almora",
      "name": "Almora"
    },
    {
      "id": "aluva",
      "name": "Aluva"
    },
    {
      "id": "alwar",
      "name": "Alwar"
    },
    {
      "id": "amal",
      "name": "Amal"
    },
    {
      "id": "amalapuram",
      "name": "Amalapuram"
    },
    {
      "id": "ambad",
      "name": "Ambad"
    },
    {
      "id": "ambah",
      "name": "Ambah"
    },
    {
      "id": "ambala",
      "name": "Ambala"
    },
    {
      "id": "ambarnath",
      "name": "Ambarnath"
    },
    {
      "id": "ambejogai",
      "name": "Ambejogai"
    },
    {
      "id": "ambikapur",
      "name": "Ambikapur"
    },
    {
      "id": "ambur",
      "name": "Ambur"
    },
    {
      "id": "amer",
      "name": "Amer"
    },
    {
      "id": "amet",
      "name": "Amet"
    },
    {
      "id": "amravati",
      "name": "Amravati"
    },
    {
      "id": "amreli",
      "name": "Amreli"
    },
    {
      "id": "amritsar",
      "name": "Amritsar"
    },
    {
      "id": "anand",
      "name": "Anand"
    },
    {
      "id": "anantapur",
      "name": "Anantapur"
    },
    {
      "id": "anantnag",
      "name": "Anantnag"
    },
    {
      "id": "anantpur",
      "name": "Anantpur"
    },
    {
      "id": "anchal",
      "name": "Anchal"
    },
    {
      "id": "andheri",
      "name": "Andheri"
    },
    {
      "id": "andra",
      "name": "Andra"
    },
    {
      "id": "angadipuram",
      "name": "Angadipuram"
    },
    {
      "id": "angul",
      "name": "Angul"
    },
    {
      "id": "ankleshwar",
      "name": "Ankleshwar"
    },
    {
      "id": "annamalainagar",
      "name": "Annamalainagar"
    },
    {
      "id": "antapur",
      "name": "Antapur"
    },
    {
      "id": "arakkonam",
      "name": "Arakkonam"
    },
    {
      "id": "arani",
      "name": "Arani"
    },
    {
      "id": "aranmula",
      "name": "Aranmula"
    },
    {
      "id": "arch",
      "name": "Arch"
    },
    {
      "id": "ariyalur",
      "name": "Ariyalur"
    },
    {
      "id": "arora",
      "name": "Arora"
    },
    {
      "id": "arpora",
      "name": "Arpora"
    },
    {
      "id": "arunachal",
      "name": "Arunachal"
    },
    {
      "id": "arvi",
      "name": "Arvi"
    },
    {
      "id": "asansol",
      "name": "Asansol"
    },
    {
      "id": "assagao",
      "name": "Assagao"
    },
    {
      "id": "attingal",
      "name": "Attingal"
    },
    {
      "id": "attur",
      "name": "Attur"
    },
    {
      "id": "aundh",
      "name": "Aundh"
    },
    {
      "id": "aurangabad",
      "name": "Aurangabad"
    },
    {
      "id": "avanigadda",
      "name": "Avanigadda"
    },
    {
      "id": "azamgarh",
      "name": "Azamgarh"
    },
    {
      "id": "baddi",
      "name": "Baddi"
    },
    {
      "id": "badlapur",
      "name": "Badlapur"
    },
    {
      "id": "bagalkot",
      "name": "Bagalkot"
    },
    {
      "id": "bagh",
      "name": "Bagh"
    },
    {
      "id": "bagpat",
      "name": "Bagpat"
    },
    {
      "id": "bahadurgarh",
      "name": "Bahadurgarh"
    },
    {
      "id": "baharampur",
      "name": "Baharampur"
    },
    {
      "id": "baidyabati",
      "name": "Baidyabati"
    },
    {
      "id": "bala",
      "name": "Bala"
    },
    {
      "id": "balaghat",
      "name": "Balaghat"
    },
    {
      "id": "balana",
      "name": "Balana"
    },
    {
      "id": "balanagar",
      "name": "Balanagar"
    },
    {
      "id": "balangir",
      "name": "Balangir"
    },
    {
      "id": "balasore",
      "name": "Balasore"
    },
    {
      "id": "bali",
      "name": "Bali"
    },
    {
      "id": "ballabgarh",
      "name": "Ballabgarh"
    },
    {
      "id": "balu",
      "name": "Balu"
    },
    {
      "id": "balurghat",
      "name": "Balurghat"
    },
    {
      "id": "bambolim",
      "name": "Bambolim"
    },
    {
      "id": "banda",
      "name": "Banda"
    },
    {
      "id": "bandra",
      "name": "Bandra"
    },
    {
      "id": "banga",
      "name": "Banga"
    },
    {
      "id": "bangalore",
      "name": "Bangalore"
    },
    {
      "id": "bangaon",
      "name": "Bangaon"
    },
    {
      "id": "bank",
      "name": "Bank"
    },
    {
      "id": "banka",
      "name": "Banka"
    },
    {
      "id": "bankura",
      "name": "Bankura"
    },
    {
      "id": "banswara",
      "name": "Banswara"
    },
    {
      "id": "bapatla",
      "name": "Bapatla"
    },
    {
      "id": "barakpur",
      "name": "Barakpur"
    },
    {
      "id": "baramati",
      "name": "Baramati"
    },
    {
      "id": "barddhaman",
      "name": "Barddhaman"
    },
    {
      "id": "bardoli",
      "name": "Bardoli"
    },
    {
      "id": "bareilly",
      "name": "Bareilly"
    },
    {
      "id": "bargarh",
      "name": "Bargarh"
    },
    {
      "id": "barmer",
      "name": "Barmer"
    },
    {
      "id": "barnala",
      "name": "Barnala"
    },
    {
      "id": "baroda",
      "name": "Baroda"
    },
    {
      "id": "barpali",
      "name": "Barpali"
    },
    {
      "id": "barpeta",
      "name": "Barpeta"
    },
    {
      "id": "basirhat",
      "name": "Basirhat"
    },
    {
      "id": "basti",
      "name": "Basti"
    },
    {
      "id": "basu",
      "name": "Basu"
    },
    {
      "id": "batala",
      "name": "Batala"
    },
    {
      "id": "bawan",
      "name": "Bawan"
    },
    {
      "id": "bawana",
      "name": "Bawana"
    },
    {
      "id": "beawar",
      "name": "Beawar"
    },
    {
      "id": "begusarai",
      "name": "Begusarai"
    },
    {
      "id": "behala",
      "name": "Behala"
    },
    {
      "id": "bela",
      "name": "Bela"
    },
    {
      "id": "belapur",
      "name": "Belapur"
    },
    {
      "id": "belgaum",
      "name": "Belgaum"
    },
    {
      "id": "belgharia",
      "name": "Belgharia"
    },
    {
      "id": "bellare",
      "name": "Bellare"
    },
    {
      "id": "bellary",
      "name": "Bellary"
    },
    {
      "id": "bemetara",
      "name": "Bemetara"
    },
    {
      "id": "berasia",
      "name": "Berasia"
    },
    {
      "id": "betalbatim",
      "name": "Betalbatim"
    },
    {
      "id": "betim",
      "name": "Betim"
    },
    {
      "id": "betul",
      "name": "Betul"
    },
    {
      "id": "bhadath",
      "name": "Bhadath"
    },
    {
      "id": "bhadohi",
      "name": "Bhadohi"
    },
    {
      "id": "bhadravati",
      "name": "Bhadravati"
    },
    {
      "id": "bhagalpur",
      "name": "Bhagalpur"
    },
    {
      "id": "bhagwan",
      "name": "Bhagwan"
    },
    {
      "id": "bhandari",
      "name": "Bhandari"
    },
    {
      "id": "bhandup",
      "name": "Bhandup"
    },
    {
      "id": "bharatpur",
      "name": "Bharatpur"
    },
    {
      "id": "bharuch",
      "name": "Bharuch"
    },
    {
      "id": "bhatapara",
      "name": "Bhatapara"
    },
    {
      "id": "bhatinda",
      "name": "Bhatinda"
    },
    {
      "id": "bhatkal",
      "name": "Bhatkal"
    },
    {
      "id": "bhavnagar",
      "name": "Bhavnagar"
    },
    {
      "id": "bhawan",
      "name": "Bhawan"
    },
    {
      "id": "bhilai",
      "name": "Bhilai"
    },
    {
      "id": "bhilwara",
      "name": "Bhilwara"
    },
    {
      "id": "bhimavaram",
      "name": "Bhimavaram"
    },
    {
      "id": "bhiwandi",
      "name": "Bhiwandi"
    },
    {
      "id": "bhiwani",
      "name": "Bhiwani"
    },
    {
      "id": "bhoj",
      "name": "Bhoj"
    },
    {
      "id": "bhongir",
      "name": "Bhongir"
    },
    {
      "id": "bhopal",
      "name": "Bhopal"
    },
    {
      "id": "bhubaneswar",
      "name": "Bhubaneswar"
    },
    {
      "id": "bhuj",
      "name": "Bhuj"
    },
    {
      "id": "bhusawal",
      "name": "Bhusawal"
    },
    {
      "id": "bichpuri",
      "name": "Bichpuri"
    },
    {
      "id": "bidar",
      "name": "Bidar"
    },
    {
      "id": "bihar-sharif",
      "name": "Bihar Sharif"
    },
    {
      "id": "bijapur",
      "name": "Bijapur"
    },
    {
      "id": "bikaner",
      "name": "Bikaner"
    },
    {
      "id": "bilaspur",
      "name": "Bilaspur"
    },
    {
      "id": "bilimora",
      "name": "Bilimora"
    },
    {
      "id": "binavas",
      "name": "Binavas"
    },
    {
      "id": "binnaguri",
      "name": "Binnaguri"
    },
    {
      "id": "bishnupur",
      "name": "Bishnupur"
    },
    {
      "id": "bobbili",
      "name": "Bobbili"
    },
    {
      "id": "bodhan",
      "name": "Bodhan"
    },
    {
      "id": "bodinayakkanur",
      "name": "Bodinayakkanur"
    },
    {
      "id": "boisar",
      "name": "Boisar"
    },
    {
      "id": "bokaro",
      "name": "Bokaro"
    },
    {
      "id": "bolpur",
      "name": "Bolpur"
    },
    {
      "id": "botad",
      "name": "Botad"
    },
    {
      "id": "brahmapur",
      "name": "Brahmapur"
    },
    {
      "id": "budaun",
      "name": "Budaun"
    },
    {
      "id": "budbud",
      "name": "Budbud"
    },
    {
      "id": "budha",
      "name": "Budha"
    },
    {
      "id": "bulandshahr",
      "name": "Bulandshahr"
    },
    {
      "id": "bundi",
      "name": "Bundi"
    },
    {
      "id": "calangute",
      "name": "Calangute"
    },
    {
      "id": "candolim",
      "name": "Candolim"
    },
    {
      "id": "canning",
      "name": "Canning"
    },
    {
      "id": "caranzalem",
      "name": "Caranzalem"
    },
    {
      "id": "chakan",
      "name": "Chakan"
    },
    {
      "id": "chakra",
      "name": "Chakra"
    },
    {
      "id": "chalisgaon",
      "name": "Chalisgaon"
    },
    {
      "id": "chamba",
      "name": "Chamba"
    },
    {
      "id": "champa",
      "name": "Champa"
    },
    {
      "id": "chand",
      "name": "Chand"
    },
    {
      "id": "chandan",
      "name": "Chandan"
    },
    {
      "id": "chandannagar",
      "name": "Chandannagar"
    },
    {
      "id": "chandauli",
      "name": "Chandauli"
    },
    {
      "id": "chandausi",
      "name": "Chandausi"
    },
    {
      "id": "chandigarh",
      "name": "Chandigarh"
    },
    {
      "id": "chandrapur",
      "name": "Chandrapur"
    },
    {
      "id": "changanacheri",
      "name": "Changanacheri"
    },
    {
      "id": "channapatna",
      "name": "Channapatna"
    },
    {
      "id": "charan",
      "name": "Charan"
    },
    {
      "id": "charu",
      "name": "Charu"
    },
    {
      "id": "chen",
      "name": "Chen"
    },
    {
      "id": "chengannur",
      "name": "Chengannur"
    },
    {
      "id": "chennai",
      "name": "Chennai"
    },
    {
      "id": "chetan",
      "name": "Chetan"
    },
    {
      "id": "cheyyar",
      "name": "Cheyyar"
    },
    {
      "id": "chhabra",
      "name": "Chhabra"
    },
    {
      "id": "chhachhrauli",
      "name": "Chhachhrauli"
    },
    {
      "id": "chhota-udepur",
      "name": "Chhota Udepur"
    },
    {
      "id": "chicalim",
      "name": "Chicalim"
    },
    {
      "id": "chidambaram",
      "name": "Chidambaram"
    },
    {
      "id": "chikodi",
      "name": "Chikodi"
    },
    {
      "id": "chinchvad",
      "name": "Chinchvad"
    },
    {
      "id": "chintamani",
      "name": "Chintamani"
    },
    {
      "id": "chiplun",
      "name": "Chiplun"
    },
    {
      "id": "chirala",
      "name": "Chirala"
    },
    {
      "id": "chitra",
      "name": "Chitra"
    },
    {
      "id": "chitradurga",
      "name": "Chitradurga"
    },
    {
      "id": "chittoor",
      "name": "Chittoor"
    },
    {
      "id": "chittur",
      "name": "Chittur"
    },
    {
      "id": "choolai",
      "name": "Choolai"
    },
    {
      "id": "chopda",
      "name": "Chopda"
    },
    {
      "id": "chopra",
      "name": "Chopra"
    },
    {
      "id": "churachandpur",
      "name": "Churachandpur"
    },
    {
      "id": "coimbatore",
      "name": "Coimbatore"
    },
    {
      "id": "colaba",
      "name": "Colaba"
    },
    {
      "id": "connaught-place",
      "name": "Connaught Place"
    },
    {
      "id": "coonoor",
      "name": "Coonoor"
    },
    {
      "id": "cuddalore",
      "name": "Cuddalore"
    },
    {
      "id": "cumbum",
      "name": "Cumbum"
    },
    {
      "id": "cuncolim",
      "name": "Cuncolim"
    },
    {
      "id": "curchorem",
      "name": "Curchorem"
    },
    {
      "id": "cuttack",
      "name": "Cuttack"
    },
    {
      "id": "dadri",
      "name": "Dadri"
    },
    {
      "id": "dahanu",
      "name": "Dahanu"
    },
    {
      "id": "dahod",
      "name": "Dahod"
    },
    {
      "id": "dam-dam",
      "name": "Dam Dam"
    },
    {
      "id": "daman",
      "name": "Daman"
    },
    {
      "id": "damoh",
      "name": "Damoh"
    },
    {
      "id": "dang",
      "name": "Dang"
    },
    {
      "id": "dangi",
      "name": "Dangi"
    },
    {
      "id": "darbhanga",
      "name": "Darbhanga"
    },
    {
      "id": "darjeeling",
      "name": "Darjeeling"
    },
    {
      "id": "darsi",
      "name": "Darsi"
    },
    {
      "id": "dasna",
      "name": "Dasna"
    },
    {
      "id": "dasua",
      "name": "Dasua"
    },
    {
      "id": "davangere",
      "name": "Davangere"
    },
    {
      "id": "dehradun",
      "name": "Dehradun"
    },
    {
      "id": "delhi",
      "name": "Delhi"
    },
    {
      "id": "deolali",
      "name": "Deolali"
    },
    {
      "id": "deoria",
      "name": "Deoria"
    },
    {
      "id": "devgarh",
      "name": "Devgarh"
    },
    {
      "id": "devipattinam",
      "name": "Devipattinam"
    },
    {
      "id": "dewas",
      "name": "Dewas"
    },
    {
      "id": "dhaka",
      "name": "Dhaka"
    },
    {
      "id": "dhamtari",
      "name": "Dhamtari"
    },
    {
      "id": "dhanbad",
      "name": "Dhanbad"
    },
    {
      "id": "dhansura",
      "name": "Dhansura"
    },
    {
      "id": "dhar",
      "name": "Dhar"
    },
    {
      "id": "dharamsala",
      "name": "Dharamsala"
    },
    {
      "id": "dharapuram",
      "name": "Dharapuram"
    },
    {
      "id": "dharavi",
      "name": "Dharavi"
    },
    {
      "id": "dhariwal",
      "name": "Dhariwal"
    },
    {
      "id": "dharmapuri",
      "name": "Dharmapuri"
    },
    {
      "id": "dharwad",
      "name": "Dharwad"
    },
    {
      "id": "dhenkanal",
      "name": "Dhenkanal"
    },
    {
      "id": "dhone",
      "name": "Dhone"
    },
    {
      "id": "dhrol",
      "name": "Dhrol"
    },
    {
      "id": "dhubri",
      "name": "Dhubri"
    },
    {
      "id": "dhule",
      "name": "Dhule"
    },
    {
      "id": "dhuri",
      "name": "Dhuri"
    },
    {
      "id": "dibrugarh",
      "name": "Dibrugarh"
    },
    {
      "id": "dicholi",
      "name": "Dicholi"
    },
    {
      "id": "dimapur",
      "name": "Dimapur"
    },
    {
      "id": "dinanagar",
      "name": "Dinanagar"
    },
    {
      "id": "dindigul",
      "name": "Dindigul"
    },
    {
      "id": "dindori",
      "name": "Dindori"
    },
    {
      "id": "dipas",
      "name": "Dipas"
    },
    {
      "id": "dogadda",
      "name": "Dogadda"
    },
    {
      "id": "dona-paula",
      "name": "Dona Paula"
    },
    {
      "id": "dumka",
      "name": "Dumka"
    },
    {
      "id": "durg",
      "name": "Durg"
    },
    {
      "id": "durgapur",
      "name": "Durgapur"
    },
    {
      "id": "dwarahat",
      "name": "Dwarahat"
    },
    {
      "id": "dwarka",
      "name": "Dwarka"
    },
    {
      "id": "edavanna",
      "name": "Edavanna"
    },
    {
      "id": "ekkattuthangal",
      "name": "Ekkattuthangal"
    },
    {
      "id": "ellora-caves",
      "name": "Ellora Caves"
    },
    {
      "id": "eluru",
      "name": "Eluru"
    },
    {
      "id": "eral",
      "name": "Eral"
    },
    {
      "id": "ernakulam",
      "name": "Ernakulam"
    },
    {
      "id": "erode",
      "name": "Erode"
    },
    {
      "id": "etawah",
      "name": "Etawah"
    },
    {
      "id": "faizabad",
      "name": "Faizabad"
    },
    {
      "id": "farakka",
      "name": "Farakka"
    },
    {
      "id": "faridabad",
      "name": "Faridabad"
    },
    {
      "id": "faridkot",
      "name": "Faridkot"
    },
    {
      "id": "fatehabad",
      "name": "Fatehabad"
    },
    {
      "id": "fatehgarh",
      "name": "Fatehgarh"
    },
    {
      "id": "fatehpur",
      "name": "Fatehpur"
    },
    {
      "id": "firozabad",
      "name": "Firozabad"
    },
    {
      "id": "firozpur",
      "name": "Firozpur"
    },
    {
      "id": "fort",
      "name": "Fort"
    },
    {
      "id": "gadag",
      "name": "Gadag"
    },
    {
      "id": "gampalagudem",
      "name": "Gampalagudem"
    },
    {
      "id": "gandhidham",
      "name": "Gandhidham"
    },
    {
      "id": "gandhigram",
      "name": "Gandhigram"
    },
    {
      "id": "gandhinagar",
      "name": "Gandhinagar"
    },
    {
      "id": "ganga",
      "name": "Ganga"
    },
    {
      "id": "ganganagar",
      "name": "Ganganagar"
    },
    {
      "id": "gangapur",
      "name": "Gangapur"
    },
    {
      "id": "gangrar",
      "name": "Gangrar"
    },
    {
      "id": "gangtok",
      "name": "Gangtok"
    },
    {
      "id": "gannavaram",
      "name": "Gannavaram"
    },
    {
      "id": "ganpat",
      "name": "Ganpat"
    },
    {
      "id": "gargoti",
      "name": "Gargoti"
    },
    {
      "id": "garhshankar",
      "name": "Garhshankar"
    },
    {
      "id": "gaya",
      "name": "Gaya"
    },
    {
      "id": "ghana",
      "name": "Ghana"
    },
    {
      "id": "ghatal",
      "name": "Ghatal"
    },
    {
      "id": "ghatkopar",
      "name": "Ghatkopar"
    },
    {
      "id": "ghaziabad",
      "name": "Ghaziabad"
    },
    {
      "id": "goa",
      "name": "Goa"
    },
    {
      "id": "gobichettipalayam",
      "name": "Gobichettipalayam"
    },
    {
      "id": "godhra",
      "name": "Godhra"
    },
    {
      "id": "gohana",
      "name": "Gohana"
    },
    {
      "id": "golaghat",
      "name": "Golaghat"
    },
    {
      "id": "gold",
      "name": "Gold"
    },
    {
      "id": "gonda",
      "name": "Gonda"
    },
    {
      "id": "gorakhpur",
      "name": "Gorakhpur"
    },
    {
      "id": "goregaon",
      "name": "Goregaon"
    },
    {
      "id": "goshaingaon",
      "name": "Goshaingaon"
    },
    {
      "id": "gudivada",
      "name": "Gudivada"
    },
    {
      "id": "gudur",
      "name": "Gudur"
    },
    {
      "id": "guindy",
      "name": "Guindy"
    },
    {
      "id": "gujrat",
      "name": "Gujrat"
    },
    {
      "id": "gulbarga",
      "name": "Gulbarga"
    },
    {
      "id": "guna",
      "name": "Guna"
    },
    {
      "id": "guntur",
      "name": "Guntur"
    },
    {
      "id": "gurdaspur",
      "name": "Gurdaspur"
    },
    {
      "id": "gurgaon",
      "name": "Gurgaon"
    },
    {
      "id": "guruvayur",
      "name": "Guruvayur"
    },
    {
      "id": "guwahati",
      "name": "Guwahati"
    },
    {
      "id": "gwalior",
      "name": "Gwalior"
    },
    {
      "id": "habra",
      "name": "Habra"
    },
    {
      "id": "hadadi",
      "name": "Hadadi"
    },
    {
      "id": "haldia",
      "name": "Haldia"
    },
    {
      "id": "haldwani",
      "name": "Haldwani"
    },
    {
      "id": "hamirpur",
      "name": "Hamirpur"
    },
    {
      "id": "hansi",
      "name": "Hansi"
    },
    {
      "id": "hapur",
      "name": "Hapur"
    },
    {
      "id": "hari",
      "name": "Hari"
    },
    {
      "id": "haridwar",
      "name": "Haridwar"
    },
    {
      "id": "haripad",
      "name": "Haripad"
    },
    {
      "id": "haripur",
      "name": "Haripur"
    },
    {
      "id": "haryana",
      "name": "Haryana"
    },
    {
      "id": "hassan",
      "name": "Hassan"
    },
    {
      "id": "haveri",
      "name": "Haveri"
    },
    {
      "id": "hazaribagh",
      "name": "Hazaribagh"
    },
    {
      "id": "himatnagar",
      "name": "Himatnagar"
    },
    {
      "id": "hinganghat",
      "name": "Hinganghat"
    },
    {
      "id": "hingoli",
      "name": "Hingoli"
    },
    {
      "id": "hira",
      "name": "Hira"
    },
    {
      "id": "hiriyur",
      "name": "Hiriyur"
    },
    {
      "id": "hisar",
      "name": "Hisar"
    },
    {
      "id": "honavar",
      "name": "Honavar"
    },
    {
      "id": "hong",
      "name": "Hong"
    },
    {
      "id": "hoshangabad",
      "name": "Hoshangabad"
    },
    {
      "id": "hoshiarpur",
      "name": "Hoshiarpur"
    },
    {
      "id": "hosur",
      "name": "Hosur"
    },
    {
      "id": "howrah",
      "name": "Howrah"
    },
    {
      "id": "hubli",
      "name": "Hubli"
    },
    {
      "id": "hugli",
      "name": "Hugli"
    },
    {
      "id": "hyderabad",
      "name": "Hyderabad"
    },
    {
      "id": "ichalkaranji",
      "name": "Ichalkaranji"
    },
    {
      "id": "idukki",
      "name": "Idukki"
    },
    {
      "id": "igatpuri",
      "name": "Igatpuri"
    },
    {
      "id": "iglas",
      "name": "Iglas"
    },
    {
      "id": "imphal",
      "name": "Imphal"
    },
    {
      "id": "indore",
      "name": "Indore"
    },
    {
      "id": "indraprast",
      "name": "Indraprast"
    },
    {
      "id": "irinjalakuda",
      "name": "Irinjalakuda"
    },
    {
      "id": "itanagar",
      "name": "Itanagar"
    },
    {
      "id": "jabalpur",
      "name": "Jabalpur"
    },
    {
      "id": "jadabpur",
      "name": "Jadabpur"
    },
    {
      "id": "jagdalpur",
      "name": "Jagdalpur"
    },
    {
      "id": "jagraon",
      "name": "Jagraon"
    },
    {
      "id": "jaipur",
      "name": "Jaipur"
    },
    {
      "id": "jaisalmer",
      "name": "Jaisalmer"
    },
    {
      "id": "jajpur",
      "name": "Jajpur"
    },
    {
      "id": "jalalabad",
      "name": "Jalalabad"
    },
    {
      "id": "jalalpur",
      "name": "Jalalpur"
    },
    {
      "id": "jalandhar",
      "name": "Jalandhar"
    },
    {
      "id": "jalesar",
      "name": "Jalesar"
    },
    {
      "id": "jalgaon-jamod",
      "name": "Jalgaon Jamod"
    },
    {
      "id": "jalna",
      "name": "Jalna"
    },
    {
      "id": "jalpaiguri",
      "name": "Jalpaiguri"
    },
    {
      "id": "jamal",
      "name": "Jamal"
    },
    {
      "id": "jammu",
      "name": "Jammu"
    },
    {
      "id": "jamnagar",
      "name": "Jamnagar"
    },
    {
      "id": "jamshedpur",
      "name": "Jamshedpur"
    },
    {
      "id": "janjgir",
      "name": "Janjgir"
    },
    {
      "id": "jaspur",
      "name": "Jaspur"
    },
    {
      "id": "jatani",
      "name": "Jatani"
    },
    {
      "id": "jaunpur",
      "name": "Jaunpur"
    },
    {
      "id": "jayanti",
      "name": "Jayanti"
    },
    {
      "id": "jaynagar",
      "name": "Jaynagar"
    },
    {
      "id": "jaypur",
      "name": "Jaypur"
    },
    {
      "id": "jha-jha",
      "name": "Jha Jha"
    },
    {
      "id": "jhajjar",
      "name": "Jhajjar"
    },
    {
      "id": "jhalawar",
      "name": "Jhalawar"
    },
    {
      "id": "jhansi",
      "name": "Jhansi"
    },
    {
      "id": "jhargram",
      "name": "Jhargram"
    },
    {
      "id": "jharsuguda",
      "name": "Jharsuguda"
    },
    {
      "id": "jhunjhunun",
      "name": "Jhunjhunun"
    },
    {
      "id": "jind",
      "name": "Jind"
    },
    {
      "id": "jodhpur",
      "name": "Jodhpur"
    },
    {
      "id": "jorhat",
      "name": "Jorhat"
    },
    {
      "id": "junagadh",
      "name": "Junagadh"
    },
    {
      "id": "kadapa",
      "name": "Kadapa"
    },
    {
      "id": "kagal",
      "name": "Kagal"
    },
    {
      "id": "kailaras",
      "name": "Kailaras"
    },
    {
      "id": "kaimganj",
      "name": "Kaimganj"
    },
    {
      "id": "kaithal",
      "name": "Kaithal"
    },
    {
      "id": "kakdwip",
      "name": "Kakdwip"
    },
    {
      "id": "kakinada",
      "name": "Kakinada"
    },
    {
      "id": "kaladi",
      "name": "Kaladi"
    },
    {
      "id": "kalam",
      "name": "Kalam"
    },
    {
      "id": "kalamboli",
      "name": "Kalamboli"
    },
    {
      "id": "kalan",
      "name": "Kalan"
    },
    {
      "id": "kalinga",
      "name": "Kalinga"
    },
    {
      "id": "kalka",
      "name": "Kalka"
    },
    {
      "id": "kalkaji-devi",
      "name": "Kalkaji Devi"
    },
    {
      "id": "kalol",
      "name": "Kalol"
    },
    {
      "id": "kalpakkam",
      "name": "Kalpakkam"
    },
    {
      "id": "kalpetta",
      "name": "Kalpetta"
    },
    {
      "id": "kalra",
      "name": "Kalra"
    },
    {
      "id": "kalyan",
      "name": "Kalyan"
    },
    {
      "id": "kalyani",
      "name": "Kalyani"
    },
    {
      "id": "kamalpur",
      "name": "Kamalpur"
    },
    {
      "id": "kamalpura",
      "name": "Kamalpura"
    },
    {
      "id": "kamat",
      "name": "Kamat"
    },
    {
      "id": "kanakpura",
      "name": "Kanakpura"
    },
    {
      "id": "kanchipuram",
      "name": "Kanchipuram"
    },
    {
      "id": "kanchrapara",
      "name": "Kanchrapara"
    },
    {
      "id": "kandi",
      "name": "Kandi"
    },
    {
      "id": "kangayam",
      "name": "Kangayam"
    },
    {
      "id": "kangra",
      "name": "Kangra"
    },
    {
      "id": "kanhangad",
      "name": "Kanhangad"
    },
    {
      "id": "kanigiri",
      "name": "Kanigiri"
    },
    {
      "id": "kaniyambadi",
      "name": "Kaniyambadi"
    },
    {
      "id": "kankauli",
      "name": "Kankauli"
    },
    {
      "id": "kanniyakumari",
      "name": "Kanniyakumari"
    },
    {
      "id": "kannur",
      "name": "Kannur"
    },
    {
      "id": "kanpur",
      "name": "Kanpur"
    },
    {
      "id": "kapurthala-town",
      "name": "Kapurthala Town"
    },
    {
      "id": "karad",
      "name": "Karad"
    },
    {
      "id": "karaikal",
      "name": "Karaikal"
    },
    {
      "id": "karaikudi",
      "name": "Karaikudi"
    },
    {
      "id": "karamadai",
      "name": "Karamadai"
    },
    {
      "id": "karamsad",
      "name": "Karamsad"
    },
    {
      "id": "karanja",
      "name": "Karanja"
    },
    {
      "id": "karari",
      "name": "Karari"
    },
    {
      "id": "kargil",
      "name": "Kargil"
    },
    {
      "id": "karimganj",
      "name": "Karimganj"
    },
    {
      "id": "karimnagar",
      "name": "Karimnagar"
    },
    {
      "id": "karjat",
      "name": "Karjat"
    },
    {
      "id": "karnal",
      "name": "Karnal"
    },
    {
      "id": "karsiyang",
      "name": "Karsiyang"
    },
    {
      "id": "karur",
      "name": "Karur"
    },
    {
      "id": "karwar",
      "name": "Karwar"
    },
    {
      "id": "kasal",
      "name": "Kasal"
    },
    {
      "id": "kasaragod",
      "name": "Kasaragod"
    },
    {
      "id": "kasganj",
      "name": "Kasganj"
    },
    {
      "id": "kashipur",
      "name": "Kashipur"
    },
    {
      "id": "kasia",
      "name": "Kasia"
    },
    {
      "id": "kataria",
      "name": "Kataria"
    },
    {
      "id": "kathua",
      "name": "Kathua"
    },
    {
      "id": "katni",
      "name": "Katni"
    },
    {
      "id": "katoya",
      "name": "Katoya"
    },
    {
      "id": "katra",
      "name": "Katra"
    },
    {
      "id": "kaul",
      "name": "Kaul"
    },
    {
      "id": "kavali",
      "name": "Kavali"
    },
    {
      "id": "kavaratti",
      "name": "Kavaratti"
    },
    {
      "id": "kayamkulam",
      "name": "Kayamkulam"
    },
    {
      "id": "keshod",
      "name": "Keshod"
    },
    {
      "id": "khajuraho-group-of-monuments",
      "name": "Khajuraho Group of Monuments"
    },
    {
      "id": "khalapur",
      "name": "Khalapur"
    },
    {
      "id": "khambhat",
      "name": "Khambhat"
    },
    {
      "id": "khammam",
      "name": "Khammam"
    },
    {
      "id": "khan",
      "name": "Khan"
    },
    {
      "id": "khanna",
      "name": "Khanna"
    },
    {
      "id": "kharagpur",
      "name": "Kharagpur"
    },
    {
      "id": "kharar",
      "name": "Kharar"
    },
    {
      "id": "khargone",
      "name": "Khargone"
    },
    {
      "id": "khatauli",
      "name": "Khatauli"
    },
    {
      "id": "kheda",
      "name": "Kheda"
    },
    {
      "id": "khergam",
      "name": "Khergam"
    },
    {
      "id": "kheri",
      "name": "Kheri"
    },
    {
      "id": "khinwara",
      "name": "Khinwara"
    },
    {
      "id": "khopoli",
      "name": "Khopoli"
    },
    {
      "id": "khurda",
      "name": "Khurda"
    },
    {
      "id": "khurja",
      "name": "Khurja"
    },
    {
      "id": "kishangarh",
      "name": "Kishangarh"
    },
    {
      "id": "koch-bihar",
      "name": "Koch Bihar"
    },
    {
      "id": "kochi",
      "name": "Kochi"
    },
    {
      "id": "kodaikanal",
      "name": "Kodaikanal"
    },
    {
      "id": "kodungallur",
      "name": "Kodungallur"
    },
    {
      "id": "kohima",
      "name": "Kohima"
    },
    {
      "id": "kokrajhar",
      "name": "Kokrajhar"
    },
    {
      "id": "kolar",
      "name": "Kolar"
    },
    {
      "id": "kolayat",
      "name": "Kolayat"
    },
    {
      "id": "kolhapur",
      "name": "Kolhapur"
    },
    {
      "id": "kolkata",
      "name": "Kolkata"
    },
    {
      "id": "kollam",
      "name": "Kollam"
    },
    {
      "id": "kollegal",
      "name": "Kollegal"
    },
    {
      "id": "koni",
      "name": "Koni"
    },
    {
      "id": "konnagar",
      "name": "Konnagar"
    },
    {
      "id": "koothanallur",
      "name": "Koothanallur"
    },
    {
      "id": "koppal",
      "name": "Koppal"
    },
    {
      "id": "koraput",
      "name": "Koraput"
    },
    {
      "id": "korba",
      "name": "Korba"
    },
    {
      "id": "kosamba",
      "name": "Kosamba"
    },
    {
      "id": "kot-isa-khan",
      "name": "Kot Isa Khan"
    },
    {
      "id": "kota",
      "name": "Kota"
    },
    {
      "id": "kotian",
      "name": "Kotian"
    },
    {
      "id": "kottagudem",
      "name": "Kottagudem"
    },
    {
      "id": "kottakkal",
      "name": "Kottakkal"
    },
    {
      "id": "kottarakara",
      "name": "Kottarakara"
    },
    {
      "id": "kottayam",
      "name": "Kottayam"
    },
    {
      "id": "kovilpatti",
      "name": "Kovilpatti"
    },
    {
      "id": "kovvur",
      "name": "Kovvur"
    },
    {
      "id": "kozhikode",
      "name": "Kozhikode"
    },
    {
      "id": "krishnagiri",
      "name": "Krishnagiri"
    },
    {
      "id": "kulti",
      "name": "Kulti"
    },
    {
      "id": "kumar",
      "name": "Kumar"
    },
    {
      "id": "kumbakonam",
      "name": "Kumbakonam"
    },
    {
      "id": "kumhari",
      "name": "Kumhari"
    },
    {
      "id": "kundan",
      "name": "Kundan"
    },
    {
      "id": "kunwar",
      "name": "Kunwar"
    },
    {
      "id": "kuppam",
      "name": "Kuppam"
    },
    {
      "id": "kurali",
      "name": "Kurali"
    },
    {
      "id": "kurnool",
      "name": "Kurnool"
    },
    {
      "id": "kushalnagar",
      "name": "Kushalnagar"
    },
    {
      "id": "kuzhithurai",
      "name": "Kuzhithurai"
    },
    {
      "id": "ladwa",
      "name": "Ladwa"
    },
    {
      "id": "lakhimpur",
      "name": "Lakhimpur"
    },
    {
      "id": "lala",
      "name": "Lala"
    },
    {
      "id": "lalgudi",
      "name": "Lalgudi"
    },
    {
      "id": "lamba-harisingh",
      "name": "Lamba Harisingh"
    },
    {
      "id": "lanka",
      "name": "Lanka"
    },
    {
      "id": "latur",
      "name": "Latur"
    },
    {
      "id": "liluah",
      "name": "Liluah"
    },
    {
      "id": "lohaghat",
      "name": "Lohaghat"
    },
    {
      "id": "lucknow",
      "name": "Lucknow"
    },
    {
      "id": "ludhiana",
      "name": "Ludhiana"
    },
    {
      "id": "machhiwara",
      "name": "Machhiwara"
    },
    {
      "id": "machilipatnam",
      "name": "Machilipatnam"
    },
    {
      "id": "madanapalle",
      "name": "Madanapalle"
    },
    {
      "id": "madgaon",
      "name": "Madgaon"
    },
    {
      "id": "madhoganj",
      "name": "Madhoganj"
    },
    {
      "id": "madikeri",
      "name": "Madikeri"
    },
    {
      "id": "madurai",
      "name": "Madurai"
    },
    {
      "id": "madurantakam",
      "name": "Madurantakam"
    },
    {
      "id": "mahabalipuram",
      "name": "Mahabalipuram"
    },
    {
      "id": "mahad",
      "name": "Mahad"
    },
    {
      "id": "mahajan",
      "name": "Mahajan"
    },
    {
      "id": "mahal",
      "name": "Mahal"
    },
    {
      "id": "maharaj",
      "name": "Maharaj"
    },
    {
      "id": "mahatma",
      "name": "Mahatma"
    },
    {
      "id": "mahesana",
      "name": "Mahesana"
    },
    {
      "id": "mahesh",
      "name": "Mahesh"
    },
    {
      "id": "mahim",
      "name": "Mahim"
    },
    {
      "id": "mahulia",
      "name": "Mahulia"
    },
    {
      "id": "malappuram",
      "name": "Malappuram"
    },
    {
      "id": "maldah",
      "name": "Maldah"
    },
    {
      "id": "malpur",
      "name": "Malpur"
    },
    {
      "id": "manali",
      "name": "Manali"
    },
    {
      "id": "mancherial",
      "name": "Mancherial"
    },
    {
      "id": "mandal",
      "name": "Mandal"
    },
    {
      "id": "mandapeta",
      "name": "Mandapeta"
    },
    {
      "id": "mandi",
      "name": "Mandi"
    },
    {
      "id": "mandla",
      "name": "Mandla"
    },
    {
      "id": "mandsaur",
      "name": "Mandsaur"
    },
    {
      "id": "mandvi",
      "name": "Mandvi"
    },
    {
      "id": "mandya",
      "name": "Mandya"
    },
    {
      "id": "mangalagiri",
      "name": "Mangalagiri"
    },
    {
      "id": "mangalore",
      "name": "Mangalore"
    },
    {
      "id": "mangaon",
      "name": "Mangaon"
    },
    {
      "id": "manipala",
      "name": "Manipala"
    },
    {
      "id": "manipur",
      "name": "Manipur"
    },
    {
      "id": "manjeri",
      "name": "Manjeri"
    },
    {
      "id": "manna",
      "name": "Manna"
    },
    {
      "id": "mannargudi",
      "name": "Mannargudi"
    },
    {
      "id": "manor",
      "name": "Manor"
    },
    {
      "id": "mansa",
      "name": "Mansa"
    },
    {
      "id": "manu",
      "name": "Manu"
    },
    {
      "id": "markal",
      "name": "Markal"
    },
    {
      "id": "markapur",
      "name": "Markapur"
    },
    {
      "id": "marmagao",
      "name": "Marmagao"
    },
    {
      "id": "maru",
      "name": "Maru"
    },
    {
      "id": "mashobra",
      "name": "Mashobra"
    },
    {
      "id": "matar",
      "name": "Matar"
    },
    {
      "id": "mathan",
      "name": "Mathan"
    },
    {
      "id": "mathura",
      "name": "Mathura"
    },
    {
      "id": "mattanur",
      "name": "Mattanur"
    },
    {
      "id": "mavelikara",
      "name": "Mavelikara"
    },
    {
      "id": "mawana",
      "name": "Mawana"
    },
    {
      "id": "mayapur",
      "name": "Mayapur"
    },
    {
      "id": "medak",
      "name": "Medak"
    },
    {
      "id": "medarametla",
      "name": "Medarametla"
    },
    {
      "id": "medchal",
      "name": "Medchal"
    },
    {
      "id": "medinipur",
      "name": "Medinipur"
    },
    {
      "id": "meerut",
      "name": "Meerut"
    },
    {
      "id": "mehra",
      "name": "Mehra"
    },
    {
      "id": "mettur",
      "name": "Mettur"
    },
    {
      "id": "mhow",
      "name": "Mhow"
    },
    {
      "id": "mill",
      "name": "Mill"
    },
    {
      "id": "miraj",
      "name": "Miraj"
    },
    {
      "id": "mirza-murad",
      "name": "Mirza Murad"
    },
    {
      "id": "mirzapur",
      "name": "Mirzapur"
    },
    {
      "id": "mithapur",
      "name": "Mithapur"
    },
    {
      "id": "modasa",
      "name": "Modasa"
    },
    {
      "id": "moga",
      "name": "Moga"
    },
    {
      "id": "mohala",
      "name": "Mohala"
    },
    {
      "id": "mohali",
      "name": "Mohali"
    },
    {
      "id": "mohan",
      "name": "Mohan"
    },
    {
      "id": "moradabad",
      "name": "Moradabad"
    },
    {
      "id": "morena",
      "name": "Morena"
    },
    {
      "id": "morinda",
      "name": "Morinda"
    },
    {
      "id": "morvi",
      "name": "Morvi"
    },
    {
      "id": "motihari",
      "name": "Motihari"
    },
    {
      "id": "mount-abu",
      "name": "Mount Abu"
    },
    {
      "id": "muddanuru",
      "name": "Muddanuru"
    },
    {
      "id": "mukerian",
      "name": "Mukerian"
    },
    {
      "id": "muktsar",
      "name": "Muktsar"
    },
    {
      "id": "multi",
      "name": "Multi"
    },
    {
      "id": "mumbai",
      "name": "Mumbai"
    },
    {
      "id": "mundgod",
      "name": "Mundgod"
    },
    {
      "id": "mundra",
      "name": "Mundra"
    },
    {
      "id": "munger",
      "name": "Munger"
    },
    {
      "id": "murshidabad",
      "name": "Murshidabad"
    },
    {
      "id": "mussoorie",
      "name": "Mussoorie"
    },
    {
      "id": "muzaffarnagar",
      "name": "Muzaffarnagar"
    },
    {
      "id": "muzaffarpur",
      "name": "Muzaffarpur"
    },
    {
      "id": "mylapore",
      "name": "Mylapore"
    },
    {
      "id": "mysore",
      "name": "Mysore"
    },
    {
      "id": "nabadwip",
      "name": "Nabadwip"
    },
    {
      "id": "nabha",
      "name": "Nabha"
    },
    {
      "id": "nadgaon",
      "name": "Nadgaon"
    },
    {
      "id": "nadia",
      "name": "Nadia"
    },
    {
      "id": "nadiad",
      "name": "Nadiad"
    },
    {
      "id": "nagal",
      "name": "Nagal"
    },
    {
      "id": "nagapattinam",
      "name": "Nagapattinam"
    },
    {
      "id": "nagar",
      "name": "Nagar"
    },
    {
      "id": "nagara",
      "name": "Nagara"
    },
    {
      "id": "nagari",
      "name": "Nagari"
    },
    {
      "id": "nagaur",
      "name": "Nagaur"
    },
    {
      "id": "nagercoil",
      "name": "Nagercoil"
    },
    {
      "id": "nagpur",
      "name": "Nagpur"
    },
    {
      "id": "nagwa",
      "name": "Nagwa"
    },
    {
      "id": "naini",
      "name": "Naini"
    },
    {
      "id": "nalagarh",
      "name": "Nalagarh"
    },
    {
      "id": "nalbari",
      "name": "Nalbari"
    },
    {
      "id": "nalgonda",
      "name": "Nalgonda"
    },
    {
      "id": "namakkal",
      "name": "Namakkal"
    },
    {
      "id": "namrup",
      "name": "Namrup"
    },
    {
      "id": "nanda",
      "name": "Nanda"
    },
    {
      "id": "nanded",
      "name": "Nanded"
    },
    {
      "id": "nandi",
      "name": "Nandi"
    },
    {
      "id": "nandigama",
      "name": "Nandigama"
    },
    {
      "id": "nandurbar",
      "name": "Nandurbar"
    },
    {
      "id": "nandyal",
      "name": "Nandyal"
    },
    {
      "id": "naraina",
      "name": "Naraina"
    },
    {
      "id": "narasaraopet",
      "name": "Narasaraopet"
    },
    {
      "id": "narayangaon",
      "name": "Narayangaon"
    },
    {
      "id": "narela",
      "name": "Narela"
    },
    {
      "id": "narnaul",
      "name": "Narnaul"
    },
    {
      "id": "narsapur",
      "name": "Narsapur"
    },
    {
      "id": "nashik",
      "name": "Nashik"
    },
    {
      "id": "nathdwara",
      "name": "Nathdwara"
    },
    {
      "id": "navelim",
      "name": "Navelim"
    },
    {
      "id": "navsari",
      "name": "Navsari"
    },
    {
      "id": "nayagarh",
      "name": "Nayagarh"
    },
    {
      "id": "nazira",
      "name": "Nazira"
    },
    {
      "id": "nehra",
      "name": "Nehra"
    },
    {
      "id": "nellore",
      "name": "Nellore"
    },
    {
      "id": "neral",
      "name": "Neral"
    },
    {
      "id": "neri",
      "name": "Neri"
    },
    {
      "id": "new-delhi",
      "name": "New Delhi"
    },
    {
      "id": "neyveli",
      "name": "Neyveli"
    },
    {
      "id": "nila",
      "name": "Nila"
    },
    {
      "id": "nilambur",
      "name": "Nilambur"
    },
    {
      "id": "nilokheri",
      "name": "Nilokheri"
    },
    {
      "id": "nizamabad",
      "name": "Nizamabad"
    },
    {
      "id": "noida",
      "name": "Noida"
    },
    {
      "id": "nongpoh",
      "name": "Nongpoh"
    },
    {
      "id": "nongstoin",
      "name": "Nongstoin"
    },
    {
      "id": "north-lakhimpur",
      "name": "North Lakhimpur"
    },
    {
      "id": "nurpur",
      "name": "Nurpur"
    },
    {
      "id": "nuzvid",
      "name": "Nuzvid"
    },
    {
      "id": "odhan",
      "name": "Odhan"
    },
    {
      "id": "omalur",
      "name": "Omalur"
    },
    {
      "id": "ongole",
      "name": "Ongole"
    },
    {
      "id": "ooty",
      "name": "Ooty"
    },
    {
      "id": "orai",
      "name": "Orai"
    },
    {
      "id": "osmanabad",
      "name": "Osmanabad"
    },
    {
      "id": "ottappalam",
      "name": "Ottappalam"
    },
    {
      "id": "pachmarhi",
      "name": "Pachmarhi"
    },
    {
      "id": "padrauna",
      "name": "Padrauna"
    },
    {
      "id": "pahalgam",
      "name": "Pahalgam"
    },
    {
      "id": "pakala",
      "name": "Pakala"
    },
    {
      "id": "pala",
      "name": "Pala"
    },
    {
      "id": "palakkad",
      "name": "Palakkad"
    },
    {
      "id": "palampur",
      "name": "Palampur"
    },
    {
      "id": "palani",
      "name": "Palani"
    },
    {
      "id": "palayam",
      "name": "Palayam"
    },
    {
      "id": "palghar",
      "name": "Palghar"
    },
    {
      "id": "pali",
      "name": "Pali"
    },
    {
      "id": "palladam",
      "name": "Palladam"
    },
    {
      "id": "paloncha",
      "name": "Paloncha"
    },
    {
      "id": "palus",
      "name": "Palus"
    },
    {
      "id": "palwal",
      "name": "Palwal"
    },
    {
      "id": "panchal",
      "name": "Panchal"
    },
    {
      "id": "panchgani",
      "name": "Panchgani"
    },
    {
      "id": "pandharpur",
      "name": "Pandharpur"
    },
    {
      "id": "panipat",
      "name": "Panipat"
    },
    {
      "id": "panjim",
      "name": "Panjim"
    },
    {
      "id": "panruti",
      "name": "Panruti"
    },
    {
      "id": "pantnagar",
      "name": "Pantnagar"
    },
    {
      "id": "panvel",
      "name": "Panvel"
    },
    {
      "id": "paonta-sahib",
      "name": "Paonta Sahib"
    },
    {
      "id": "parappanangadi",
      "name": "Parappanangadi"
    },
    {
      "id": "paravur",
      "name": "Paravur"
    },
    {
      "id": "parbhani",
      "name": "Parbhani"
    },
    {
      "id": "parel",
      "name": "Parel"
    },
    {
      "id": "parra",
      "name": "Parra"
    },
    {
      "id": "patan",
      "name": "Patan"
    },
    {
      "id": "patancheru",
      "name": "Patancheru"
    },
    {
      "id": "patel",
      "name": "Patel"
    },
    {
      "id": "patelguda",
      "name": "Patelguda"
    },
    {
      "id": "pathanamthitta",
      "name": "Pathanamthitta"
    },
    {
      "id": "pathankot",
      "name": "Pathankot"
    },
    {
      "id": "patiala",
      "name": "Patiala"
    },
    {
      "id": "patna",
      "name": "Patna"
    },
    {
      "id": "pattambi",
      "name": "Pattambi"
    },
    {
      "id": "pattukkottai",
      "name": "Pattukkottai"
    },
    {
      "id": "pauri",
      "name": "Pauri"
    },
    {
      "id": "payyanur",
      "name": "Payyanur"
    },
    {
      "id": "peddapuram",
      "name": "Peddapuram"
    },
    {
      "id": "pehowa",
      "name": "Pehowa"
    },
    {
      "id": "perambalur",
      "name": "Perambalur"
    },
    {
      "id": "peranampattu",
      "name": "Peranampattu"
    },
    {
      "id": "perundurai",
      "name": "Perundurai"
    },
    {
      "id": "petlad",
      "name": "Petlad"
    },
    {
      "id": "phagwara",
      "name": "Phagwara"
    },
    {
      "id": "phaphamau",
      "name": "Phaphamau"
    },
    {
      "id": "piduguralla",
      "name": "Piduguralla"
    },
    {
      "id": "pilani",
      "name": "Pilani"
    },
    {
      "id": "pileru",
      "name": "Pileru"
    },
    {
      "id": "pilkhuwa",
      "name": "Pilkhuwa"
    },
    {
      "id": "pimpri",
      "name": "Pimpri"
    },
    {
      "id": "pitampura",
      "name": "Pitampura"
    },
    {
      "id": "pithapuram",
      "name": "Pithapuram"
    },
    {
      "id": "pithoragarh",
      "name": "Pithoragarh"
    },
    {
      "id": "pochampalli",
      "name": "Pochampalli"
    },
    {
      "id": "pollachi",
      "name": "Pollachi"
    },
    {
      "id": "ponda",
      "name": "Ponda"
    },
    {
      "id": "ponnani",
      "name": "Ponnani"
    },
    {
      "id": "ponneri",
      "name": "Ponneri"
    },
    {
      "id": "porbandar",
      "name": "Porbandar"
    },
    {
      "id": "port-blair",
      "name": "Port Blair"
    },
    {
      "id": "potti",
      "name": "Potti"
    },
    {
      "id": "powai",
      "name": "Powai"
    },
    {
      "id": "proddatur",
      "name": "Proddatur"
    },
    {
      "id": "puducherry",
      "name": "Puducherry"
    },
    {
      "id": "pudukkottai",
      "name": "Pudukkottai"
    },
    {
      "id": "puliyur",
      "name": "Puliyur"
    },
    {
      "id": "punalur",
      "name": "Punalur"
    },
    {
      "id": "pune",
      "name": "Pune"
    },
    {
      "id": "puras",
      "name": "Puras"
    },
    {
      "id": "puri",
      "name": "Puri"
    },
    {
      "id": "purnea",
      "name": "Purnea"
    },
    {
      "id": "puruliya",
      "name": "Puruliya"
    },
    {
      "id": "pusa",
      "name": "Pusa"
    },
    {
      "id": "pushkar",
      "name": "Pushkar"
    },
    {
      "id": "puttur",
      "name": "Puttur"
    },
    {
      "id": "quepem",
      "name": "Quepem"
    },
    {
      "id": "raichur",
      "name": "Raichur"
    },
    {
      "id": "raigarh",
      "name": "Raigarh"
    },
    {
      "id": "raipur",
      "name": "Raipur"
    },
    {
      "id": "rajahmundry",
      "name": "Rajahmundry"
    },
    {
      "id": "rajapalaiyam",
      "name": "Rajapalaiyam"
    },
    {
      "id": "rajapur",
      "name": "Rajapur"
    },
    {
      "id": "rajkot",
      "name": "Rajkot"
    },
    {
      "id": "rajpur",
      "name": "Rajpur"
    },
    {
      "id": "rajpura",
      "name": "Rajpura"
    },
    {
      "id": "raju",
      "name": "Raju"
    },
    {
      "id": "rama",
      "name": "Rama"
    },
    {
      "id": "ramanagaram",
      "name": "Ramanagaram"
    },
    {
      "id": "ramanathapuram",
      "name": "Ramanathapuram"
    },
    {
      "id": "ramapuram",
      "name": "Ramapuram"
    },
    {
      "id": "ramavaram",
      "name": "Ramavaram"
    },
    {
      "id": "ramgarh",
      "name": "Ramgarh"
    },
    {
      "id": "ramnagar",
      "name": "Ramnagar"
    },
    {
      "id": "rampur",
      "name": "Rampur"
    },
    {
      "id": "rana",
      "name": "Rana"
    },
    {
      "id": "ranaghat",
      "name": "Ranaghat"
    },
    {
      "id": "ranchi",
      "name": "Ranchi"
    },
    {
      "id": "rander",
      "name": "Rander"
    },
    {
      "id": "raniganj",
      "name": "Raniganj"
    },
    {
      "id": "ranippettai",
      "name": "Ranippettai"
    },
    {
      "id": "ranjan",
      "name": "Ranjan"
    },
    {
      "id": "ratlam",
      "name": "Ratlam"
    },
    {
      "id": "ratnagiri",
      "name": "Ratnagiri"
    },
    {
      "id": "raurkela",
      "name": "Raurkela"
    },
    {
      "id": "rawal",
      "name": "Rawal"
    },
    {
      "id": "raxaul",
      "name": "Raxaul"
    },
    {
      "id": "rayagada",
      "name": "Rayagada"
    },
    {
      "id": "rewa",
      "name": "Rewa"
    },
    {
      "id": "rewari",
      "name": "Rewari"
    },
    {
      "id": "ring",
      "name": "Ring"
    },
    {
      "id": "rishikesh",
      "name": "Rishikesh"
    },
    {
      "id": "rohtak",
      "name": "Rohtak"
    },
    {
      "id": "roorkee",
      "name": "Roorkee"
    },
    {
      "id": "roshan",
      "name": "Roshan"
    },
    {
      "id": "rudrapur",
      "name": "Rudrapur"
    },
    {
      "id": "rupnagar",
      "name": "Rupnagar"
    },
    {
      "id": "rupnarayanpur",
      "name": "Rupnarayanpur"
    },
    {
      "id": "sachin",
      "name": "Sachin"
    },
    {
      "id": "sagar",
      "name": "Sagar"
    },
    {
      "id": "saha",
      "name": "Saha"
    },
    {
      "id": "saharanpur",
      "name": "Saharanpur"
    },
    {
      "id": "sahibabad",
      "name": "Sahibabad"
    },
    {
      "id": "sakri",
      "name": "Sakri"
    },
    {
      "id": "salem",
      "name": "Salem"
    },
    {
      "id": "saligao",
      "name": "Saligao"
    },
    {
      "id": "salt-lake-city",
      "name": "Salt Lake City"
    },
    {
      "id": "samastipur",
      "name": "Samastipur"
    },
    {
      "id": "sambalpur",
      "name": "Sambalpur"
    },
    {
      "id": "sanand",
      "name": "Sanand"
    },
    {
      "id": "sandur",
      "name": "Sandur"
    },
    {
      "id": "sangam",
      "name": "Sangam"
    },
    {
      "id": "sangamner",
      "name": "Sangamner"
    },
    {
      "id": "sangli",
      "name": "Sangli"
    },
    {
      "id": "sangola",
      "name": "Sangola"
    },
    {
      "id": "sangrur",
      "name": "Sangrur"
    },
    {
      "id": "sanquelim",
      "name": "Sanquelim"
    },
    {
      "id": "saranga",
      "name": "Saranga"
    },
    {
      "id": "sarangi",
      "name": "Sarangi"
    },
    {
      "id": "sarwar",
      "name": "Sarwar"
    },
    {
      "id": "satara",
      "name": "Satara"
    },
    {
      "id": "satna",
      "name": "Satna"
    },
    {
      "id": "sattur",
      "name": "Sattur"
    },
    {
      "id": "sawi",
      "name": "Sawi"
    },
    {
      "id": "secunderabad",
      "name": "Secunderabad"
    },
    {
      "id": "sehore",
      "name": "Sehore"
    },
    {
      "id": "sendhwa",
      "name": "Sendhwa"
    },
    {
      "id": "serampore",
      "name": "Serampore"
    },
    {
      "id": "shadnagar",
      "name": "Shadnagar"
    },
    {
      "id": "shahabad",
      "name": "Shahabad"
    },
    {
      "id": "shahapur",
      "name": "Shahapur"
    },
    {
      "id": "shahdara",
      "name": "Shahdara"
    },
    {
      "id": "shahdol",
      "name": "Shahdol"
    },
    {
      "id": "shahjahanpur",
      "name": "Shahjahanpur"
    },
    {
      "id": "shahkot",
      "name": "Shahkot"
    },
    {
      "id": "shamsabad",
      "name": "Shamsabad"
    },
    {
      "id": "shanti-grama",
      "name": "Shanti Grama"
    },
    {
      "id": "shillong",
      "name": "Shillong"
    },
    {
      "id": "shimla",
      "name": "Shimla"
    },
    {
      "id": "shimoga",
      "name": "Shimoga"
    },
    {
      "id": "shirgaon",
      "name": "Shirgaon"
    },
    {
      "id": "shiv",
      "name": "Shiv"
    },
    {
      "id": "sholavandan",
      "name": "Sholavandan"
    },
    {
      "id": "shoranur",
      "name": "Shoranur"
    },
    {
      "id": "shrigonda",
      "name": "Shrigonda"
    },
    {
      "id": "shyamnagar",
      "name": "Shyamnagar"
    },
    {
      "id": "sibsagar",
      "name": "Sibsagar"
    },
    {
      "id": "sidhi",
      "name": "Sidhi"
    },
    {
      "id": "sidhpur",
      "name": "Sidhpur"
    },
    {
      "id": "sikar",
      "name": "Sikar"
    },
    {
      "id": "sikka",
      "name": "Sikka"
    },
    {
      "id": "silchar",
      "name": "Silchar"
    },
    {
      "id": "siliguri",
      "name": "Siliguri"
    },
    {
      "id": "silvassa",
      "name": "Silvassa"
    },
    {
      "id": "singarayakonda",
      "name": "Singarayakonda"
    },
    {
      "id": "singtam",
      "name": "Singtam"
    },
    {
      "id": "sinnar",
      "name": "Sinnar"
    },
    {
      "id": "sion",
      "name": "Sion"
    },
    {
      "id": "sirhind",
      "name": "Sirhind"
    },
    {
      "id": "sirkazhi",
      "name": "Sirkazhi"
    },
    {
      "id": "sirohi",
      "name": "Sirohi"
    },
    {
      "id": "sirsa",
      "name": "Sirsa"
    },
    {
      "id": "sirsi",
      "name": "Sirsi"
    },
    {
      "id": "siruguppa",
      "name": "Siruguppa"
    },
    {
      "id": "siruseri",
      "name": "Siruseri"
    },
    {
      "id": "sirwani",
      "name": "Sirwani"
    },
    {
      "id": "sitapur",
      "name": "Sitapur"
    },
    {
      "id": "siuri",
      "name": "Siuri"
    },
    {
      "id": "sivaganga",
      "name": "Sivaganga"
    },
    {
      "id": "sivakasi",
      "name": "Sivakasi"
    },
    {
      "id": "sodhi",
      "name": "Sodhi"
    },
    {
      "id": "sojat",
      "name": "Sojat"
    },
    {
      "id": "solan",
      "name": "Solan"
    },
    {
      "id": "solapur",
      "name": "Solapur"
    },
    {
      "id": "solim",
      "name": "Solim"
    },
    {
      "id": "somnath",
      "name": "Somnath"
    },
    {
      "id": "soni",
      "name": "Soni"
    },
    {
      "id": "sonipat",
      "name": "Sonipat"
    },
    {
      "id": "sopara",
      "name": "Sopara"
    },
    {
      "id": "srikakulam",
      "name": "Srikakulam"
    },
    {
      "id": "srikalahasti",
      "name": "Srikalahasti"
    },
    {
      "id": "srinagar",
      "name": "Srinagar"
    },
    {
      "id": "sriperumbudur",
      "name": "Sriperumbudur"
    },
    {
      "id": "srirangam",
      "name": "Srirangam"
    },
    {
      "id": "srivilliputhur",
      "name": "Srivilliputhur"
    },
    {
      "id": "sukma",
      "name": "Sukma"
    },
    {
      "id": "sultan",
      "name": "Sultan"
    },
    {
      "id": "sultanpur",
      "name": "Sultanpur"
    },
    {
      "id": "sultans-battery",
      "name": "Sultans Battery"
    },
    {
      "id": "suman",
      "name": "Suman"
    },
    {
      "id": "sunam",
      "name": "Sunam"
    },
    {
      "id": "sundargarh",
      "name": "Sundargarh"
    },
    {
      "id": "surana",
      "name": "Surana"
    },
    {
      "id": "suratgarh",
      "name": "Suratgarh"
    },
    {
      "id": "surendranagar",
      "name": "Surendranagar"
    },
    {
      "id": "suriapet",
      "name": "Suriapet"
    },
    {
      "id": "tadepallegudem",
      "name": "Tadepallegudem"
    },
    {
      "id": "tala",
      "name": "Tala"
    },
    {
      "id": "talcher",
      "name": "Talcher"
    },
    {
      "id": "talegaon-dabhade",
      "name": "Talegaon Dabhade"
    },
    {
      "id": "talwandi-sabo",
      "name": "Talwandi Sabo"
    },
    {
      "id": "tambaram",
      "name": "Tambaram"
    },
    {
      "id": "tanda",
      "name": "Tanda"
    },
    {
      "id": "tanuku",
      "name": "Tanuku"
    },
    {
      "id": "tarn-taran",
      "name": "Tarn Taran"
    },
    {
      "id": "teri",
      "name": "Teri"
    },
    {
      "id": "tezpur",
      "name": "Tezpur"
    },
    {
      "id": "thalassery",
      "name": "Thalassery"
    },
    {
      "id": "thane",
      "name": "Thane"
    },
    {
      "id": "thanjavur",
      "name": "Thanjavur"
    },
    {
      "id": "thasra",
      "name": "Thasra"
    },
    {
      "id": "thenali",
      "name": "Thenali"
    },
    {
      "id": "thenkasi",
      "name": "Thenkasi"
    },
    {
      "id": "thirumangalam",
      "name": "Thirumangalam"
    },
    {
      "id": "thiruthani",
      "name": "Thiruthani"
    },
    {
      "id": "thiruvananthapuram",
      "name": "Thiruvananthapuram"
    },
    {
      "id": "thiruvarur",
      "name": "Thiruvarur"
    },
    {
      "id": "thoothukudi",
      "name": "Thoothukudi"
    },
    {
      "id": "thrissur",
      "name": "Thrissur"
    },
    {
      "id": "tikamgarh",
      "name": "Tikamgarh"
    },
    {
      "id": "tindivanam",
      "name": "Tindivanam"
    },
    {
      "id": "tinsukia",
      "name": "Tinsukia"
    },
    {
      "id": "tiptur",
      "name": "Tiptur"
    },
    {
      "id": "tiruchchendur",
      "name": "Tiruchchendur"
    },
    {
      "id": "tiruchi",
      "name": "Tiruchi"
    },
    {
      "id": "tirumala",
      "name": "Tirumala"
    },
    {
      "id": "tirumala-tirupati",
      "name": "Tirumala - Tirupati"
    },
    {
      "id": "tirunelveli",
      "name": "Tirunelveli"
    },
    {
      "id": "tiruppur",
      "name": "Tiruppur"
    },
    {
      "id": "tirur",
      "name": "Tirur"
    },
    {
      "id": "tiruvalla",
      "name": "Tiruvalla"
    },
    {
      "id": "tiruvallur",
      "name": "Tiruvallur"
    },
    {
      "id": "tiruvannamalai",
      "name": "Tiruvannamalai"
    },
    {
      "id": "tohana",
      "name": "Tohana"
    },
    {
      "id": "tonk",
      "name": "Tonk"
    },
    {
      "id": "trimbak",
      "name": "Trimbak"
    },
    {
      "id": "tuljapur",
      "name": "Tuljapur"
    },
    {
      "id": "turaiyur",
      "name": "Turaiyur"
    },
    {
      "id": "udaigiri",
      "name": "Udaigiri"
    },
    {
      "id": "udaipur",
      "name": "Udaipur"
    },
    {
      "id": "udupi",
      "name": "Udupi"
    },
    {
      "id": "ujjain",
      "name": "Ujjain"
    },
    {
      "id": "ulhasnagar",
      "name": "Ulhasnagar"
    },
    {
      "id": "ulubari",
      "name": "Ulubari"
    },
    {
      "id": "umred",
      "name": "Umred"
    },
    {
      "id": "unnao",
      "name": "Unnao"
    },
    {
      "id": "uppal",
      "name": "Uppal"
    },
    {
      "id": "uttarkashi",
      "name": "Uttarkashi"
    },
    {
      "id": "vadamadurai",
      "name": "Vadamadurai"
    },
    {
      "id": "vadner",
      "name": "Vadner"
    },
    {
      "id": "vadodara",
      "name": "Vadodara"
    },
    {
      "id": "vaikam",
      "name": "Vaikam"
    },
    {
      "id": "vainguinim",
      "name": "Vainguinim"
    },
    {
      "id": "valsad",
      "name": "Valsad"
    },
    {
      "id": "vandalur",
      "name": "Vandalur"
    },
    {
      "id": "vandavasi",
      "name": "Vandavasi"
    },
    {
      "id": "vaniyambadi",
      "name": "Vaniyambadi"
    },
    {
      "id": "vapi",
      "name": "Vapi"
    },
    {
      "id": "varanasi",
      "name": "Varanasi"
    },
    {
      "id": "vasai",
      "name": "Vasai"
    },
    {
      "id": "vasco",
      "name": "Vasco"
    },
    {
      "id": "vashi",
      "name": "Vashi"
    },
    {
      "id": "vazhakulam",
      "name": "Vazhakulam"
    },
    {
      "id": "vellore",
      "name": "Vellore"
    },
    {
      "id": "verna",
      "name": "Verna"
    },
    {
      "id": "vidisha",
      "name": "Vidisha"
    },
    {
      "id": "vijapur",
      "name": "Vijapur"
    },
    {
      "id": "vijayawada",
      "name": "Vijayawada"
    },
    {
      "id": "vikarabad",
      "name": "Vikarabad"
    },
    {
      "id": "vikasnagar",
      "name": "Vikasnagar"
    },
    {
      "id": "villupuram",
      "name": "Villupuram"
    },
    {
      "id": "vinukonda",
      "name": "Vinukonda"
    },
    {
      "id": "virar",
      "name": "Virar"
    },
    {
      "id": "visakhapatnam",
      "name": "Visakhapatnam"
    },
    {
      "id": "visnagar",
      "name": "Visnagar"
    },
    {
      "id": "vizianagaram",
      "name": "Vizianagaram"
    },
    {
      "id": "wai",
      "name": "Wai"
    },
    {
      "id": "warangal",
      "name": "Warangal"
    },
    {
      "id": "wardha",
      "name": "Wardha"
    },
    {
      "id": "wellington",
      "name": "Wellington"
    },
    {
      "id": "yadgir",
      "name": "Yadgir"
    },
    {
      "id": "yamunanagar",
      "name": "Yamunanagar"
    },
    {
      "id": "yanam",
      "name": "Yanam"
    },
    {
      "id": "yavatmal",
      "name": "Yavatmal"
    },
    {
      "id": "yeola",
      "name": "Yeola"
    },
    {
      "id": "yercaud",
      "name": "Yercaud"
    }
  ]
}