{
  "coid": "LT",
  "cities": [
    {
      "id": "vilnius",
      "name": "Vilnius"
    },
    {
      "id": "kaunas",
      "name": "Kaunas"
    },
    {
      "id": "klaipeda",
      "name": "Klaipėda"
    },
    {
      "id": "siauliai",
      "name": "Šiauliai"
    },
    {
      "id": "panevezys",
      "name": "Panevėžys"
    },
    {
      "id": "alytus",
      "name": "Alytus"
    },
    {
      "id": "marijampole",
      "name": "Marijampolė"
    },
    {
      "id": "mazeikiai",
      "name": "Mažeikiai"
    },
    {
      "id": "jonava",
      "name": "Jonava"
    },
    {
      "id": "utena",
      "name": "Utena"
    }
  ]
}