{
  "coid": "MX",
  "cities": [
    {
      "id": "abasolo",
      "name": "Abasolo"
    },
    {
      "id": "acambaro",
      "name": "Acambaro"
    },
    {
      "id": "acambay",
      "name": "Acambay"
    },
    {
      "id": "acapulco",
      "name": "Acapulco"
    },
    {
      "id": "acatic",
      "name": "Acatic"
    },
    {
      "id": "acatlan-de-perez-figueroa",
      "name": "Acatlan de Perez Figueroa"
    },
    {
      "id": "acatzingo-de-hidalgo",
      "name": "Acatzingo de Hidalgo"
    },
    {
      "id": "acolman",
      "name": "Acolman"
    },
    {
      "id": "actopan",
      "name": "Actopan"
    },
    {
      "id": "acuna",
      "name": "Acuna"
    },
    {
      "id": "adolfo-lopez-mateos",
      "name": "Adolfo Lopez Mateos"
    },
    {
      "id": "adolfo-ruiz-cortines",
      "name": "Adolfo Ruiz Cortines"
    },
    {
      "id": "agua-amarga",
      "name": "Agua Amarga"
    },
    {
      "id": "agua-azul",
      "name": "Agua Azul"
    },
    {
      "id": "agua-dulce",
      "name": "Agua Dulce"
    },
    {
      "id": "agua-prieta",
      "name": "Agua Prieta"
    },
    {
      "id": "aguascalientes",
      "name": "Aguascalientes"
    },
    {
      "id": "ahome",
      "name": "Ahome"
    },
    {
      "id": "ahualulco-de-mercado",
      "name": "Ahualulco de Mercado"
    },
    {
      "id": "ajijic",
      "name": "Ajijic"
    },
    {
      "id": "alamo",
      "name": "Alamo"
    },
    {
      "id": "alamos",
      "name": "Alamos"
    },
    {
      "id": "aldama",
      "name": "Aldama"
    },
    {
      "id": "allende",
      "name": "Allende"
    },
    {
      "id": "almada",
      "name": "Almada"
    },
    {
      "id": "almoloya",
      "name": "Almoloya"
    },
    {
      "id": "altamira",
      "name": "Altamira"
    },
    {
      "id": "altotonga",
      "name": "Altotonga"
    },
    {
      "id": "alvaro-obregon-borough",
      "name": "Alvaro Obregon Borough"
    },
    {
      "id": "amado-nervo",
      "name": "Amado Nervo"
    },
    {
      "id": "ameca",
      "name": "Ameca"
    },
    {
      "id": "amecameca-de-juarez",
      "name": "Amecameca de Juarez"
    },
    {
      "id": "anahuac",
      "name": "Anahuac"
    },
    {
      "id": "angamacutiro-de-la-union",
      "name": "Angamacutiro de la Union"
    },
    {
      "id": "apan",
      "name": "Apan"
    },
    {
      "id": "apaseo-el-alto",
      "name": "Apaseo el Alto"
    },
    {
      "id": "apaseo-el-grande",
      "name": "Apaseo el Grande"
    },
    {
      "id": "apatzingan",
      "name": "Apatzingan"
    },
    {
      "id": "apaxco-de-ocampo",
      "name": "Apaxco de Ocampo"
    },
    {
      "id": "apizaco",
      "name": "Apizaco"
    },
    {
      "id": "apodaca",
      "name": "Apodaca"
    },
    {
      "id": "arandas",
      "name": "Arandas"
    },
    {
      "id": "arcelia",
      "name": "Arcelia"
    },
    {
      "id": "arizpe",
      "name": "Arizpe"
    },
    {
      "id": "arriaga",
      "name": "Arriaga"
    },
    {
      "id": "asuncion-ixtaltepec",
      "name": "Asuncion Ixtaltepec"
    },
    {
      "id": "asuncion-nochixtlan",
      "name": "Asuncion Nochixtlan"
    },
    {
      "id": "atequiza",
      "name": "Atequiza"
    },
    {
      "id": "atizapan",
      "name": "Atizapan"
    },
    {
      "id": "atlacholoaya",
      "name": "Atlacholoaya"
    },
    {
      "id": "atlacomulco",
      "name": "Atlacomulco"
    },
    {
      "id": "atlatlahucan",
      "name": "Atlatlahucan"
    },
    {
      "id": "atlixco",
      "name": "Atlixco"
    },
    {
      "id": "atlzayanca",
      "name": "Atlzayanca"
    },
    {
      "id": "atotonilco-el-alto",
      "name": "Atotonilco el Alto"
    },
    {
      "id": "atoyac-de-alvarez",
      "name": "Atoyac de Alvarez"
    },
    {
      "id": "autlan-de-navarro",
      "name": "Autlan de Navarro"
    },
    {
      "id": "autopista-puebla-orizaba-185-la-condusa",
      "name": "Autopista Puebla Orizaba 185 (La Condusa)"
    },
    {
      "id": "axochiapan",
      "name": "Axochiapan"
    },
    {
      "id": "azcapotzalco",
      "name": "Azcapotzalco"
    },
    {
      "id": "azteca",
      "name": "Azteca"
    },
    {
      "id": "badiraguato",
      "name": "Badiraguato"
    },
    {
      "id": "bahia-de-kino",
      "name": "Bahia de Kino"
    },
    {
      "id": "baja-california",
      "name": "Baja California"
    },
    {
      "id": "balancan-de-dominguez",
      "name": "Balancan de Dominguez"
    },
    {
      "id": "bamoa",
      "name": "Bamoa"
    },
    {
      "id": "banderas-del-aguila",
      "name": "Banderas del Aguila"
    },
    {
      "id": "banderilla",
      "name": "Banderilla"
    },
    {
      "id": "barra-de-navidad",
      "name": "Barra de Navidad"
    },
    {
      "id": "barranca-de-santa-clara",
      "name": "Barranca de Santa Clara"
    },
    {
      "id": "barrio-de-mexico",
      "name": "Barrio de Mexico"
    },
    {
      "id": "benito-juarez",
      "name": "Benito Juarez"
    },
    {
      "id": "benito-juarez-santa-elena",
      "name": "Benito Juarez (Santa Elena)"
    },
    {
      "id": "berriozabal",
      "name": "Berriozabal"
    },
    {
      "id": "boca-del-rio",
      "name": "Boca del Rio"
    },
    {
      "id": "brisas-barra-de-suchiate",
      "name": "Brisas Barra de Suchiate"
    },
    {
      "id": "bucerias",
      "name": "Bucerias"
    },
    {
      "id": "cabo-san-lucas",
      "name": "Cabo San Lucas"
    },
    {
      "id": "cabos",
      "name": "Cabos"
    },
    {
      "id": "cadereyta",
      "name": "Cadereyta"
    },
    {
      "id": "cadereyta-de-montes",
      "name": "Cadereyta de Montes"
    },
    {
      "id": "cadereyta-jimenez",
      "name": "Cadereyta Jimenez"
    },
    {
      "id": "cajeme",
      "name": "Cajeme"
    },
    {
      "id": "cajititlan",
      "name": "Cajititlan"
    },
    {
      "id": "camargo",
      "name": "Camargo"
    },
    {
      "id": "campeche",
      "name": "Campeche"
    },
    {
      "id": "campestre-tarimbaro",
      "name": "Campestre Tarimbaro"
    },
    {
      "id": "cananea",
      "name": "Cananea"
    },
    {
      "id": "canatlan",
      "name": "Canatlan"
    },
    {
      "id": "candelaria",
      "name": "Candelaria"
    },
    {
      "id": "cardenas",
      "name": "Cardenas"
    },
    {
      "id": "cardonal",
      "name": "Cardonal"
    },
    {
      "id": "catemaco",
      "name": "Catemaco"
    },
    {
      "id": "cazones-de-herrera",
      "name": "Cazones de Herrera"
    },
    {
      "id": "celaya",
      "name": "Celaya"
    },
    {
      "id": "centro",
      "name": "Centro"
    },
    {
      "id": "cerritos",
      "name": "Cerritos"
    },
    {
      "id": "chalco-de-diaz-covarrubias",
      "name": "Chalco de Diaz Covarrubias"
    },
    {
      "id": "chapala",
      "name": "Chapala"
    },
    {
      "id": "chetumal",
      "name": "Chetumal"
    },
    {
      "id": "chiapa-de-corzo",
      "name": "Chiapa de Corzo"
    },
    {
      "id": "chiapas",
      "name": "Chiapas"
    },
    {
      "id": "chiautempan",
      "name": "Chiautempan"
    },
    {
      "id": "chiautla",
      "name": "Chiautla"
    },
    {
      "id": "chicago",
      "name": "Chicago"
    },
    {
      "id": "chiconcuac",
      "name": "Chiconcuac"
    },
    {
      "id": "chignahuapan",
      "name": "Chignahuapan"
    },
    {
      "id": "chihuahua",
      "name": "Chihuahua"
    },
    {
      "id": "chilpancingo",
      "name": "Chilpancingo"
    },
    {
      "id": "cholula",
      "name": "Cholula"
    },
    {
      "id": "ciudad-ayala",
      "name": "Ciudad Ayala"
    },
    {
      "id": "ciudad-constitucion",
      "name": "Ciudad Constitucion"
    },
    {
      "id": "ciudad-de-huajuapam-de-leon",
      "name": "Ciudad de Huajuapam de Leon"
    },
    {
      "id": "ciudad-de-villa-de-alvarez",
      "name": "Ciudad de Villa de Alvarez"
    },
    {
      "id": "ciudad-del-carmen",
      "name": "Ciudad del Carmen"
    },
    {
      "id": "ciudad-hidalgo",
      "name": "Ciudad Hidalgo"
    },
    {
      "id": "ciudad-lopez-mateos",
      "name": "Ciudad Lopez Mateos"
    },
    {
      "id": "ciudad-madero",
      "name": "Ciudad Madero"
    },
    {
      "id": "ciudad-mendoza",
      "name": "Ciudad Mendoza"
    },
    {
      "id": "ciudad-nezahualcoyotl",
      "name": "Ciudad Nezahualcoyotl"
    },
    {
      "id": "ciudad-sabinas",
      "name": "Ciudad Sabinas"
    },
    {
      "id": "ciudad-sahagun",
      "name": "Ciudad Sahagun"
    },
    {
      "id": "ciudad-valles",
      "name": "Ciudad Valles"
    },
    {
      "id": "ciudad-victoria",
      "name": "Ciudad Victoria"
    },
    {
      "id": "coacalco",
      "name": "Coacalco"
    },
    {
      "id": "coahuila",
      "name": "Coahuila"
    },
    {
      "id": "coatepec",
      "name": "Coatepec"
    },
    {
      "id": "coatzacoalcos",
      "name": "Coatzacoalcos"
    },
    {
      "id": "coatzintla",
      "name": "Coatzintla"
    },
    {
      "id": "cocoyoc",
      "name": "Cocoyoc"
    },
    {
      "id": "cocula",
      "name": "Cocula"
    },
    {
      "id": "colima",
      "name": "Colima"
    },
    {
      "id": "colimas",
      "name": "Colimas"
    },
    {
      "id": "colon",
      "name": "Colon"
    },
    {
      "id": "colonia",
      "name": "Colonia"
    },
    {
      "id": "colonia-benito-juarez",
      "name": "Colonia Benito Juarez"
    },
    {
      "id": "colonia-cuauhtemoc",
      "name": "Colonia Cuauhtemoc"
    },
    {
      "id": "colonia-de-venado",
      "name": "Colonia de Venado"
    },
    {
      "id": "colonia-emiliano-zapata-ejido-santiago-temoaya",
      "name": "Colonia Emiliano Zapata (Ejido Santiago Temoaya)"
    },
    {
      "id": "colonia-guerrero-los-guajes",
      "name": "Colonia Guerrero (Los Guajes)"
    },
    {
      "id": "colonia-hidalgo",
      "name": "Colonia Hidalgo"
    },
    {
      "id": "colonia-la-presa-ejido-de-chapultepec",
      "name": "Colonia la Presa (Ejido de Chapultepec)"
    },
    {
      "id": "colonia-lopez-nelio-las-palmas",
      "name": "Colonia Lopez Nelio (Las Palmas)"
    },
    {
      "id": "colonia-madero-madero",
      "name": "Colonia Madero (Madero)"
    },
    {
      "id": "colonia-mexico",
      "name": "Colonia Mexico"
    },
    {
      "id": "colonia-miguel-aleman-valdez",
      "name": "Colonia Miguel Aleman Valdez"
    },
    {
      "id": "colonia-veracruz",
      "name": "Colonia Veracruz"
    },
    {
      "id": "comalcalco",
      "name": "Comalcalco"
    },
    {
      "id": "compostela",
      "name": "Compostela"
    },
    {
      "id": "corregidora",
      "name": "Corregidora"
    },
    {
      "id": "cortazar",
      "name": "Cortazar"
    },
    {
      "id": "cosamaloapan-de-carpio",
      "name": "Cosamaloapan de Carpio"
    },
    {
      "id": "cosoleacaque",
      "name": "Cosoleacaque"
    },
    {
      "id": "coyoacan",
      "name": "Coyoacan"
    },
    {
      "id": "coyuca-de-catalan",
      "name": "Coyuca de Catalan"
    },
    {
      "id": "cuajimalpa",
      "name": "Cuajimalpa"
    },
    {
      "id": "cuarta-brigada",
      "name": "Cuarta Brigada"
    },
    {
      "id": "cuauhtemoc",
      "name": "Cuauhtemoc"
    },
    {
      "id": "cuautepec",
      "name": "Cuautepec"
    },
    {
      "id": "cuautepec-de-hinojosa",
      "name": "Cuautepec de Hinojosa"
    },
    {
      "id": "cuautitlan",
      "name": "Cuautitlan"
    },
    {
      "id": "cuautla",
      "name": "Cuautla"
    },
    {
      "id": "cuautlancingo",
      "name": "Cuautlancingo"
    },
    {
      "id": "cuernavaca",
      "name": "Cuernavaca"
    },
    {
      "id": "cuitlahuac",
      "name": "Cuitlahuac"
    },
    {
      "id": "cunduacan",
      "name": "Cunduacan"
    },
    {
      "id": "cutzamala-de-pinzon",
      "name": "Cutzamala de Pinzon"
    },
    {
      "id": "cuyoaco",
      "name": "Cuyoaco"
    },
    {
      "id": "dolores-hidalgo-cuna-de-la-independencia-nacional",
      "name": "Dolores Hidalgo Cuna de la Independencia Nacional"
    },
    {
      "id": "durango",
      "name": "Durango"
    },
    {
      "id": "ecatepec-de-morelos",
      "name": "Ecatepec de Morelos"
    },
    {
      "id": "ejido-de-otumba-loma-bonita",
      "name": "Ejido de Otumba (Loma Bonita)"
    },
    {
      "id": "ejido-distrito-federal",
      "name": "Ejido Distrito Federal"
    },
    {
      "id": "ejido-santa-maria-tianguistenco-ejido-el-rosario",
      "name": "Ejido Santa Maria Tianguistenco (Ejido el Rosario)"
    },
    {
      "id": "el-alto-culiacan",
      "name": "El Alto Culiacan"
    },
    {
      "id": "el-carmen",
      "name": "El Carmen"
    },
    {
      "id": "el-colli",
      "name": "El Colli"
    },
    {
      "id": "el-fuerte-de-montes-claros",
      "name": "El Fuerte de Montes Claros"
    },
    {
      "id": "el-grullo",
      "name": "El Grullo"
    },
    {
      "id": "el-leon",
      "name": "El Leon"
    },
    {
      "id": "el-mirador",
      "name": "El Mirador"
    },
    {
      "id": "el-ocotito",
      "name": "El Ocotito"
    },
    {
      "id": "el-parque",
      "name": "El Parque"
    },
    {
      "id": "el-potrero",
      "name": "El Potrero"
    },
    {
      "id": "el-rio",
      "name": "El Rio"
    },
    {
      "id": "el-sabinal-san-pedro",
      "name": "El Sabinal (San Pedro)"
    },
    {
      "id": "el-salto",
      "name": "El Salto"
    },
    {
      "id": "el-sauz",
      "name": "El Sauz"
    },
    {
      "id": "el-tecuan",
      "name": "El Tecuan"
    },
    {
      "id": "el-torreon",
      "name": "El Torreon"
    },
    {
      "id": "emiliano-zapata",
      "name": "Emiliano Zapata"
    },
    {
      "id": "empalme",
      "name": "Empalme"
    },
    {
      "id": "ensenada",
      "name": "Ensenada"
    },
    {
      "id": "epazoyucan",
      "name": "Epazoyucan"
    },
    {
      "id": "erongaricuaro",
      "name": "Erongaricuaro"
    },
    {
      "id": "escobedo",
      "name": "Escobedo"
    },
    {
      "id": "escondida-de-lo-verde",
      "name": "Escondida de lo Verde"
    },
    {
      "id": "escuinapa-de-hidalgo",
      "name": "Escuinapa de Hidalgo"
    },
    {
      "id": "escuintla",
      "name": "Escuintla"
    },
    {
      "id": "estado-de-mexico",
      "name": "Estado de Mexico"
    },
    {
      "id": "estados-unidos",
      "name": "Estados Unidos"
    },
    {
      "id": "ex-hacienda-pantitlan",
      "name": "Ex-Hacienda Pantitlan"
    },
    {
      "id": "ezequiel-montes",
      "name": "Ezequiel Montes"
    },
    {
      "id": "florida",
      "name": "Florida"
    },
    {
      "id": "fortin-de-las-flores",
      "name": "Fortin de las Flores"
    },
    {
      "id": "fraccionamiento-iberica-calimaya",
      "name": "Fraccionamiento Iberica Calimaya"
    },
    {
      "id": "francisco-castellanos",
      "name": "Francisco Castellanos"
    },
    {
      "id": "francisco-i-madero",
      "name": "Francisco I. Madero"
    },
    {
      "id": "fresnillo",
      "name": "Fresnillo"
    },
    {
      "id": "frontera",
      "name": "Frontera"
    },
    {
      "id": "garcia",
      "name": "Garcia"
    },
    {
      "id": "garza-garcia",
      "name": "Garza Garcia"
    },
    {
      "id": "general-escobedo",
      "name": "General Escobedo"
    },
    {
      "id": "general-teran",
      "name": "General Teran"
    },
    {
      "id": "gomez-palacio",
      "name": "Gomez Palacio"
    },
    {
      "id": "graciano-sanchez",
      "name": "Graciano Sanchez"
    },
    {
      "id": "granjas",
      "name": "Granjas"
    },
    {
      "id": "guadalajara",
      "name": "Guadalajara"
    },
    {
      "id": "guadalupe",
      "name": "Guadalupe"
    },
    {
      "id": "guadalupe-victoria",
      "name": "Guadalupe Victoria"
    },
    {
      "id": "guadalupito",
      "name": "Guadalupito"
    },
    {
      "id": "guamuchil",
      "name": "Guamuchil"
    },
    {
      "id": "guanajuato",
      "name": "Guanajuato"
    },
    {
      "id": "guasave",
      "name": "Guasave"
    },
    {
      "id": "guaymas",
      "name": "Guaymas"
    },
    {
      "id": "gueramaro",
      "name": "Gueramaro"
    },
    {
      "id": "gustavo-a-madero-borough",
      "name": "Gustavo A. Madero Borough"
    },
    {
      "id": "gutierrez-zamora",
      "name": "Gutierrez Zamora"
    },
    {
      "id": "hermosillo",
      "name": "Hermosillo"
    },
    {
      "id": "heroica-alvarado",
      "name": "Heroica Alvarado"
    },
    {
      "id": "heroica-caborca",
      "name": "Heroica Caborca"
    },
    {
      "id": "heroica-coscomatepec-de-bravo",
      "name": "Heroica Coscomatepec de Bravo"
    },
    {
      "id": "heroica-matamoros",
      "name": "Heroica Matamoros"
    },
    {
      "id": "heroica-zitacuaro",
      "name": "Heroica Zitacuaro"
    },
    {
      "id": "huandacareo",
      "name": "Huandacareo"
    },
    {
      "id": "huanimaro",
      "name": "Huanimaro"
    },
    {
      "id": "huatabampo",
      "name": "Huatabampo"
    },
    {
      "id": "huauchinango",
      "name": "Huauchinango"
    },
    {
      "id": "huehuetoca",
      "name": "Huehuetoca"
    },
    {
      "id": "huejotzingo",
      "name": "Huejotzingo"
    },
    {
      "id": "huejucar",
      "name": "Huejucar"
    },
    {
      "id": "huichapan",
      "name": "Huichapan"
    },
    {
      "id": "huimanguillo",
      "name": "Huimanguillo"
    },
    {
      "id": "huimilpan",
      "name": "Huimilpan"
    },
    {
      "id": "huixquilucan",
      "name": "Huixquilucan"
    },
    {
      "id": "huixtla",
      "name": "Huixtla"
    },
    {
      "id": "hunucma",
      "name": "Hunucma"
    },
    {
      "id": "iglesia-vieja",
      "name": "Iglesia Vieja"
    },
    {
      "id": "ignacio-allende",
      "name": "Ignacio Allende"
    },
    {
      "id": "iguala-de-la-independencia",
      "name": "Iguala de la Independencia"
    },
    {
      "id": "insurgentes",
      "name": "Insurgentes"
    },
    {
      "id": "irapuato",
      "name": "Irapuato"
    },
    {
      "id": "isla-holbox",
      "name": "Isla Holbox"
    },
    {
      "id": "isla-mujeres",
      "name": "Isla Mujeres"
    },
    {
      "id": "ixmiquilpan",
      "name": "Ixmiquilpan"
    },
    {
      "id": "ixtapa",
      "name": "Ixtapa"
    },
    {
      "id": "ixtapa-zihuatanejo",
      "name": "Ixtapa-Zihuatanejo"
    },
    {
      "id": "ixtapaluca",
      "name": "Ixtapaluca"
    },
    {
      "id": "ixtapan-de-la-sal",
      "name": "Ixtapan de la Sal"
    },
    {
      "id": "ixtlahuaca-de-villada",
      "name": "Ixtlahuaca de Villada"
    },
    {
      "id": "ixtlahuacan-del-rio",
      "name": "Ixtlahuacan del Rio"
    },
    {
      "id": "ixtlan-del-rio",
      "name": "Ixtlan del Rio"
    },
    {
      "id": "izamal",
      "name": "Izamal"
    },
    {
      "id": "iztacalco",
      "name": "Iztacalco"
    },
    {
      "id": "iztapalapa",
      "name": "Iztapalapa"
    },
    {
      "id": "izucar-de-matamoros",
      "name": "Izucar de Matamoros"
    },
    {
      "id": "jacobo",
      "name": "Jacobo"
    },
    {
      "id": "jacona-de-plancarte",
      "name": "Jacona de Plancarte"
    },
    {
      "id": "jala",
      "name": "Jala"
    },
    {
      "id": "jalapa",
      "name": "Jalapa"
    },
    {
      "id": "jalisco",
      "name": "Jalisco"
    },
    {
      "id": "jalostotitlan",
      "name": "Jalostotitlan"
    },
    {
      "id": "jalpa",
      "name": "Jalpa"
    },
    {
      "id": "jaltipan-de-morelos",
      "name": "Jaltipan de Morelos"
    },
    {
      "id": "jalupa",
      "name": "Jalupa"
    },
    {
      "id": "jaumave",
      "name": "Jaumave"
    },
    {
      "id": "jerez-de-garcia-salinas",
      "name": "Jerez de Garcia Salinas"
    },
    {
      "id": "jesus-carranza",
      "name": "Jesus Carranza"
    },
    {
      "id": "jesus-del-monte",
      "name": "Jesus del Monte"
    },
    {
      "id": "jesus-maria",
      "name": "Jesus Maria"
    },
    {
      "id": "jilotepec",
      "name": "Jilotepec"
    },
    {
      "id": "jimenez",
      "name": "Jimenez"
    },
    {
      "id": "jiquilpan-de-juarez",
      "name": "Jiquilpan de Juarez"
    },
    {
      "id": "jiquipilco",
      "name": "Jiquipilco"
    },
    {
      "id": "jiutepec",
      "name": "Jiutepec"
    },
    {
      "id": "jocotepec",
      "name": "Jocotepec"
    },
    {
      "id": "jocotitlan",
      "name": "Jocotitlan"
    },
    {
      "id": "jojutla",
      "name": "Jojutla"
    },
    {
      "id": "jonacatepec-de-leandro-valle",
      "name": "Jonacatepec de Leandro Valle"
    },
    {
      "id": "jose-cardel",
      "name": "Jose Cardel"
    },
    {
      "id": "juan",
      "name": "Juan"
    },
    {
      "id": "juarez",
      "name": "Juarez"
    },
    {
      "id": "kanasin",
      "name": "Kanasin"
    },
    {
      "id": "kilometro-32-texcoco-lecheria",
      "name": "Kilometro 32 Texcoco Lecheria"
    },
    {
      "id": "la-barca",
      "name": "La Barca"
    },
    {
      "id": "la-canada",
      "name": "La Canada"
    },
    {
      "id": "la-ciudad",
      "name": "La Ciudad"
    },
    {
      "id": "la-cruz",
      "name": "La Cruz"
    },
    {
      "id": "la-florida",
      "name": "La Florida"
    },
    {
      "id": "la-habana",
      "name": "La Habana"
    },
    {
      "id": "la-herradura",
      "name": "La Herradura"
    },
    {
      "id": "la-isla",
      "name": "La Isla"
    },
    {
      "id": "la-joya",
      "name": "La Joya"
    },
    {
      "id": "la-moncada",
      "name": "La Moncada"
    },
    {
      "id": "la-paletena",
      "name": "La Paletena"
    },
    {
      "id": "la-paz",
      "name": "La Paz"
    },
    {
      "id": "la-piedad",
      "name": "La Piedad"
    },
    {
      "id": "la-pista-de-tizayuca",
      "name": "La Pista de Tizayuca"
    },
    {
      "id": "la-reforma",
      "name": "La Reforma"
    },
    {
      "id": "la-tapachula",
      "name": "La Tapachula"
    },
    {
      "id": "la-union",
      "name": "La Union"
    },
    {
      "id": "la-victoria",
      "name": "La Victoria"
    },
    {
      "id": "lagos-de-moreno",
      "name": "Lagos de Moreno"
    },
    {
      "id": "laredo",
      "name": "Laredo"
    },
    {
      "id": "las-americas",
      "name": "Las Americas"
    },
    {
      "id": "las-cabanas-colinas-de-los-angeles",
      "name": "Las Cabanas (Colinas de los Angeles)"
    },
    {
      "id": "las-canoras-altiva",
      "name": "Las Canoras (Altiva)"
    },
    {
      "id": "las-choapas",
      "name": "Las Choapas"
    },
    {
      "id": "las-delicias",
      "name": "Las Delicias"
    },
    {
      "id": "leon",
      "name": "Leon"
    },
    {
      "id": "lerdo",
      "name": "Lerdo"
    },
    {
      "id": "lerma",
      "name": "Lerma"
    },
    {
      "id": "leyva-solano",
      "name": "Leyva Solano"
    },
    {
      "id": "libramiento-leon-salamanca",
      "name": "Libramiento Leon-Salamanca"
    },
    {
      "id": "libres",
      "name": "Libres"
    },
    {
      "id": "linares",
      "name": "Linares"
    },
    {
      "id": "loma-de-los-cavazos-maria-de-la-luz",
      "name": "Loma de los Cavazos (Maria de la Luz)"
    },
    {
      "id": "loreto",
      "name": "Loreto"
    },
    {
      "id": "los-garzas",
      "name": "Los Garzas"
    },
    {
      "id": "los-mochis",
      "name": "Los Mochis"
    },
    {
      "id": "los-reyes",
      "name": "Los Reyes"
    },
    {
      "id": "los-reyes-de-salgado",
      "name": "Los Reyes de Salgado"
    },
    {
      "id": "los-sabinos",
      "name": "Los Sabinos"
    },
    {
      "id": "luvianos",
      "name": "Luvianos"
    },
    {
      "id": "macuspana",
      "name": "Macuspana"
    },
    {
      "id": "madero",
      "name": "Madero"
    },
    {
      "id": "magdalena-de-kino",
      "name": "Magdalena de Kino"
    },
    {
      "id": "magdalena-petlacalco",
      "name": "Magdalena Petlacalco"
    },
    {
      "id": "magiscatzin",
      "name": "Magiscatzin"
    },
    {
      "id": "malinalco",
      "name": "Malinalco"
    },
    {
      "id": "manuel-avila-camacho",
      "name": "Manuel Avila Camacho"
    },
    {
      "id": "manzanillo",
      "name": "Manzanillo"
    },
    {
      "id": "mariano-matamoros",
      "name": "Mariano Matamoros"
    },
    {
      "id": "marquelia",
      "name": "Marquelia"
    },
    {
      "id": "martinez-de-la-torre",
      "name": "Martinez de la Torre"
    },
    {
      "id": "mazatecochco",
      "name": "Mazatecochco"
    },
    {
      "id": "mazatepec",
      "name": "Mazatepec"
    },
    {
      "id": "mazatlan",
      "name": "Mazatlan"
    },
    {
      "id": "medellin-de-bravo",
      "name": "Medellin de Bravo"
    },
    {
      "id": "melchor",
      "name": "Melchor"
    },
    {
      "id": "melchor-muzquiz",
      "name": "Melchor Muzquiz"
    },
    {
      "id": "mendoza",
      "name": "Mendoza"
    },
    {
      "id": "mexicali",
      "name": "Mexicali"
    },
    {
      "id": "mexico-city",
      "name": "Mexico City"
    },
    {
      "id": "mextepec",
      "name": "Mextepec"
    },
    {
      "id": "mier",
      "name": "Mier"
    },
    {
      "id": "miguel-aleman",
      "name": "Miguel Aleman"
    },
    {
      "id": "miguel-hidalgo",
      "name": "Miguel Hidalgo"
    },
    {
      "id": "mina-mexico",
      "name": "Mina Mexico"
    },
    {
      "id": "mineral",
      "name": "Mineral"
    },
    {
      "id": "mineral-de-la-reforma",
      "name": "Mineral de la Reforma"
    },
    {
      "id": "mineral-del-chico",
      "name": "Mineral del Chico"
    },
    {
      "id": "mineral-del-monte",
      "name": "Mineral del Monte"
    },
    {
      "id": "mixquiahuala-de-juarez",
      "name": "Mixquiahuala de Juarez"
    },
    {
      "id": "moctezuma",
      "name": "Moctezuma"
    },
    {
      "id": "monclova",
      "name": "Monclova"
    },
    {
      "id": "monte-leon",
      "name": "Monte Leon"
    },
    {
      "id": "montemorelos",
      "name": "Montemorelos"
    },
    {
      "id": "monterrey",
      "name": "Monterrey"
    },
    {
      "id": "morelia",
      "name": "Morelia"
    },
    {
      "id": "morelos",
      "name": "Morelos"
    },
    {
      "id": "moroleon",
      "name": "Moroleon"
    },
    {
      "id": "motozintla-de-mendoza",
      "name": "Motozintla de Mendoza"
    },
    {
      "id": "muna",
      "name": "Muna"
    },
    {
      "id": "nacozari-viejo",
      "name": "Nacozari Viejo"
    },
    {
      "id": "naucalpan",
      "name": "Naucalpan"
    },
    {
      "id": "navojoa",
      "name": "Navojoa"
    },
    {
      "id": "navolato",
      "name": "Navolato"
    },
    {
      "id": "netzahualcoyotl",
      "name": "Netzahualcoyotl"
    },
    {
      "id": "nextlalpan",
      "name": "Nextlalpan"
    },
    {
      "id": "nicolas-romero",
      "name": "Nicolas Romero"
    },
    {
      "id": "nogales",
      "name": "Nogales"
    },
    {
      "id": "noxtepec-de-zaragoza-el-aguacate",
      "name": "Noxtepec de Zaragoza (El Aguacate)"
    },
    {
      "id": "nueva-italia-de-ruiz",
      "name": "Nueva Italia de Ruiz"
    },
    {
      "id": "nuevo-casas-grandes",
      "name": "Nuevo Casas Grandes"
    },
    {
      "id": "nuevo-coahuila",
      "name": "Nuevo Coahuila"
    },
    {
      "id": "nuevo-ideal",
      "name": "Nuevo Ideal"
    },
    {
      "id": "nuevo-laredo",
      "name": "Nuevo Laredo"
    },
    {
      "id": "nuevo-leon",
      "name": "Nuevo Leon"
    },
    {
      "id": "oaxaca",
      "name": "Oaxaca"
    },
    {
      "id": "oaxtepec",
      "name": "Oaxtepec"
    },
    {
      "id": "ocotlan",
      "name": "Ocotlan"
    },
    {
      "id": "ocoyoacac",
      "name": "Ocoyoacac"
    },
    {
      "id": "ocozocoautla-de-espinosa",
      "name": "Ocozocoautla de Espinosa"
    },
    {
      "id": "ojinaga",
      "name": "Ojinaga"
    },
    {
      "id": "ojo-de-agua",
      "name": "Ojo de Agua"
    },
    {
      "id": "ojuelos-de-jalisco",
      "name": "Ojuelos de Jalisco"
    },
    {
      "id": "orizaba",
      "name": "Orizaba"
    },
    {
      "id": "oxkutzkab",
      "name": "Oxkutzkab"
    },
    {
      "id": "pabellon",
      "name": "Pabellon"
    },
    {
      "id": "pabellon-de-arteaga",
      "name": "Pabellon de Arteaga"
    },
    {
      "id": "pachuca",
      "name": "Pachuca"
    },
    {
      "id": "pachuca-de-soto",
      "name": "Pachuca de Soto"
    },
    {
      "id": "panotla",
      "name": "Panotla"
    },
    {
      "id": "pantanal",
      "name": "Pantanal"
    },
    {
      "id": "paraiso",
      "name": "Paraiso"
    },
    {
      "id": "paraje-nuevo",
      "name": "Paraje Nuevo"
    },
    {
      "id": "parral",
      "name": "Parral"
    },
    {
      "id": "paseos-de-tecamac",
      "name": "Paseos de Tecamac"
    },
    {
      "id": "paso-real",
      "name": "Paso Real"
    },
    {
      "id": "pastor-ortiz",
      "name": "Pastor Ortiz"
    },
    {
      "id": "patzcuaro",
      "name": "Patzcuaro"
    },
    {
      "id": "pedregal-de-jerico",
      "name": "Pedregal de Jerico"
    },
    {
      "id": "pedro-escobedo",
      "name": "Pedro Escobedo"
    },
    {
      "id": "pedro-meoqui",
      "name": "Pedro Meoqui"
    },
    {
      "id": "pericos",
      "name": "Pericos"
    },
    {
      "id": "perote",
      "name": "Perote"
    },
    {
      "id": "pesqueria",
      "name": "Pesqueria"
    },
    {
      "id": "petaquillas",
      "name": "Petaquillas"
    },
    {
      "id": "petatlan",
      "name": "Petatlan"
    },
    {
      "id": "pichucalco",
      "name": "Pichucalco"
    },
    {
      "id": "piedras-negras",
      "name": "Piedras Negras"
    },
    {
      "id": "playa-del-carmen",
      "name": "Playa del Carmen"
    },
    {
      "id": "polanco",
      "name": "Polanco"
    },
    {
      "id": "poncitlan",
      "name": "Poncitlan"
    },
    {
      "id": "poza-rica-chacas",
      "name": "Poza Rica Chacas"
    },
    {
      "id": "poza-rica-de-hidalgo",
      "name": "Poza Rica de Hidalgo"
    },
    {
      "id": "primero-de-mayo",
      "name": "Primero de Mayo"
    },
    {
      "id": "progreso",
      "name": "Progreso"
    },
    {
      "id": "prolongacion-avenida-mexico-norte",
      "name": "Prolongacion Avenida Mexico Norte"
    },
    {
      "id": "puebla",
      "name": "Puebla"
    },
    {
      "id": "pueblo-hidalgo",
      "name": "Pueblo Hidalgo"
    },
    {
      "id": "pueblo-juarez-la-magdalena",
      "name": "Pueblo Juarez (La Magdalena)"
    },
    {
      "id": "pueblo-viejo",
      "name": "Pueblo Viejo"
    },
    {
      "id": "pueblo-yaqui",
      "name": "Pueblo Yaqui"
    },
    {
      "id": "puente-de-ixtla",
      "name": "Puente de Ixtla"
    },
    {
      "id": "puente-grande",
      "name": "Puente Grande"
    },
    {
      "id": "puerto-escondido",
      "name": "Puerto Escondido"
    },
    {
      "id": "puerto-mexico",
      "name": "Puerto Mexico"
    },
    {
      "id": "puerto-morelos",
      "name": "Puerto Morelos"
    },
    {
      "id": "puerto-vallarta",
      "name": "Puerto Vallarta"
    },
    {
      "id": "purisima-de-bustos",
      "name": "Purisima de Bustos"
    },
    {
      "id": "purisima-del-zapote",
      "name": "Purisima del Zapote"
    },
    {
      "id": "puruandiro",
      "name": "Puruandiro"
    },
    {
      "id": "queseria",
      "name": "Queseria"
    },
    {
      "id": "quintana-roo",
      "name": "Quintana Roo"
    },
    {
      "id": "quiroga",
      "name": "Quiroga"
    },
    {
      "id": "ramos-arizpe",
      "name": "Ramos Arizpe"
    },
    {
      "id": "rancho-xalnene",
      "name": "Rancho Xalnene"
    },
    {
      "id": "rayon",
      "name": "Rayon"
    },
    {
      "id": "reforma-madrigal-2da-seccion",
      "name": "Reforma (Madrigal 2da. Seccion)"
    },
    {
      "id": "refractarios-guadalajara",
      "name": "Refractarios Guadalajara"
    },
    {
      "id": "reyes-de-vallarta",
      "name": "Reyes de Vallarta"
    },
    {
      "id": "reynosa",
      "name": "Reynosa"
    },
    {
      "id": "rincon-de-tamayo",
      "name": "Rincon de Tamayo"
    },
    {
      "id": "rio-blanco",
      "name": "Rio Blanco"
    },
    {
      "id": "rio-bravo",
      "name": "Rio Bravo"
    },
    {
      "id": "roma",
      "name": "Roma"
    },
    {
      "id": "rosarito",
      "name": "Rosarito"
    },
    {
      "id": "sahuayo-de-morelos",
      "name": "Sahuayo de Morelos"
    },
    {
      "id": "salamanca",
      "name": "Salamanca"
    },
    {
      "id": "salina-cruz",
      "name": "Salina Cruz"
    },
    {
      "id": "salinas-de-hidalgo",
      "name": "Salinas de Hidalgo"
    },
    {
      "id": "saltillo",
      "name": "Saltillo"
    },
    {
      "id": "salvatierra",
      "name": "Salvatierra"
    },
    {
      "id": "san-agustin",
      "name": "San Agustin"
    },
    {
      "id": "san-agustin-salvador-alvarado",
      "name": "San Agustin (Salvador Alvarado)"
    },
    {
      "id": "san-agustin-altamirano",
      "name": "San Agustin Altamirano"
    },
    {
      "id": "san-agustin-tlaxiaca",
      "name": "San Agustin Tlaxiaca"
    },
    {
      "id": "san-andres-cholula",
      "name": "San Andres Cholula"
    },
    {
      "id": "san-andres-tuxtla",
      "name": "San Andres Tuxtla"
    },
    {
      "id": "san-angel-inn",
      "name": "San Angel Inn"
    },
    {
      "id": "san-antonio",
      "name": "San Antonio"
    },
    {
      "id": "san-antonio-la-isla",
      "name": "San Antonio la Isla"
    },
    {
      "id": "san-antonio-virreyes",
      "name": "San Antonio Virreyes"
    },
    {
      "id": "san-bernardo",
      "name": "San Bernardo"
    },
    {
      "id": "san-cristobal",
      "name": "San Cristobal"
    },
    {
      "id": "san-felipe",
      "name": "San Felipe"
    },
    {
      "id": "san-felipe-torres-mochas-ganaderia",
      "name": "San Felipe Torres Mochas [Ganaderia]"
    },
    {
      "id": "san-fernando",
      "name": "San Fernando"
    },
    {
      "id": "san-francisco",
      "name": "San Francisco"
    },
    {
      "id": "san-francisco-javier",
      "name": "San Francisco Javier"
    },
    {
      "id": "san-gabriel",
      "name": "San Gabriel"
    },
    {
      "id": "san-jeronimo-de-juarez",
      "name": "San Jeronimo de Juarez"
    },
    {
      "id": "san-jose-del-valle",
      "name": "San Jose del Valle"
    },
    {
      "id": "san-jose-iturbide",
      "name": "San Jose Iturbide"
    },
    {
      "id": "san-juan",
      "name": "San Juan"
    },
    {
      "id": "san-juan-bautista-tuxtla",
      "name": "San Juan Bautista Tuxtla"
    },
    {
      "id": "san-juan-de-aragon",
      "name": "San Juan de Aragon"
    },
    {
      "id": "san-juan-del-rio",
      "name": "San Juan del Rio"
    },
    {
      "id": "san-luis",
      "name": "San Luis"
    },
    {
      "id": "san-luis-de-la-paz",
      "name": "San Luis de la Paz"
    },
    {
      "id": "san-luis-soyatlan",
      "name": "San Luis Soyatlan"
    },
    {
      "id": "san-martin-de-camargo",
      "name": "San Martin de Camargo"
    },
    {
      "id": "san-martin-duraznos",
      "name": "San Martin Duraznos"
    },
    {
      "id": "san-martin-hidalgo",
      "name": "San Martin Hidalgo"
    },
    {
      "id": "san-martin-notario",
      "name": "San Martin Notario"
    },
    {
      "id": "san-martin-texmelucan-de-labastida",
      "name": "San Martin Texmelucan de Labastida"
    },
    {
      "id": "san-mateo",
      "name": "San Mateo"
    },
    {
      "id": "san-mateo-atenco",
      "name": "San Mateo Atenco"
    },
    {
      "id": "san-mateo-mexicaltzingo",
      "name": "San Mateo Mexicaltzingo"
    },
    {
      "id": "san-miguel",
      "name": "San Miguel"
    },
    {
      "id": "san-miguel-balderas",
      "name": "San Miguel Balderas"
    },
    {
      "id": "san-miguel-de-allende",
      "name": "San Miguel de Allende"
    },
    {
      "id": "san-miguel-de-atotonilco",
      "name": "San Miguel de Atotonilco"
    },
    {
      "id": "san-miguel-de-cozumel",
      "name": "San Miguel de Cozumel"
    },
    {
      "id": "san-miguel-de-papasquiaro",
      "name": "San Miguel de Papasquiaro"
    },
    {
      "id": "san-miguel-el-alto",
      "name": "San Miguel el Alto"
    },
    {
      "id": "san-miguel-el-alto-el-puerto",
      "name": "San Miguel el Alto (El Puerto)"
    },
    {
      "id": "san-miguel-zinacantepec",
      "name": "San Miguel Zinacantepec"
    },
    {
      "id": "san-nicolas",
      "name": "San Nicolas"
    },
    {
      "id": "san-nicolas-totolapan",
      "name": "San Nicolas Totolapan"
    },
    {
      "id": "san-pablo-hidalgo",
      "name": "San Pablo Hidalgo"
    },
    {
      "id": "san-patricio",
      "name": "San Patricio"
    },
    {
      "id": "san-pedro",
      "name": "San Pedro"
    },
    {
      "id": "san-pedro-cholula",
      "name": "San Pedro Cholula"
    },
    {
      "id": "san-pedro-de-las-colonias",
      "name": "San Pedro de Las Colonias"
    },
    {
      "id": "san-pedro-de-nolasco",
      "name": "San Pedro de Nolasco"
    },
    {
      "id": "san-pedro-piedra-gorda",
      "name": "San Pedro Piedra Gorda"
    },
    {
      "id": "san-pedro-pochutla",
      "name": "San Pedro Pochutla"
    },
    {
      "id": "san-rafael",
      "name": "San Rafael"
    },
    {
      "id": "san-salvador-atenco",
      "name": "San Salvador Atenco"
    },
    {
      "id": "san-salvador-huixcolotla",
      "name": "San Salvador Huixcolotla"
    },
    {
      "id": "san-salvador-tzompantepec",
      "name": "San Salvador Tzompantepec"
    },
    {
      "id": "san-sebastian-el-grande",
      "name": "San Sebastian el Grande"
    },
    {
      "id": "san-sebastian-tutla",
      "name": "San Sebastian Tutla"
    },
    {
      "id": "san-sebastian-xhala",
      "name": "San Sebastian Xhala"
    },
    {
      "id": "san-simon-de-guerrero",
      "name": "San Simon de Guerrero"
    },
    {
      "id": "san-vicente",
      "name": "San Vicente"
    },
    {
      "id": "san-vicente-chicoloapan",
      "name": "San Vicente Chicoloapan"
    },
    {
      "id": "santa-anita",
      "name": "Santa Anita"
    },
    {
      "id": "santa-apolonia",
      "name": "Santa Apolonia"
    },
    {
      "id": "santa-catalina",
      "name": "Santa Catalina"
    },
    {
      "id": "santa-catarina",
      "name": "Santa Catarina"
    },
    {
      "id": "santa-catarina-juquila",
      "name": "Santa Catarina Juquila"
    },
    {
      "id": "santa-fe",
      "name": "Santa Fe"
    },
    {
      "id": "santa-isabel-tlanepantla",
      "name": "Santa Isabel Tlanepantla"
    },
    {
      "id": "santa-lucia",
      "name": "Santa Lucia"
    },
    {
      "id": "santa-maria-chimalhuacan",
      "name": "Santa Maria Chimalhuacan"
    },
    {
      "id": "santiago",
      "name": "Santiago"
    },
    {
      "id": "santiago-de-queretaro",
      "name": "Santiago de Queretaro"
    },
    {
      "id": "santiago-ixcuintla",
      "name": "Santiago Ixcuintla"
    },
    {
      "id": "santiago-tianguistenco",
      "name": "Santiago Tianguistenco"
    },
    {
      "id": "satelite",
      "name": "Satelite"
    },
    {
      "id": "seccion-primera-santiago-tetla",
      "name": "Seccion Primera Santiago Tetla"
    },
    {
      "id": "selene",
      "name": "Selene"
    },
    {
      "id": "sierra-madre",
      "name": "Sierra Madre"
    },
    {
      "id": "silao",
      "name": "Silao"
    },
    {
      "id": "sinaloa-de-leyva",
      "name": "Sinaloa de Leyva"
    },
    {
      "id": "sombrerete",
      "name": "Sombrerete"
    },
    {
      "id": "sonora",
      "name": "Sonora"
    },
    {
      "id": "soto-la-marina",
      "name": "Soto la Marina"
    },
    {
      "id": "suchiapa",
      "name": "Suchiapa"
    },
    {
      "id": "tabasco",
      "name": "Tabasco"
    },
    {
      "id": "tablon-grande-bombas-de-apaxco",
      "name": "Tablon Grande (Bombas de Apaxco)"
    },
    {
      "id": "tacambaro-de-codallos",
      "name": "Tacambaro de Codallos"
    },
    {
      "id": "tacotalpa",
      "name": "Tacotalpa"
    },
    {
      "id": "tala",
      "name": "Tala"
    },
    {
      "id": "tamaulipas",
      "name": "Tamaulipas"
    },
    {
      "id": "tamazula-de-gordiano",
      "name": "Tamazula de Gordiano"
    },
    {
      "id": "tampico",
      "name": "Tampico"
    },
    {
      "id": "tampico-alto",
      "name": "Tampico Alto"
    },
    {
      "id": "tangancicuaro-de-arista",
      "name": "Tangancicuaro de Arista"
    },
    {
      "id": "tapachula",
      "name": "Tapachula"
    },
    {
      "id": "tapalpa",
      "name": "Tapalpa"
    },
    {
      "id": "taxco",
      "name": "Taxco"
    },
    {
      "id": "teapa",
      "name": "Teapa"
    },
    {
      "id": "tecalitlan",
      "name": "Tecalitlan"
    },
    {
      "id": "tecamachalco",
      "name": "Tecamachalco"
    },
    {
      "id": "tecate",
      "name": "Tecate"
    },
    {
      "id": "tecax",
      "name": "Tecax"
    },
    {
      "id": "tecoman",
      "name": "Tecoman"
    },
    {
      "id": "tecuala",
      "name": "Tecuala"
    },
    {
      "id": "tejupilco-de-hidalgo",
      "name": "Tejupilco de Hidalgo"
    },
    {
      "id": "tekoh",
      "name": "Tekoh"
    },
    {
      "id": "teloloapan",
      "name": "Teloloapan"
    },
    {
      "id": "temascalcingo",
      "name": "Temascalcingo"
    },
    {
      "id": "temascaltepec-de-gonzalez",
      "name": "Temascaltepec de Gonzalez"
    },
    {
      "id": "temixco",
      "name": "Temixco"
    },
    {
      "id": "tenamaxtlan",
      "name": "Tenamaxtlan"
    },
    {
      "id": "tenancingo-de-degollado",
      "name": "Tenancingo de Degollado"
    },
    {
      "id": "tenosique-de-pino-suarez",
      "name": "Tenosique de Pino Suarez"
    },
    {
      "id": "teoloyucan",
      "name": "Teoloyucan"
    },
    {
      "id": "teotihuacan-de-arista",
      "name": "Teotihuacan de Arista"
    },
    {
      "id": "tepalcatepec",
      "name": "Tepalcatepec"
    },
    {
      "id": "tepeaca",
      "name": "Tepeaca"
    },
    {
      "id": "tepeapulco",
      "name": "Tepeapulco"
    },
    {
      "id": "tepeji-de-ocampo",
      "name": "Tepeji de Ocampo"
    },
    {
      "id": "tepetlacolco",
      "name": "Tepetlacolco"
    },
    {
      "id": "tepetlapa",
      "name": "Tepetlapa"
    },
    {
      "id": "tepic",
      "name": "Tepic"
    },
    {
      "id": "tepotzotlan",
      "name": "Tepotzotlan"
    },
    {
      "id": "tepoztlan",
      "name": "Tepoztlan"
    },
    {
      "id": "tequila",
      "name": "Tequila"
    },
    {
      "id": "tequisistlan",
      "name": "Tequisistlan"
    },
    {
      "id": "tequisquiapan",
      "name": "Tequisquiapan"
    },
    {
      "id": "tequixquiac",
      "name": "Tequixquiac"
    },
    {
      "id": "texcoco",
      "name": "Texcoco"
    },
    {
      "id": "tezonapa",
      "name": "Tezonapa"
    },
    {
      "id": "tezontepec",
      "name": "Tezontepec"
    },
    {
      "id": "tezontepec-de-aldama",
      "name": "Tezontepec de Aldama"
    },
    {
      "id": "tezoyuca",
      "name": "Tezoyuca"
    },
    {
      "id": "tierra-blanca",
      "name": "Tierra Blanca"
    },
    {
      "id": "tierra-colorada",
      "name": "Tierra Colorada"
    },
    {
      "id": "tijuana",
      "name": "Tijuana"
    },
    {
      "id": "tilzapotla",
      "name": "Tilzapotla"
    },
    {
      "id": "tirindaro",
      "name": "Tirindaro"
    },
    {
      "id": "tizapan-el-alto",
      "name": "Tizapan el Alto"
    },
    {
      "id": "tlacolula-de-matamoros",
      "name": "Tlacolula de Matamoros"
    },
    {
      "id": "tlacotalpan",
      "name": "Tlacotalpan"
    },
    {
      "id": "tlahuac",
      "name": "Tlahuac"
    },
    {
      "id": "tlahuelilpan",
      "name": "Tlahuelilpan"
    },
    {
      "id": "tlajomulco-de-zuniga",
      "name": "Tlajomulco de Zuniga"
    },
    {
      "id": "tlalmanalco-de-velazquez",
      "name": "Tlalmanalco de Velazquez"
    },
    {
      "id": "tlalnepantla",
      "name": "Tlalnepantla"
    },
    {
      "id": "tlalpan",
      "name": "Tlalpan"
    },
    {
      "id": "tlaltizapan",
      "name": "Tlaltizapan"
    },
    {
      "id": "tlanalapa",
      "name": "Tlanalapa"
    },
    {
      "id": "tlapa-de-comonfort",
      "name": "Tlapa de Comonfort"
    },
    {
      "id": "tlapacoyan",
      "name": "Tlapacoyan"
    },
    {
      "id": "tlaquepaque",
      "name": "Tlaquepaque"
    },
    {
      "id": "tlaquiltenango",
      "name": "Tlaquiltenango"
    },
    {
      "id": "tlatlauquitepec",
      "name": "Tlatlauquitepec"
    },
    {
      "id": "tlatlaya",
      "name": "Tlatlaya"
    },
    {
      "id": "tlaxcala",
      "name": "Tlaxcala"
    },
    {
      "id": "tlaxcalancingo",
      "name": "Tlaxcalancingo"
    },
    {
      "id": "tocatlan",
      "name": "Tocatlan"
    },
    {
      "id": "tocumbo",
      "name": "Tocumbo"
    },
    {
      "id": "todos-santos",
      "name": "Todos Santos"
    },
    {
      "id": "tolcayuca",
      "name": "Tolcayuca"
    },
    {
      "id": "toluca",
      "name": "Toluca"
    },
    {
      "id": "tonala",
      "name": "Tonala"
    },
    {
      "id": "tonatico",
      "name": "Tonatico"
    },
    {
      "id": "topolobampo",
      "name": "Topolobampo"
    },
    {
      "id": "tula-de-allende",
      "name": "Tula de Allende"
    },
    {
      "id": "tulancingo",
      "name": "Tulancingo"
    },
    {
      "id": "tultepec",
      "name": "Tultepec"
    },
    {
      "id": "tultitlan",
      "name": "Tultitlan"
    },
    {
      "id": "tulum",
      "name": "Tulum"
    },
    {
      "id": "tuxpan",
      "name": "Tuxpan"
    },
    {
      "id": "tuxpan-de-rodriguez-cano",
      "name": "Tuxpan de Rodriguez Cano"
    },
    {
      "id": "tuxtla",
      "name": "Tuxtla"
    },
    {
      "id": "uman",
      "name": "Uman"
    },
    {
      "id": "union-de-tula",
      "name": "Union de Tula"
    },
    {
      "id": "ures",
      "name": "Ures"
    },
    {
      "id": "uriangato",
      "name": "Uriangato"
    },
    {
      "id": "ursulo-galvan",
      "name": "Ursulo Galvan"
    },
    {
      "id": "uruapan",
      "name": "Uruapan"
    },
    {
      "id": "valladolid",
      "name": "Valladolid"
    },
    {
      "id": "valle-de-bravo",
      "name": "Valle de Bravo"
    },
    {
      "id": "valle-de-santiago",
      "name": "Valle de Santiago"
    },
    {
      "id": "valle-hermoso",
      "name": "Valle Hermoso"
    },
    {
      "id": "valles",
      "name": "Valles"
    },
    {
      "id": "venustiano-carranza",
      "name": "Venustiano Carranza"
    },
    {
      "id": "veracruz",
      "name": "Veracruz"
    },
    {
      "id": "vicente-guerrero",
      "name": "Vicente Guerrero"
    },
    {
      "id": "victoria",
      "name": "Victoria"
    },
    {
      "id": "villa-cuauhtemoc-otzolotepec",
      "name": "Villa Cuauhtemoc Otzolotepec"
    },
    {
      "id": "villa-de-almoloya-de-juarez",
      "name": "Villa de Almoloya de Juarez"
    },
    {
      "id": "villa-de-costa-rica",
      "name": "Villa de Costa Rica"
    },
    {
      "id": "villa-garcia",
      "name": "Villa Garcia"
    },
    {
      "id": "villa-hidalgo",
      "name": "Villa Hidalgo"
    },
    {
      "id": "villa-nanchital",
      "name": "Villa Nanchital"
    },
    {
      "id": "villadiego",
      "name": "Villadiego"
    },
    {
      "id": "villagran",
      "name": "Villagran"
    },
    {
      "id": "villahermosa",
      "name": "Villahermosa"
    },
    {
      "id": "visitacion",
      "name": "Visitacion"
    },
    {
      "id": "vistahermosa-de-negrete",
      "name": "Vistahermosa de Negrete"
    },
    {
      "id": "xalapa",
      "name": "Xalapa"
    },
    {
      "id": "xalisco",
      "name": "Xalisco"
    },
    {
      "id": "xochimilco",
      "name": "Xochimilco"
    },
    {
      "id": "xochitepec",
      "name": "Xochitepec"
    },
    {
      "id": "xonacatlan",
      "name": "Xonacatlan"
    },
    {
      "id": "yanga",
      "name": "Yanga"
    },
    {
      "id": "yautepec",
      "name": "Yautepec"
    },
    {
      "id": "yecapixtla",
      "name": "Yecapixtla"
    },
    {
      "id": "yucatan",
      "name": "Yucatan"
    },
    {
      "id": "yurecuaro",
      "name": "Yurecuaro"
    },
    {
      "id": "yuriria",
      "name": "Yuriria"
    },
    {
      "id": "zacapoaxtla",
      "name": "Zacapoaxtla"
    },
    {
      "id": "zacapu",
      "name": "Zacapu"
    },
    {
      "id": "zacatecas",
      "name": "Zacatecas"
    },
    {
      "id": "zacatelco",
      "name": "Zacatelco"
    },
    {
      "id": "zacatepec",
      "name": "Zacatepec"
    },
    {
      "id": "zacatlan",
      "name": "Zacatlan"
    },
    {
      "id": "zacualpan",
      "name": "Zacualpan"
    },
    {
      "id": "zacualtipan",
      "name": "Zacualtipan"
    },
    {
      "id": "zamora",
      "name": "Zamora"
    },
    {
      "id": "zapopan",
      "name": "Zapopan"
    },
    {
      "id": "zapotitlan-de-vadillo",
      "name": "Zapotitlan de Vadillo"
    },
    {
      "id": "zapotlan-de-juarez",
      "name": "Zapotlan de Juarez"
    },
    {
      "id": "zapotlanejo",
      "name": "Zapotlanejo"
    },
    {
      "id": "zaragoza",
      "name": "Zaragoza"
    },
    {
      "id": "zinapecuaro",
      "name": "Zinapecuaro"
    },
    {
      "id": "zitlala",
      "name": "Zitlala"
    },
    {
      "id": "zongolica",
      "name": "Zongolica"
    },
    {
      "id": "zumpango",
      "name": "Zumpango"
    }
  ]
}