{
  "coid": "MY",
  "cities": [
    {
      "id": "alor-gajah",
      "name": "Alor Gajah"
    },
    {
      "id": "alor-star",
      "name": "Alor Star"
    },
    {
      "id": "ampang",
      "name": "Ampang"
    },
    {
      "id": "ayer-itam",
      "name": "Ayer Itam"
    },
    {
      "id": "ayer-tawar",
      "name": "Ayer Tawar"
    },
    {
      "id": "bachok",
      "name": "Bachok"
    },
    {
      "id": "bagan-serai",
      "name": "Bagan Serai"
    },
    {
      "id": "bahau",
      "name": "Bahau"
    },
    {
      "id": "balik-pulau",
      "name": "Balik Pulau"
    },
    {
      "id": "bandar",
      "name": "Bandar"
    },
    {
      "id": "bandar-baru-bangi",
      "name": "Bandar Baru Bangi"
    },
    {
      "id": "bandar-tenggara",
      "name": "Bandar Tenggara"
    },
    {
      "id": "bandar-tun-razak",
      "name": "Bandar Tun Razak"
    },
    {
      "id": "bangi",
      "name": "Bangi"
    },
    {
      "id": "banting",
      "name": "Banting"
    },
    {
      "id": "baru",
      "name": "Baru"
    },
    {
      "id": "batang-berjuntai",
      "name": "Batang Berjuntai"
    },
    {
      "id": "batang-kali",
      "name": "Batang Kali"
    },
    {
      "id": "batu",
      "name": "Batu"
    },
    {
      "id": "batu-arang",
      "name": "Batu Arang"
    },
    {
      "id": "batu-berendam",
      "name": "Batu Berendam"
    },
    {
      "id": "batu-caves",
      "name": "Batu Caves"
    },
    {
      "id": "batu-feringgi",
      "name": "Batu Feringgi"
    },
    {
      "id": "batu-gajah",
      "name": "Batu Gajah"
    },
    {
      "id": "batu-pahat",
      "name": "Batu Pahat"
    },
    {
      "id": "bau",
      "name": "Bau"
    },
    {
      "id": "bayan-lepas",
      "name": "Bayan Lepas"
    },
    {
      "id": "beaufort",
      "name": "Beaufort"
    },
    {
      "id": "bedong",
      "name": "Bedong"
    },
    {
      "id": "bentung",
      "name": "Bentung"
    },
    {
      "id": "benut",
      "name": "Benut"
    },
    {
      "id": "bidur",
      "name": "Bidur"
    },
    {
      "id": "bintulu",
      "name": "Bintulu"
    },
    {
      "id": "bongawan",
      "name": "Bongawan"
    },
    {
      "id": "broga",
      "name": "Broga"
    },
    {
      "id": "bukit-asahan",
      "name": "Bukit Asahan"
    },
    {
      "id": "bukit-gambir",
      "name": "Bukit Gambir"
    },
    {
      "id": "bukit-kayu-hitam",
      "name": "Bukit Kayu Hitam"
    },
    {
      "id": "bukit-mertajam",
      "name": "Bukit Mertajam"
    },
    {
      "id": "bukit-pasir",
      "name": "Bukit Pasir"
    },
    {
      "id": "bukit-rotan",
      "name": "Bukit Rotan"
    },
    {
      "id": "butterworth",
      "name": "Butterworth"
    },
    {
      "id": "cameron-highlands",
      "name": "Cameron Highlands"
    },
    {
      "id": "changloon",
      "name": "Changloon"
    },
    {
      "id": "chemor",
      "name": "Chemor"
    },
    {
      "id": "cheras",
      "name": "Cheras"
    },
    {
      "id": "cukai",
      "name": "Cukai"
    },
    {
      "id": "cyberjaya",
      "name": "Cyberjaya"
    },
    {
      "id": "damansara",
      "name": "Damansara"
    },
    {
      "id": "dengkil",
      "name": "Dengkil"
    },
    {
      "id": "dungun",
      "name": "Dungun"
    },
    {
      "id": "durian-tunggal",
      "name": "Durian Tunggal"
    },
    {
      "id": "gebeng",
      "name": "Gebeng"
    },
    {
      "id": "gelang-patah",
      "name": "Gelang Patah"
    },
    {
      "id": "gemas",
      "name": "Gemas"
    },
    {
      "id": "genting",
      "name": "Genting"
    },
    {
      "id": "george-town",
      "name": "George Town"
    },
    {
      "id": "gerik",
      "name": "Gerik"
    },
    {
      "id": "gopeng",
      "name": "Gopeng"
    },
    {
      "id": "gua-musang",
      "name": "Gua Musang"
    },
    {
      "id": "gurun",
      "name": "Gurun"
    },
    {
      "id": "hulu-langat",
      "name": "Hulu Langat"
    },
    {
      "id": "hutan-melintang",
      "name": "Hutan Melintang"
    },
    {
      "id": "inanam",
      "name": "Inanam"
    },
    {
      "id": "ipoh",
      "name": "Ipoh"
    },
    {
      "id": "itam",
      "name": "Itam"
    },
    {
      "id": "jasin",
      "name": "Jasin"
    },
    {
      "id": "jawi",
      "name": "Jawi"
    },
    {
      "id": "jelutong",
      "name": "Jelutong"
    },
    {
      "id": "jenjarum",
      "name": "Jenjarum"
    },
    {
      "id": "jeram",
      "name": "Jeram"
    },
    {
      "id": "jerantut",
      "name": "Jerantut"
    },
    {
      "id": "jertih",
      "name": "Jertih"
    },
    {
      "id": "jinjang",
      "name": "Jinjang"
    },
    {
      "id": "jitra",
      "name": "Jitra"
    },
    {
      "id": "johor-bahru",
      "name": "Johor Bahru"
    },
    {
      "id": "juasseh",
      "name": "Juasseh"
    },
    {
      "id": "kajang",
      "name": "Kajang"
    },
    {
      "id": "kampar",
      "name": "Kampar"
    },
    {
      "id": "kampong-changkat",
      "name": "Kampong Changkat"
    },
    {
      "id": "kampong-kahang-batu-twenty-eight",
      "name": "Kampong Kahang Batu Twenty-eight"
    },
    {
      "id": "kampong-kemaman",
      "name": "Kampong Kemaman"
    },
    {
      "id": "kampong-pasir-segambut",
      "name": "Kampong Pasir Segambut"
    },
    {
      "id": "kampung-ayer-keroh",
      "name": "Kampung Ayer Keroh"
    },
    {
      "id": "kampung-baharu-nilai",
      "name": "Kampung Baharu Nilai"
    },
    {
      "id": "kampung-batu-kikir",
      "name": "Kampung Batu Kikir"
    },
    {
      "id": "kampung-batu-uban",
      "name": "Kampung Batu Uban"
    },
    {
      "id": "kampung-bota-kiri",
      "name": "Kampung Bota Kiri"
    },
    {
      "id": "kampung-likas",
      "name": "Kampung Likas"
    },
    {
      "id": "kampung-paya-simpang-empat-genting",
      "name": "Kampung Paya Simpang Empat Genting"
    },
    {
      "id": "kampung-pekan-kechil-beranang",
      "name": "Kampung Pekan Kechil Beranang"
    },
    {
      "id": "kampung-tanjung-aru",
      "name": "Kampung Tanjung Aru"
    },
    {
      "id": "kampung-tasek",
      "name": "Kampung Tasek"
    },
    {
      "id": "kampung-teluk-baru",
      "name": "Kampung Teluk Baru"
    },
    {
      "id": "kampung-teriang",
      "name": "Kampung Teriang"
    },
    {
      "id": "kamunting",
      "name": "Kamunting"
    },
    {
      "id": "kangar",
      "name": "Kangar"
    },
    {
      "id": "kapar",
      "name": "Kapar"
    },
    {
      "id": "karak",
      "name": "Karak"
    },
    {
      "id": "keningau",
      "name": "Keningau"
    },
    {
      "id": "kepala-batas",
      "name": "Kepala Batas"
    },
    {
      "id": "kepong",
      "name": "Kepong"
    },
    {
      "id": "keramat-pulai",
      "name": "Keramat Pulai"
    },
    {
      "id": "kerling",
      "name": "Kerling"
    },
    {
      "id": "kertih",
      "name": "Kertih"
    },
    {
      "id": "ketereh",
      "name": "Ketereh"
    },
    {
      "id": "klang",
      "name": "Klang"
    },
    {
      "id": "kluang",
      "name": "Kluang"
    },
    {
      "id": "kompleks-sukan-tenom",
      "name": "Kompleks Sukan Tenom"
    },
    {
      "id": "kota",
      "name": "Kota"
    },
    {
      "id": "kota-baharu",
      "name": "Kota Baharu"
    },
    {
      "id": "kota-belud",
      "name": "Kota Belud"
    },
    {
      "id": "kota-bharu",
      "name": "Kota Bharu"
    },
    {
      "id": "kota-kinabalu",
      "name": "Kota Kinabalu"
    },
    {
      "id": "kota-tinggi",
      "name": "Kota Tinggi"
    },
    {
      "id": "kuah",
      "name": "Kuah"
    },
    {
      "id": "kuala",
      "name": "Kuala"
    },
    {
      "id": "kuala-berang",
      "name": "Kuala Berang"
    },
    {
      "id": "kuala-kangsar",
      "name": "Kuala Kangsar"
    },
    {
      "id": "kuala-ketil",
      "name": "Kuala Ketil"
    },
    {
      "id": "kuala-klawang",
      "name": "Kuala Klawang"
    },
    {
      "id": "kuala-kubu-baharu",
      "name": "Kuala Kubu Baharu"
    },
    {
      "id": "kuala-lipis",
      "name": "Kuala Lipis"
    },
    {
      "id": "kuala-lumpur",
      "name": "Kuala Lumpur"
    },
    {
      "id": "kuala-nerang",
      "name": "Kuala Nerang"
    },
    {
      "id": "kuala-pahang",
      "name": "Kuala Pahang"
    },
    {
      "id": "kuala-penyu",
      "name": "Kuala Penyu"
    },
    {
      "id": "kuala-pilah",
      "name": "Kuala Pilah"
    },
    {
      "id": "kuala-selangor",
      "name": "Kuala Selangor"
    },
    {
      "id": "kuala-terengganu",
      "name": "Kuala Terengganu"
    },
    {
      "id": "kuang",
      "name": "Kuang"
    },
    {
      "id": "kuantan",
      "name": "Kuantan"
    },
    {
      "id": "kubang-kerian",
      "name": "Kubang Kerian"
    },
    {
      "id": "kuching",
      "name": "Kuching"
    },
    {
      "id": "kulai",
      "name": "Kulai"
    },
    {
      "id": "kulim",
      "name": "Kulim"
    },
    {
      "id": "labis",
      "name": "Labis"
    },
    {
      "id": "labu",
      "name": "Labu"
    },
    {
      "id": "lahad-datu",
      "name": "Lahad Datu"
    },
    {
      "id": "lahat",
      "name": "Lahat"
    },
    {
      "id": "langat",
      "name": "Langat"
    },
    {
      "id": "layang-layang",
      "name": "Layang Layang"
    },
    {
      "id": "lenggeng",
      "name": "Lenggeng"
    },
    {
      "id": "lintang",
      "name": "Lintang"
    },
    {
      "id": "lukut",
      "name": "Lukut"
    },
    {
      "id": "lumut",
      "name": "Lumut"
    },
    {
      "id": "lunas",
      "name": "Lunas"
    },
    {
      "id": "machang",
      "name": "Machang"
    },
    {
      "id": "malacca",
      "name": "Malacca"
    },
    {
      "id": "mantin",
      "name": "Mantin"
    },
    {
      "id": "marang",
      "name": "Marang"
    },
    {
      "id": "masai",
      "name": "Masai"
    },
    {
      "id": "masjid-tanah",
      "name": "Masjid Tanah"
    },
    {
      "id": "melaka-tengah",
      "name": "Melaka Tengah"
    },
    {
      "id": "melor",
      "name": "Melor"
    },
    {
      "id": "membakut",
      "name": "Membakut"
    },
    {
      "id": "menggatal",
      "name": "Menggatal"
    },
    {
      "id": "menglembu",
      "name": "Menglembu"
    },
    {
      "id": "mentekab",
      "name": "Mentekab"
    },
    {
      "id": "merbok",
      "name": "Merbok"
    },
    {
      "id": "merlimau",
      "name": "Merlimau"
    },
    {
      "id": "miri",
      "name": "Miri"
    },
    {
      "id": "muadzam-shah",
      "name": "Muadzam Shah"
    },
    {
      "id": "muar-town",
      "name": "Muar town"
    },
    {
      "id": "mukah",
      "name": "Mukah"
    },
    {
      "id": "nibong-tebal",
      "name": "Nibong Tebal"
    },
    {
      "id": "padang-rengas",
      "name": "Padang Rengas"
    },
    {
      "id": "padang-serai",
      "name": "Padang Serai"
    },
    {
      "id": "pandan",
      "name": "Pandan"
    },
    {
      "id": "pantai",
      "name": "Pantai"
    },
    {
      "id": "pantai-remis",
      "name": "Pantai Remis"
    },
    {
      "id": "papar",
      "name": "Papar"
    },
    {
      "id": "parit",
      "name": "Parit"
    },
    {
      "id": "parit-buntar",
      "name": "Parit Buntar"
    },
    {
      "id": "parit-raja",
      "name": "Parit Raja"
    },
    {
      "id": "pasir-gudang",
      "name": "Pasir Gudang"
    },
    {
      "id": "pasir-mas",
      "name": "Pasir Mas"
    },
    {
      "id": "pasir-puteh",
      "name": "Pasir Puteh"
    },
    {
      "id": "pedas",
      "name": "Pedas"
    },
    {
      "id": "pekan",
      "name": "Pekan"
    },
    {
      "id": "penaga",
      "name": "Penaga"
    },
    {
      "id": "penampang",
      "name": "Penampang"
    },
    {
      "id": "pendang",
      "name": "Pendang"
    },
    {
      "id": "pengerang",
      "name": "Pengerang"
    },
    {
      "id": "pengkalan-chepa",
      "name": "Pengkalan Chepa"
    },
    {
      "id": "pengkalan-kempas",
      "name": "Pengkalan Kempas"
    },
    {
      "id": "perai",
      "name": "Perai"
    },
    {
      "id": "permatang-pauh",
      "name": "Permatang Pauh"
    },
    {
      "id": "petaling-jaya",
      "name": "Petaling Jaya"
    },
    {
      "id": "pontian-kechil",
      "name": "Pontian Kechil"
    },
    {
      "id": "port-dickson",
      "name": "Port Dickson"
    },
    {
      "id": "port-klang",
      "name": "Port Klang"
    },
    {
      "id": "puchong-batu-dua-belas",
      "name": "Puchong Batu Dua Belas"
    },
    {
      "id": "pudu",
      "name": "Pudu"
    },
    {
      "id": "pudu-ulu",
      "name": "Pudu Ulu"
    },
    {
      "id": "pulau-pinang",
      "name": "Pulau Pinang"
    },
    {
      "id": "pusing",
      "name": "Pusing"
    },
    {
      "id": "putrajaya",
      "name": "Putrajaya"
    },
    {
      "id": "ranau",
      "name": "Ranau"
    },
    {
      "id": "raub",
      "name": "Raub"
    },
    {
      "id": "rawang",
      "name": "Rawang"
    },
    {
      "id": "rembau",
      "name": "Rembau"
    },
    {
      "id": "rengam",
      "name": "Rengam"
    },
    {
      "id": "rengit",
      "name": "Rengit"
    },
    {
      "id": "sabak-bernam",
      "name": "Sabak Bernam"
    },
    {
      "id": "sandakan",
      "name": "Sandakan"
    },
    {
      "id": "sarikei",
      "name": "Sarikei"
    },
    {
      "id": "seberang-jaya",
      "name": "Seberang Jaya"
    },
    {
      "id": "segamat",
      "name": "Segamat"
    },
    {
      "id": "selama",
      "name": "Selama"
    },
    {
      "id": "semenyih",
      "name": "Semenyih"
    },
    {
      "id": "semerah",
      "name": "Semerah"
    },
    {
      "id": "senggarang",
      "name": "Senggarang"
    },
    {
      "id": "sentul",
      "name": "Sentul"
    },
    {
      "id": "sepang",
      "name": "Sepang"
    },
    {
      "id": "serdang",
      "name": "Serdang"
    },
    {
      "id": "seremban",
      "name": "Seremban"
    },
    {
      "id": "serendah",
      "name": "Serendah"
    },
    {
      "id": "seri-kembangan",
      "name": "Seri Kembangan"
    },
    {
      "id": "seri-manjung",
      "name": "Seri Manjung"
    },
    {
      "id": "setapak",
      "name": "Setapak"
    },
    {
      "id": "shah-alam",
      "name": "Shah Alam"
    },
    {
      "id": "sibu",
      "name": "Sibu"
    },
    {
      "id": "simpang-empat",
      "name": "Simpang Empat"
    },
    {
      "id": "simpang-pertang",
      "name": "Simpang Pertang"
    },
    {
      "id": "simpang-renggam",
      "name": "Simpang Renggam"
    },
    {
      "id": "simpang-tiga",
      "name": "Simpang Tiga"
    },
    {
      "id": "simunjan",
      "name": "Simunjan"
    },
    {
      "id": "sitiawan",
      "name": "Sitiawan"
    },
    {
      "id": "slim-river",
      "name": "Slim River"
    },
    {
      "id": "sungai-bakap",
      "name": "Sungai Bakap"
    },
    {
      "id": "sungai-besar",
      "name": "Sungai Besar"
    },
    {
      "id": "sungai-besi",
      "name": "Sungai Besi"
    },
    {
      "id": "sungai-buluh",
      "name": "Sungai Buluh"
    },
    {
      "id": "sungai-pelek",
      "name": "Sungai Pelek"
    },
    {
      "id": "sungai-petani",
      "name": "Sungai Petani"
    },
    {
      "id": "sungai-puyu",
      "name": "Sungai Puyu"
    },
    {
      "id": "sungai-udang",
      "name": "Sungai Udang"
    },
    {
      "id": "taiping",
      "name": "Taiping"
    },
    {
      "id": "taman-bukit-skudai",
      "name": "Taman Bukit Skudai"
    },
    {
      "id": "taman-desa",
      "name": "Taman Desa"
    },
    {
      "id": "taman-kota-jaya",
      "name": "Taman Kota Jaya"
    },
    {
      "id": "taman-megah-ria",
      "name": "Taman Megah Ria"
    },
    {
      "id": "taman-prai",
      "name": "Taman Prai"
    },
    {
      "id": "taman-senai",
      "name": "Taman Senai"
    },
    {
      "id": "taman-senawang-indah",
      "name": "Taman Senawang Indah"
    },
    {
      "id": "taman-seremban-jaya",
      "name": "Taman Seremban Jaya"
    },
    {
      "id": "taman-sri-ampang",
      "name": "Taman Sri Ampang"
    },
    {
      "id": "tambunan",
      "name": "Tambunan"
    },
    {
      "id": "tamparuli",
      "name": "Tamparuli"
    },
    {
      "id": "tampin",
      "name": "Tampin"
    },
    {
      "id": "tampoi",
      "name": "Tampoi"
    },
    {
      "id": "tanah-merah",
      "name": "Tanah Merah"
    },
    {
      "id": "tanah-merah-new-village-site-c",
      "name": "Tanah Merah New Village Site C"
    },
    {
      "id": "tangkak",
      "name": "Tangkak"
    },
    {
      "id": "tanjong",
      "name": "Tanjong"
    },
    {
      "id": "tanjong-karang",
      "name": "Tanjong Karang"
    },
    {
      "id": "tanjong-malim",
      "name": "Tanjong Malim"
    },
    {
      "id": "tanjung",
      "name": "Tanjung"
    },
    {
      "id": "tanjung-bunga",
      "name": "Tanjung Bunga"
    },
    {
      "id": "tanjung-sepat",
      "name": "Tanjung Sepat"
    },
    {
      "id": "tapah-road",
      "name": "Tapah Road"
    },
    {
      "id": "tasek-glugor",
      "name": "Tasek Glugor"
    },
    {
      "id": "tatau",
      "name": "Tatau"
    },
    {
      "id": "tawau",
      "name": "Tawau"
    },
    {
      "id": "teluk-intan",
      "name": "Teluk Intan"
    },
    {
      "id": "teluk-panglima-garang",
      "name": "Teluk Panglima Garang"
    },
    {
      "id": "temerluh",
      "name": "Temerluh"
    },
    {
      "id": "temoh",
      "name": "Temoh"
    },
    {
      "id": "teriang",
      "name": "Teriang"
    },
    {
      "id": "teronoh",
      "name": "Teronoh"
    },
    {
      "id": "tumpat",
      "name": "Tumpat"
    },
    {
      "id": "ulu-tiram",
      "name": "Ulu Tiram"
    },
    {
      "id": "victoria",
      "name": "Victoria"
    }
  ]
}