{
  "coid": "NL",
  "cities": [
    {
      "id": "aagtekerke",
      "name": "Aagtekerke"
    },
    {
      "id": "aalburg",
      "name": "Aalburg"
    },
    {
      "id": "aalden",
      "name": "Aalden"
    },
    {
      "id": "aalsmeer",
      "name": "Aalsmeer"
    },
    {
      "id": "aalsmeerderbrug",
      "name": "Aalsmeerderbrug"
    },
    {
      "id": "aalst",
      "name": "Aalst"
    },
    {
      "id": "aalten",
      "name": "Aalten"
    },
    {
      "id": "aardenburg",
      "name": "Aardenburg"
    },
    {
      "id": "abbekerk",
      "name": "Abbekerk"
    },
    {
      "id": "abbenes",
      "name": "Abbenes"
    },
    {
      "id": "abcoude",
      "name": "Abcoude"
    },
    {
      "id": "achterberg",
      "name": "Achterberg"
    },
    {
      "id": "achterveld",
      "name": "Achterveld"
    },
    {
      "id": "achthuizen",
      "name": "Achthuizen"
    },
    {
      "id": "achtmaal",
      "name": "Achtmaal"
    },
    {
      "id": "aduard",
      "name": "Aduard"
    },
    {
      "id": "aerdenhout",
      "name": "Aerdenhout"
    },
    {
      "id": "aerdt",
      "name": "Aerdt"
    },
    {
      "id": "afferden",
      "name": "Afferden"
    },
    {
      "id": "akersloot",
      "name": "Akersloot"
    },
    {
      "id": "akkrum",
      "name": "Akkrum"
    },
    {
      "id": "albergen",
      "name": "Albergen"
    },
    {
      "id": "alblasserdam",
      "name": "Alblasserdam"
    },
    {
      "id": "alde-leie",
      "name": "Alde Leie"
    },
    {
      "id": "alem",
      "name": "Alem"
    },
    {
      "id": "alkmaar",
      "name": "Alkmaar"
    },
    {
      "id": "almelo",
      "name": "Almelo"
    },
    {
      "id": "almere",
      "name": "Almere"
    },
    {
      "id": "almere-haven",
      "name": "Almere Haven"
    },
    {
      "id": "almkerk",
      "name": "Almkerk"
    },
    {
      "id": "alphen",
      "name": "Alphen"
    },
    {
      "id": "alphen-aan-den-rijn",
      "name": "Alphen aan den Rijn"
    },
    {
      "id": "ameide",
      "name": "Ameide"
    },
    {
      "id": "america",
      "name": "America"
    },
    {
      "id": "amerongen",
      "name": "Amerongen"
    },
    {
      "id": "amersfoort",
      "name": "Amersfoort"
    },
    {
      "id": "ammerstol",
      "name": "Ammerstol"
    },
    {
      "id": "ammerzoden",
      "name": "Ammerzoden"
    },
    {
      "id": "amstelhoek",
      "name": "Amstelhoek"
    },
    {
      "id": "amstelveen",
      "name": "Amstelveen"
    },
    {
      "id": "amstenrade",
      "name": "Amstenrade"
    },
    {
      "id": "amsterdam",
      "name": "Amsterdam"
    },
    {
      "id": "anderen",
      "name": "Anderen"
    },
    {
      "id": "andijk",
      "name": "Andijk"
    },
    {
      "id": "ane",
      "name": "Ane"
    },
    {
      "id": "angeren",
      "name": "Angeren"
    },
    {
      "id": "anjum",
      "name": "Anjum"
    },
    {
      "id": "ankeveen",
      "name": "Ankeveen"
    },
    {
      "id": "anloo",
      "name": "Anloo"
    },
    {
      "id": "anna-paulowna",
      "name": "Anna Paulowna"
    },
    {
      "id": "annen",
      "name": "Annen"
    },
    {
      "id": "apeldoorn",
      "name": "Apeldoorn"
    },
    {
      "id": "appelscha",
      "name": "Appelscha"
    },
    {
      "id": "appeltern",
      "name": "Appeltern"
    },
    {
      "id": "appingedam",
      "name": "Appingedam"
    },
    {
      "id": "arcen",
      "name": "Arcen"
    },
    {
      "id": "arkel",
      "name": "Arkel"
    },
    {
      "id": "arnemuiden",
      "name": "Arnemuiden"
    },
    {
      "id": "arnhem",
      "name": "Arnhem"
    },
    {
      "id": "asperen",
      "name": "Asperen"
    },
    {
      "id": "assen",
      "name": "Assen"
    },
    {
      "id": "assendelft",
      "name": "Assendelft"
    },
    {
      "id": "asten",
      "name": "Asten"
    },
    {
      "id": "augustinusga",
      "name": "Augustinusga"
    },
    {
      "id": "avenhorn",
      "name": "Avenhorn"
    },
    {
      "id": "axel",
      "name": "Axel"
    },
    {
      "id": "baambrugge",
      "name": "Baambrugge"
    },
    {
      "id": "baarland",
      "name": "Baarland"
    },
    {
      "id": "baarle-nassau",
      "name": "Baarle-Nassau"
    },
    {
      "id": "baarlo",
      "name": "Baarlo"
    },
    {
      "id": "baarn",
      "name": "Baarn"
    },
    {
      "id": "baars",
      "name": "Baars"
    },
    {
      "id": "babberich",
      "name": "Babberich"
    },
    {
      "id": "badhoevedorp",
      "name": "Badhoevedorp"
    },
    {
      "id": "baexem",
      "name": "Baexem"
    },
    {
      "id": "bakel",
      "name": "Bakel"
    },
    {
      "id": "baken",
      "name": "Baken"
    },
    {
      "id": "bakhuizen",
      "name": "Bakhuizen"
    },
    {
      "id": "balgoij",
      "name": "Balgoij"
    },
    {
      "id": "balk",
      "name": "Balk"
    },
    {
      "id": "ballum",
      "name": "Ballum"
    },
    {
      "id": "banholt",
      "name": "Banholt"
    },
    {
      "id": "barchem",
      "name": "Barchem"
    },
    {
      "id": "barendrecht",
      "name": "Barendrecht"
    },
    {
      "id": "barneveld",
      "name": "Barneveld"
    },
    {
      "id": "batenburg",
      "name": "Batenburg"
    },
    {
      "id": "bathmen",
      "name": "Bathmen"
    },
    {
      "id": "bavel",
      "name": "Bavel"
    },
    {
      "id": "bedum",
      "name": "Bedum"
    },
    {
      "id": "beegden",
      "name": "Beegden"
    },
    {
      "id": "beek",
      "name": "Beek"
    },
    {
      "id": "beekbergen",
      "name": "Beekbergen"
    },
    {
      "id": "beerta",
      "name": "Beerta"
    },
    {
      "id": "beerzerveld",
      "name": "Beerzerveld"
    },
    {
      "id": "beesd",
      "name": "Beesd"
    },
    {
      "id": "beesel",
      "name": "Beesel"
    },
    {
      "id": "beets",
      "name": "Beets"
    },
    {
      "id": "beetsterzwaag",
      "name": "Beetsterzwaag"
    },
    {
      "id": "beilen",
      "name": "Beilen"
    },
    {
      "id": "beinsdorp",
      "name": "Beinsdorp"
    },
    {
      "id": "belfeld",
      "name": "Belfeld"
    },
    {
      "id": "bellingwolde",
      "name": "Bellingwolde"
    },
    {
      "id": "bemelen",
      "name": "Bemelen"
    },
    {
      "id": "bemmel",
      "name": "Bemmel"
    },
    {
      "id": "beneden-leeuwen",
      "name": "Beneden-Leeuwen"
    },
    {
      "id": "bennebroek",
      "name": "Bennebroek"
    },
    {
      "id": "bennekom",
      "name": "Bennekom"
    },
    {
      "id": "benningbroek",
      "name": "Benningbroek"
    },
    {
      "id": "benthuizen",
      "name": "Benthuizen"
    },
    {
      "id": "berg",
      "name": "Berg"
    },
    {
      "id": "berg-en-dal",
      "name": "Berg en Dal"
    },
    {
      "id": "bergambacht",
      "name": "Bergambacht"
    },
    {
      "id": "bergeijk",
      "name": "Bergeijk"
    },
    {
      "id": "bergen",
      "name": "Bergen"
    },
    {
      "id": "bergen-op-zoom",
      "name": "Bergen op Zoom"
    },
    {
      "id": "bergentheim",
      "name": "Bergentheim"
    },
    {
      "id": "bergharen",
      "name": "Bergharen"
    },
    {
      "id": "berghem",
      "name": "Berghem"
    },
    {
      "id": "bergschenhoek",
      "name": "Bergschenhoek"
    },
    {
      "id": "beringe",
      "name": "Beringe"
    },
    {
      "id": "berkenwoude",
      "name": "Berkenwoude"
    },
    {
      "id": "berkhout",
      "name": "Berkhout"
    },
    {
      "id": "berlicum",
      "name": "Berlicum"
    },
    {
      "id": "best",
      "name": "Best"
    },
    {
      "id": "beugen",
      "name": "Beugen"
    },
    {
      "id": "beuningen",
      "name": "Beuningen"
    },
    {
      "id": "beusichem",
      "name": "Beusichem"
    },
    {
      "id": "beverwijk",
      "name": "Beverwijk"
    },
    {
      "id": "biddinghuizen",
      "name": "Biddinghuizen"
    },
    {
      "id": "bierum",
      "name": "Bierum"
    },
    {
      "id": "biervliet",
      "name": "Biervliet"
    },
    {
      "id": "biest",
      "name": "Biest"
    },
    {
      "id": "bilthoven",
      "name": "Bilthoven"
    },
    {
      "id": "bitgum",
      "name": "Bitgum"
    },
    {
      "id": "bladel",
      "name": "Bladel"
    },
    {
      "id": "blaricum",
      "name": "Blaricum"
    },
    {
      "id": "bleiswijk",
      "name": "Bleiswijk"
    },
    {
      "id": "blerick",
      "name": "Blerick"
    },
    {
      "id": "bleskensgraaf",
      "name": "Bleskensgraaf"
    },
    {
      "id": "blitterswijck",
      "name": "Blitterswijck"
    },
    {
      "id": "bloemendaal",
      "name": "Bloemendaal"
    },
    {
      "id": "blokker",
      "name": "Blokker"
    },
    {
      "id": "blokzijl",
      "name": "Blokzijl"
    },
    {
      "id": "bocholtz",
      "name": "Bocholtz"
    },
    {
      "id": "bodegraven",
      "name": "Bodegraven"
    },
    {
      "id": "boeicop",
      "name": "Boeicop"
    },
    {
      "id": "boekel",
      "name": "Boekel"
    },
    {
      "id": "boelenslaan",
      "name": "Boelenslaan"
    },
    {
      "id": "boerakker",
      "name": "Boerakker"
    },
    {
      "id": "boesingheliede",
      "name": "Boesingheliede"
    },
    {
      "id": "bolsward",
      "name": "Bolsward"
    },
    {
      "id": "borculo",
      "name": "Borculo"
    },
    {
      "id": "borger",
      "name": "Borger"
    },
    {
      "id": "born",
      "name": "Born"
    },
    {
      "id": "borne",
      "name": "Borne"
    },
    {
      "id": "borsele",
      "name": "Borsele"
    },
    {
      "id": "bosch-en-duin",
      "name": "Bosch en Duin"
    },
    {
      "id": "boskoop",
      "name": "Boskoop"
    },
    {
      "id": "bosschenhoofd",
      "name": "Bosschenhoofd"
    },
    {
      "id": "bourtange",
      "name": "Bourtange"
    },
    {
      "id": "boven-hardinxveld",
      "name": "Boven-Hardinxveld"
    },
    {
      "id": "boven-leeuwen",
      "name": "Boven-Leeuwen"
    },
    {
      "id": "bovenkarspel",
      "name": "Bovenkarspel"
    },
    {
      "id": "bovensmilde",
      "name": "Bovensmilde"
    },
    {
      "id": "boxmeer",
      "name": "Boxmeer"
    },
    {
      "id": "boxtel",
      "name": "Boxtel"
    },
    {
      "id": "brakel",
      "name": "Brakel"
    },
    {
      "id": "breda",
      "name": "Breda"
    },
    {
      "id": "bredevoort",
      "name": "Bredevoort"
    },
    {
      "id": "breezand",
      "name": "Breezand"
    },
    {
      "id": "breskens",
      "name": "Breskens"
    },
    {
      "id": "breugel",
      "name": "Breugel"
    },
    {
      "id": "breukelen",
      "name": "Breukelen"
    },
    {
      "id": "breukeleveen",
      "name": "Breukeleveen"
    },
    {
      "id": "brielle",
      "name": "Brielle"
    },
    {
      "id": "briltil",
      "name": "Briltil"
    },
    {
      "id": "britsum",
      "name": "Britsum"
    },
    {
      "id": "broek-in-waterland",
      "name": "Broek in Waterland"
    },
    {
      "id": "broek-op-langedijk",
      "name": "Broek op Langedijk"
    },
    {
      "id": "broekhin",
      "name": "Broekhin"
    },
    {
      "id": "broekhuizen",
      "name": "Broekhuizen"
    },
    {
      "id": "brouwershaven",
      "name": "Brouwershaven"
    },
    {
      "id": "bruchem",
      "name": "Bruchem"
    },
    {
      "id": "brucht",
      "name": "Brucht"
    },
    {
      "id": "bruinisse",
      "name": "Bruinisse"
    },
    {
      "id": "brummen",
      "name": "Brummen"
    },
    {
      "id": "brunssum",
      "name": "Brunssum"
    },
    {
      "id": "buchten",
      "name": "Buchten"
    },
    {
      "id": "budel",
      "name": "Budel"
    },
    {
      "id": "budel-dorplein",
      "name": "Budel-Dorplein"
    },
    {
      "id": "budel-schoot",
      "name": "Budel-Schoot"
    },
    {
      "id": "buinerveen",
      "name": "Buinerveen"
    },
    {
      "id": "buitenkaag",
      "name": "Buitenkaag"
    },
    {
      "id": "buitenpost",
      "name": "Buitenpost"
    },
    {
      "id": "bunde",
      "name": "Bunde"
    },
    {
      "id": "bunnik",
      "name": "Bunnik"
    },
    {
      "id": "bunschoten",
      "name": "Bunschoten"
    },
    {
      "id": "buren",
      "name": "Buren"
    },
    {
      "id": "burgerveen",
      "name": "Burgerveen"
    },
    {
      "id": "burgum",
      "name": "Burgum"
    },
    {
      "id": "burgwerd",
      "name": "Burgwerd"
    },
    {
      "id": "burum",
      "name": "Burum"
    },
    {
      "id": "bussum",
      "name": "Bussum"
    },
    {
      "id": "buurse",
      "name": "Buurse"
    },
    {
      "id": "cadier-en-keer",
      "name": "Cadier en Keer"
    },
    {
      "id": "cadzand",
      "name": "Cadzand"
    },
    {
      "id": "callantsoog",
      "name": "Callantsoog"
    },
    {
      "id": "capelle-aan-den-ijssel",
      "name": "Capelle aan den IJssel"
    },
    {
      "id": "castricum",
      "name": "Castricum"
    },
    {
      "id": "centrum",
      "name": "Centrum"
    },
    {
      "id": "chaam",
      "name": "Chaam"
    },
    {
      "id": "clinge",
      "name": "Clinge"
    },
    {
      "id": "coevorden",
      "name": "Coevorden"
    },
    {
      "id": "colijnsplaat",
      "name": "Colijnsplaat"
    },
    {
      "id": "colmschate",
      "name": "Colmschate"
    },
    {
      "id": "craailo",
      "name": "Craailo"
    },
    {
      "id": "cromvoirt",
      "name": "Cromvoirt"
    },
    {
      "id": "cruquius",
      "name": "Cruquius"
    },
    {
      "id": "cuijk",
      "name": "Cuijk"
    },
    {
      "id": "culemborg",
      "name": "Culemborg"
    },
    {
      "id": "daarle",
      "name": "Daarle"
    },
    {
      "id": "dalen",
      "name": "Dalen"
    },
    {
      "id": "dalfsen",
      "name": "Dalfsen"
    },
    {
      "id": "damwald",
      "name": "Damwald"
    },
    {
      "id": "de-bilt",
      "name": "De Bilt"
    },
    {
      "id": "de-blesse",
      "name": "De Blesse"
    },
    {
      "id": "de-cocksdorp",
      "name": "De Cocksdorp"
    },
    {
      "id": "de-falom",
      "name": "De Falom"
    },
    {
      "id": "de-glind",
      "name": "De Glind"
    },
    {
      "id": "de-goorn",
      "name": "De Goorn"
    },
    {
      "id": "de-hoef",
      "name": "De Hoef"
    },
    {
      "id": "de-horst",
      "name": "De Horst"
    },
    {
      "id": "de-klomp",
      "name": "De Klomp"
    },
    {
      "id": "de-koog",
      "name": "De Koog"
    },
    {
      "id": "de-kwakel",
      "name": "De Kwakel"
    },
    {
      "id": "de-lier",
      "name": "De Lier"
    },
    {
      "id": "de-lutte",
      "name": "De Lutte"
    },
    {
      "id": "de-meern",
      "name": "De Meern"
    },
    {
      "id": "de-moer",
      "name": "De Moer"
    },
    {
      "id": "de-punt",
      "name": "De Punt"
    },
    {
      "id": "de-rijp",
      "name": "De Rijp"
    },
    {
      "id": "de-steeg",
      "name": "De Steeg"
    },
    {
      "id": "de-waal",
      "name": "De Waal"
    },
    {
      "id": "de-westereen",
      "name": "De Westereen"
    },
    {
      "id": "de-wijk",
      "name": "De Wijk"
    },
    {
      "id": "de-wilp",
      "name": "De Wilp"
    },
    {
      "id": "de-zilk",
      "name": "De Zilk"
    },
    {
      "id": "dedemsvaart",
      "name": "Dedemsvaart"
    },
    {
      "id": "deest",
      "name": "Deest"
    },
    {
      "id": "delden",
      "name": "Delden"
    },
    {
      "id": "delfgauw",
      "name": "Delfgauw"
    },
    {
      "id": "delft",
      "name": "Delft"
    },
    {
      "id": "delfzijl",
      "name": "Delfzijl"
    },
    {
      "id": "den-bommel",
      "name": "Den Bommel"
    },
    {
      "id": "den-burg",
      "name": "Den Burg"
    },
    {
      "id": "den-deijl",
      "name": "Den Deijl"
    },
    {
      "id": "den-dolder",
      "name": "Den Dolder"
    },
    {
      "id": "den-dungen",
      "name": "Den Dungen"
    },
    {
      "id": "den-helder",
      "name": "Den Helder"
    },
    {
      "id": "den-hoorn",
      "name": "Den Hoorn"
    },
    {
      "id": "den-hout",
      "name": "Den Hout"
    },
    {
      "id": "den-ilp",
      "name": "Den Ilp"
    },
    {
      "id": "den-oever",
      "name": "Den Oever"
    },
    {
      "id": "denekamp",
      "name": "Denekamp"
    },
    {
      "id": "deurne",
      "name": "Deurne"
    },
    {
      "id": "deventer",
      "name": "Deventer"
    },
    {
      "id": "didam",
      "name": "Didam"
    },
    {
      "id": "diemen",
      "name": "Diemen"
    },
    {
      "id": "diepenheim",
      "name": "Diepenheim"
    },
    {
      "id": "diepenveen",
      "name": "Diepenveen"
    },
    {
      "id": "dieren",
      "name": "Dieren"
    },
    {
      "id": "diessen",
      "name": "Diessen"
    },
    {
      "id": "dieteren",
      "name": "Dieteren"
    },
    {
      "id": "diever",
      "name": "Diever"
    },
    {
      "id": "dijk",
      "name": "Dijk"
    },
    {
      "id": "dinteloord",
      "name": "Dinteloord"
    },
    {
      "id": "dinxperlo",
      "name": "Dinxperlo"
    },
    {
      "id": "dirkshorn",
      "name": "Dirkshorn"
    },
    {
      "id": "dirksland",
      "name": "Dirksland"
    },
    {
      "id": "dodewaard",
      "name": "Dodewaard"
    },
    {
      "id": "doenrade",
      "name": "Doenrade"
    },
    {
      "id": "doesburg",
      "name": "Doesburg"
    },
    {
      "id": "doetinchem",
      "name": "Doetinchem"
    },
    {
      "id": "dokkum",
      "name": "Dokkum"
    },
    {
      "id": "domburg",
      "name": "Domburg"
    },
    {
      "id": "dongen",
      "name": "Dongen"
    },
    {
      "id": "doorn",
      "name": "Doorn"
    },
    {
      "id": "doornenburg",
      "name": "Doornenburg"
    },
    {
      "id": "doornspijk",
      "name": "Doornspijk"
    },
    {
      "id": "doorwerth",
      "name": "Doorwerth"
    },
    {
      "id": "dordrecht",
      "name": "Dordrecht"
    },
    {
      "id": "dorp",
      "name": "Dorp"
    },
    {
      "id": "dorst",
      "name": "Dorst"
    },
    {
      "id": "drachten",
      "name": "Drachten"
    },
    {
      "id": "drempt",
      "name": "Drempt"
    },
    {
      "id": "dreumel",
      "name": "Dreumel"
    },
    {
      "id": "driebergen",
      "name": "Driebergen"
    },
    {
      "id": "driebruggen",
      "name": "Driebruggen"
    },
    {
      "id": "driehuis",
      "name": "Driehuis"
    },
    {
      "id": "driel",
      "name": "Driel"
    },
    {
      "id": "driemond",
      "name": "Driemond"
    },
    {
      "id": "drogeham",
      "name": "Drogeham"
    },
    {
      "id": "dronryp",
      "name": "Dronryp"
    },
    {
      "id": "dronten",
      "name": "Dronten"
    },
    {
      "id": "drunen",
      "name": "Drunen"
    },
    {
      "id": "druten",
      "name": "Druten"
    },
    {
      "id": "duin",
      "name": "Duin"
    },
    {
      "id": "duiven",
      "name": "Duiven"
    },
    {
      "id": "duivendrecht",
      "name": "Duivendrecht"
    },
    {
      "id": "dwingeloo",
      "name": "Dwingeloo"
    },
    {
      "id": "earnewald",
      "name": "Earnewald"
    },
    {
      "id": "echt",
      "name": "Echt"
    },
    {
      "id": "echten",
      "name": "Echten"
    },
    {
      "id": "echtenerbrug",
      "name": "Echtenerbrug"
    },
    {
      "id": "eckart",
      "name": "Eckart"
    },
    {
      "id": "edam",
      "name": "Edam"
    },
    {
      "id": "ede",
      "name": "Ede"
    },
    {
      "id": "ederveen",
      "name": "Ederveen"
    },
    {
      "id": "eede",
      "name": "Eede"
    },
    {
      "id": "eefde",
      "name": "Eefde"
    },
    {
      "id": "eelde-paterswolde",
      "name": "Eelde-Paterswolde"
    },
    {
      "id": "eelderwolde",
      "name": "Eelderwolde"
    },
    {
      "id": "eemnes",
      "name": "Eemnes"
    },
    {
      "id": "eenrum",
      "name": "Eenrum"
    },
    {
      "id": "eerbeek",
      "name": "Eerbeek"
    },
    {
      "id": "eersel",
      "name": "Eersel"
    },
    {
      "id": "eethen",
      "name": "Eethen"
    },
    {
      "id": "eext",
      "name": "Eext"
    },
    {
      "id": "eexterzandvoort",
      "name": "Eexterzandvoort"
    },
    {
      "id": "egchel",
      "name": "Egchel"
    },
    {
      "id": "egmond-aan-zee",
      "name": "Egmond aan Zee"
    },
    {
      "id": "egmond-binnen",
      "name": "Egmond-Binnen"
    },
    {
      "id": "eibergen",
      "name": "Eibergen"
    },
    {
      "id": "eijsden",
      "name": "Eijsden"
    },
    {
      "id": "eindhoven",
      "name": "Eindhoven"
    },
    {
      "id": "einighausen",
      "name": "Einighausen"
    },
    {
      "id": "elburg",
      "name": "Elburg"
    },
    {
      "id": "ell",
      "name": "Ell"
    },
    {
      "id": "ellecom",
      "name": "Ellecom"
    },
    {
      "id": "elsendorp",
      "name": "Elsendorp"
    },
    {
      "id": "elsloo",
      "name": "Elsloo"
    },
    {
      "id": "elst",
      "name": "Elst"
    },
    {
      "id": "emmeloord",
      "name": "Emmeloord"
    },
    {
      "id": "emmen",
      "name": "Emmen"
    },
    {
      "id": "emmer-compascuum",
      "name": "Emmer-Compascuum"
    },
    {
      "id": "emst",
      "name": "Emst"
    },
    {
      "id": "engelen",
      "name": "Engelen"
    },
    {
      "id": "enkhuizen",
      "name": "Enkhuizen"
    },
    {
      "id": "ens",
      "name": "Ens"
    },
    {
      "id": "enschede",
      "name": "Enschede"
    },
    {
      "id": "enschot",
      "name": "Enschot"
    },
    {
      "id": "enspijk",
      "name": "Enspijk"
    },
    {
      "id": "enter",
      "name": "Enter"
    },
    {
      "id": "enumatil",
      "name": "Enumatil"
    },
    {
      "id": "epe",
      "name": "Epe"
    },
    {
      "id": "epen",
      "name": "Epen"
    },
    {
      "id": "epse",
      "name": "Epse"
    },
    {
      "id": "erica",
      "name": "Erica"
    },
    {
      "id": "erichem",
      "name": "Erichem"
    },
    {
      "id": "erm",
      "name": "Erm"
    },
    {
      "id": "ermelo",
      "name": "Ermelo"
    },
    {
      "id": "erp",
      "name": "Erp"
    },
    {
      "id": "escharen",
      "name": "Escharen"
    },
    {
      "id": "espel",
      "name": "Espel"
    },
    {
      "id": "etten",
      "name": "Etten"
    },
    {
      "id": "everdingen",
      "name": "Everdingen"
    },
    {
      "id": "ewijk",
      "name": "Ewijk"
    },
    {
      "id": "exloo",
      "name": "Exloo"
    },
    {
      "id": "eygelshoven",
      "name": "Eygelshoven"
    },
    {
      "id": "eys",
      "name": "Eys"
    },
    {
      "id": "ezinge",
      "name": "Ezinge"
    },
    {
      "id": "farmsum",
      "name": "Farmsum"
    },
    {
      "id": "feanwalden",
      "name": "Feanwalden"
    },
    {
      "id": "ferwert",
      "name": "Ferwert"
    },
    {
      "id": "fijnaart",
      "name": "Fijnaart"
    },
    {
      "id": "finsterwolde",
      "name": "Finsterwolde"
    },
    {
      "id": "fleringen",
      "name": "Fleringen"
    },
    {
      "id": "fluitenberg",
      "name": "Fluitenberg"
    },
    {
      "id": "flushing",
      "name": "Flushing"
    },
    {
      "id": "foxhol",
      "name": "Foxhol"
    },
    {
      "id": "franeker",
      "name": "Franeker"
    },
    {
      "id": "frederiksoord",
      "name": "Frederiksoord"
    },
    {
      "id": "gaanderen",
      "name": "Gaanderen"
    },
    {
      "id": "galder",
      "name": "Galder"
    },
    {
      "id": "gameren",
      "name": "Gameren"
    },
    {
      "id": "gapinge",
      "name": "Gapinge"
    },
    {
      "id": "garderen",
      "name": "Garderen"
    },
    {
      "id": "garmerwolde",
      "name": "Garmerwolde"
    },
    {
      "id": "garsthuizen",
      "name": "Garsthuizen"
    },
    {
      "id": "garyp",
      "name": "Garyp"
    },
    {
      "id": "gasselte",
      "name": "Gasselte"
    },
    {
      "id": "gasselternijveen",
      "name": "Gasselternijveen"
    },
    {
      "id": "geertruidenberg",
      "name": "Geertruidenberg"
    },
    {
      "id": "geervliet",
      "name": "Geervliet"
    },
    {
      "id": "gees",
      "name": "Gees"
    },
    {
      "id": "geesteren",
      "name": "Geesteren"
    },
    {
      "id": "geldermalsen",
      "name": "Geldermalsen"
    },
    {
      "id": "geldrop",
      "name": "Geldrop"
    },
    {
      "id": "geleen",
      "name": "Geleen"
    },
    {
      "id": "gelselaar",
      "name": "Gelselaar"
    },
    {
      "id": "gemeente-rotterdam",
      "name": "Gemeente Rotterdam"
    },
    {
      "id": "gemert",
      "name": "Gemert"
    },
    {
      "id": "gemonde",
      "name": "Gemonde"
    },
    {
      "id": "genderen",
      "name": "Genderen"
    },
    {
      "id": "gendringen",
      "name": "Gendringen"
    },
    {
      "id": "gendt",
      "name": "Gendt"
    },
    {
      "id": "genemuiden",
      "name": "Genemuiden"
    },
    {
      "id": "gennep",
      "name": "Gennep"
    },
    {
      "id": "giesbeek",
      "name": "Giesbeek"
    },
    {
      "id": "giessenburg",
      "name": "Giessenburg"
    },
    {
      "id": "giessendam",
      "name": "Giessendam"
    },
    {
      "id": "gieten",
      "name": "Gieten"
    },
    {
      "id": "gieterveen",
      "name": "Gieterveen"
    },
    {
      "id": "giethoorn",
      "name": "Giethoorn"
    },
    {
      "id": "gilze",
      "name": "Gilze"
    },
    {
      "id": "glimmen",
      "name": "Glimmen"
    },
    {
      "id": "goes",
      "name": "Goes"
    },
    {
      "id": "goirle",
      "name": "Goirle"
    },
    {
      "id": "goor",
      "name": "Goor"
    },
    {
      "id": "gorinchem",
      "name": "Gorinchem"
    },
    {
      "id": "gorredijk",
      "name": "Gorredijk"
    },
    {
      "id": "gorssel",
      "name": "Gorssel"
    },
    {
      "id": "gouda",
      "name": "Gouda"
    },
    {
      "id": "gouderak",
      "name": "Gouderak"
    },
    {
      "id": "goudswaard",
      "name": "Goudswaard"
    },
    {
      "id": "goutum",
      "name": "Goutum"
    },
    {
      "id": "gramsbergen",
      "name": "Gramsbergen"
    },
    {
      "id": "grashoek",
      "name": "Grashoek"
    },
    {
      "id": "grathem",
      "name": "Grathem"
    },
    {
      "id": "grave",
      "name": "Grave"
    },
    {
      "id": "greup",
      "name": "Greup"
    },
    {
      "id": "grijpskerk",
      "name": "Grijpskerk"
    },
    {
      "id": "groeningen",
      "name": "Groeningen"
    },
    {
      "id": "groenlo",
      "name": "Groenlo"
    },
    {
      "id": "groenveld",
      "name": "Groenveld"
    },
    {
      "id": "groesbeek",
      "name": "Groesbeek"
    },
    {
      "id": "groessen",
      "name": "Groessen"
    },
    {
      "id": "groet",
      "name": "Groet"
    },
    {
      "id": "groningen",
      "name": "Groningen"
    },
    {
      "id": "gronsveld",
      "name": "Gronsveld"
    },
    {
      "id": "groot-agelo",
      "name": "Groot-Agelo"
    },
    {
      "id": "groot-ammers",
      "name": "Groot-Ammers"
    },
    {
      "id": "grootebroek",
      "name": "Grootebroek"
    },
    {
      "id": "grootegast",
      "name": "Grootegast"
    },
    {
      "id": "grou",
      "name": "Grou"
    },
    {
      "id": "grubbenvorst",
      "name": "Grubbenvorst"
    },
    {
      "id": "gulpen",
      "name": "Gulpen"
    },
    {
      "id": "guttecoven",
      "name": "Guttecoven"
    },
    {
      "id": "gytsjerk",
      "name": "Gytsjerk"
    },
    {
      "id": "haaften",
      "name": "Haaften"
    },
    {
      "id": "haaksbergen",
      "name": "Haaksbergen"
    },
    {
      "id": "haalderen",
      "name": "Haalderen"
    },
    {
      "id": "haamstede",
      "name": "Haamstede"
    },
    {
      "id": "haaren",
      "name": "Haaren"
    },
    {
      "id": "haarle",
      "name": "Haarle"
    },
    {
      "id": "haarlem",
      "name": "Haarlem"
    },
    {
      "id": "haarlemmerliede",
      "name": "Haarlemmerliede"
    },
    {
      "id": "haelen",
      "name": "Haelen"
    },
    {
      "id": "halfweg",
      "name": "Halfweg"
    },
    {
      "id": "halle",
      "name": "Halle"
    },
    {
      "id": "hallum",
      "name": "Hallum"
    },
    {
      "id": "halsteren",
      "name": "Halsteren"
    },
    {
      "id": "hank",
      "name": "Hank"
    },
    {
      "id": "hantum",
      "name": "Hantum"
    },
    {
      "id": "hantumhuizen",
      "name": "Hantumhuizen"
    },
    {
      "id": "hapert",
      "name": "Hapert"
    },
    {
      "id": "haps",
      "name": "Haps"
    },
    {
      "id": "hardenberg",
      "name": "Hardenberg"
    },
    {
      "id": "harderwijk",
      "name": "Harderwijk"
    },
    {
      "id": "haren",
      "name": "Haren"
    },
    {
      "id": "harich",
      "name": "Harich"
    },
    {
      "id": "harkema",
      "name": "Harkema"
    },
    {
      "id": "harkstede",
      "name": "Harkstede"
    },
    {
      "id": "harlingen",
      "name": "Harlingen"
    },
    {
      "id": "harmelen",
      "name": "Harmelen"
    },
    {
      "id": "hartwerd",
      "name": "Hartwerd"
    },
    {
      "id": "hasselt",
      "name": "Hasselt"
    },
    {
      "id": "hattem",
      "name": "Hattem"
    },
    {
      "id": "haule",
      "name": "Haule"
    },
    {
      "id": "haulerwijk",
      "name": "Haulerwijk"
    },
    {
      "id": "hauwert",
      "name": "Hauwert"
    },
    {
      "id": "havelte",
      "name": "Havelte"
    },
    {
      "id": "hazerswoude-dorp",
      "name": "Hazerswoude-Dorp"
    },
    {
      "id": "hazerswoude-rijndijk",
      "name": "Hazerswoude-Rijndijk"
    },
    {
      "id": "hedel",
      "name": "Hedel"
    },
    {
      "id": "heeg",
      "name": "Heeg"
    },
    {
      "id": "heelsum",
      "name": "Heelsum"
    },
    {
      "id": "heemskerk",
      "name": "Heemskerk"
    },
    {
      "id": "heemstede",
      "name": "Heemstede"
    },
    {
      "id": "heenvliet",
      "name": "Heenvliet"
    },
    {
      "id": "heerde",
      "name": "Heerde"
    },
    {
      "id": "heerenveen",
      "name": "Heerenveen"
    },
    {
      "id": "heerhugowaard",
      "name": "Heerhugowaard"
    },
    {
      "id": "heerjansdam",
      "name": "Heerjansdam"
    },
    {
      "id": "heerle",
      "name": "Heerle"
    },
    {
      "id": "heerlen",
      "name": "Heerlen"
    },
    {
      "id": "heesch",
      "name": "Heesch"
    },
    {
      "id": "heeswijk",
      "name": "Heeswijk"
    },
    {
      "id": "heeswijk-dinther",
      "name": "Heeswijk-Dinther"
    },
    {
      "id": "heeten",
      "name": "Heeten"
    },
    {
      "id": "heeze",
      "name": "Heeze"
    },
    {
      "id": "heijen",
      "name": "Heijen"
    },
    {
      "id": "heijningen",
      "name": "Heijningen"
    },
    {
      "id": "heikant",
      "name": "Heikant"
    },
    {
      "id": "heilig-landstichting",
      "name": "Heilig Landstichting"
    },
    {
      "id": "heiloo",
      "name": "Heiloo"
    },
    {
      "id": "heinenoord",
      "name": "Heinenoord"
    },
    {
      "id": "heino",
      "name": "Heino"
    },
    {
      "id": "hekelingen",
      "name": "Hekelingen"
    },
    {
      "id": "helden",
      "name": "Helden"
    },
    {
      "id": "helenaveen",
      "name": "Helenaveen"
    },
    {
      "id": "hellendoorn",
      "name": "Hellendoorn"
    },
    {
      "id": "hellevoetsluis",
      "name": "Hellevoetsluis"
    },
    {
      "id": "hellouw",
      "name": "Hellouw"
    },
    {
      "id": "helmond",
      "name": "Helmond"
    },
    {
      "id": "helvoirt",
      "name": "Helvoirt"
    },
    {
      "id": "hem",
      "name": "Hem"
    },
    {
      "id": "hemelum",
      "name": "Hemelum"
    },
    {
      "id": "hendrik-ido-ambacht",
      "name": "Hendrik-Ido-Ambacht"
    },
    {
      "id": "hengelo",
      "name": "Hengelo"
    },
    {
      "id": "hengevelde",
      "name": "Hengevelde"
    },
    {
      "id": "hennaard",
      "name": "Hennaard"
    },
    {
      "id": "hensbroek",
      "name": "Hensbroek"
    },
    {
      "id": "herbaijum",
      "name": "Herbaijum"
    },
    {
      "id": "herkenbosch",
      "name": "Herkenbosch"
    },
    {
      "id": "herkingen",
      "name": "Herkingen"
    },
    {
      "id": "hernen",
      "name": "Hernen"
    },
    {
      "id": "herpen",
      "name": "Herpen"
    },
    {
      "id": "herten",
      "name": "Herten"
    },
    {
      "id": "herveld",
      "name": "Herveld"
    },
    {
      "id": "herwijnen",
      "name": "Herwijnen"
    },
    {
      "id": "heteren",
      "name": "Heteren"
    },
    {
      "id": "heukelum",
      "name": "Heukelum"
    },
    {
      "id": "heusden",
      "name": "Heusden"
    },
    {
      "id": "heveadorp",
      "name": "Heveadorp"
    },
    {
      "id": "heythuysen",
      "name": "Heythuysen"
    },
    {
      "id": "hierden",
      "name": "Hierden"
    },
    {
      "id": "hijken",
      "name": "Hijken"
    },
    {
      "id": "hillegom",
      "name": "Hillegom"
    },
    {
      "id": "hilvarenbeek",
      "name": "Hilvarenbeek"
    },
    {
      "id": "hilversum",
      "name": "Hilversum"
    },
    {
      "id": "hindeloopen",
      "name": "Hindeloopen"
    },
    {
      "id": "hippolytushoef",
      "name": "Hippolytushoef"
    },
    {
      "id": "hoedekenskerke",
      "name": "Hoedekenskerke"
    },
    {
      "id": "hoek",
      "name": "Hoek"
    },
    {
      "id": "hoek-van-holland",
      "name": "Hoek van Holland"
    },
    {
      "id": "hoenderloo",
      "name": "Hoenderloo"
    },
    {
      "id": "hoensbroek",
      "name": "Hoensbroek"
    },
    {
      "id": "hoevelaken",
      "name": "Hoevelaken"
    },
    {
      "id": "hoge-donk",
      "name": "Hoge Donk"
    },
    {
      "id": "hollandsche-rading",
      "name": "Hollandsche Rading"
    },
    {
      "id": "hollandscheveld",
      "name": "Hollandscheveld"
    },
    {
      "id": "hollum",
      "name": "Hollum"
    },
    {
      "id": "holten",
      "name": "Holten"
    },
    {
      "id": "holthees",
      "name": "Holthees"
    },
    {
      "id": "holthone",
      "name": "Holthone"
    },
    {
      "id": "holtum",
      "name": "Holtum"
    },
    {
      "id": "holwierde",
      "name": "Holwierde"
    },
    {
      "id": "homoet",
      "name": "Homoet"
    },
    {
      "id": "honselersdijk",
      "name": "Honselersdijk"
    },
    {
      "id": "hoofddorp",
      "name": "Hoofddorp"
    },
    {
      "id": "hoofdplaat",
      "name": "Hoofdplaat"
    },
    {
      "id": "hoogblokland",
      "name": "Hoogblokland"
    },
    {
      "id": "hooge-zwaluwe",
      "name": "Hooge Zwaluwe"
    },
    {
      "id": "hoogeloon",
      "name": "Hoogeloon"
    },
    {
      "id": "hoogerheide",
      "name": "Hoogerheide"
    },
    {
      "id": "hoogersmilde",
      "name": "Hoogersmilde"
    },
    {
      "id": "hoogeveen",
      "name": "Hoogeveen"
    },
    {
      "id": "hoogezand",
      "name": "Hoogezand"
    },
    {
      "id": "hooghalen",
      "name": "Hooghalen"
    },
    {
      "id": "hoogkarspel",
      "name": "Hoogkarspel"
    },
    {
      "id": "hoogkerk",
      "name": "Hoogkerk"
    },
    {
      "id": "hoogland",
      "name": "Hoogland"
    },
    {
      "id": "hooglanderveen",
      "name": "Hooglanderveen"
    },
    {
      "id": "hoogmade",
      "name": "Hoogmade"
    },
    {
      "id": "hoogvliet",
      "name": "Hoogvliet"
    },
    {
      "id": "hoogwoud",
      "name": "Hoogwoud"
    },
    {
      "id": "hoorn",
      "name": "Hoorn"
    },
    {
      "id": "hoornaar",
      "name": "Hoornaar"
    },
    {
      "id": "horn",
      "name": "Horn"
    },
    {
      "id": "horst",
      "name": "Horst"
    },
    {
      "id": "hout",
      "name": "Hout"
    },
    {
      "id": "houtakker",
      "name": "Houtakker"
    },
    {
      "id": "houten",
      "name": "Houten"
    },
    {
      "id": "huijbergen",
      "name": "Huijbergen"
    },
    {
      "id": "huis-ter-heide",
      "name": "Huis ter Heide"
    },
    {
      "id": "huissen",
      "name": "Huissen"
    },
    {
      "id": "huizen",
      "name": "Huizen"
    },
    {
      "id": "hulsberg",
      "name": "Hulsberg"
    },
    {
      "id": "hulshorst",
      "name": "Hulshorst"
    },
    {
      "id": "hulst",
      "name": "Hulst"
    },
    {
      "id": "hummelo",
      "name": "Hummelo"
    },
    {
      "id": "hurdegaryp",
      "name": "Hurdegaryp"
    },
    {
      "id": "ijhorst",
      "name": "IJhorst"
    },
    {
      "id": "ijlst",
      "name": "IJlst"
    },
    {
      "id": "ijmuiden",
      "name": "IJmuiden"
    },
    {
      "id": "ijsselmuiden",
      "name": "IJsselmuiden"
    },
    {
      "id": "ijsselstein",
      "name": "IJsselstein"
    },
    {
      "id": "ijzendijke",
      "name": "IJzendijke"
    },
    {
      "id": "ijzendoorn",
      "name": "IJzendoorn"
    },
    {
      "id": "ilpendam",
      "name": "Ilpendam"
    },
    {
      "id": "ingelum",
      "name": "Ingelum"
    },
    {
      "id": "ingen",
      "name": "Ingen"
    },
    {
      "id": "ittervoort",
      "name": "Ittervoort"
    },
    {
      "id": "jabeek",
      "name": "Jabeek"
    },
    {
      "id": "jisp",
      "name": "Jisp"
    },
    {
      "id": "joppe",
      "name": "Joppe"
    },
    {
      "id": "joure",
      "name": "Joure"
    },
    {
      "id": "jubbega",
      "name": "Jubbega"
    },
    {
      "id": "julianadorp",
      "name": "Julianadorp"
    },
    {
      "id": "jutrijp",
      "name": "Jutrijp"
    },
    {
      "id": "kaag",
      "name": "Kaag"
    },
    {
      "id": "kaatsheuvel",
      "name": "Kaatsheuvel"
    },
    {
      "id": "kalenberg",
      "name": "Kalenberg"
    },
    {
      "id": "kamerik",
      "name": "Kamerik"
    },
    {
      "id": "kampen",
      "name": "Kampen"
    },
    {
      "id": "kamperland",
      "name": "Kamperland"
    },
    {
      "id": "kantens",
      "name": "Kantens"
    },
    {
      "id": "kapelle",
      "name": "Kapelle"
    },
    {
      "id": "kats",
      "name": "Kats"
    },
    {
      "id": "katwijk",
      "name": "Katwijk"
    },
    {
      "id": "katwijk-aan-zee",
      "name": "Katwijk aan Zee"
    },
    {
      "id": "katwoude",
      "name": "Katwoude"
    },
    {
      "id": "keijenborg",
      "name": "Keijenborg"
    },
    {
      "id": "kekerdom",
      "name": "Kekerdom"
    },
    {
      "id": "keldonk",
      "name": "Keldonk"
    },
    {
      "id": "kerk-avezaath",
      "name": "Kerk-Avezaath"
    },
    {
      "id": "kerkdriel",
      "name": "Kerkdriel"
    },
    {
      "id": "kerkenveld",
      "name": "Kerkenveld"
    },
    {
      "id": "kerkrade",
      "name": "Kerkrade"
    },
    {
      "id": "kessel",
      "name": "Kessel"
    },
    {
      "id": "kesteren",
      "name": "Kesteren"
    },
    {
      "id": "kimswerd",
      "name": "Kimswerd"
    },
    {
      "id": "kinderdijk",
      "name": "Kinderdijk"
    },
    {
      "id": "klaaswaal",
      "name": "Klaaswaal"
    },
    {
      "id": "klazienaveen",
      "name": "Klazienaveen"
    },
    {
      "id": "klimmen",
      "name": "Klimmen"
    },
    {
      "id": "kloetinge",
      "name": "Kloetinge"
    },
    {
      "id": "kloosterhaar",
      "name": "Kloosterhaar"
    },
    {
      "id": "klundert",
      "name": "Klundert"
    },
    {
      "id": "kockengen",
      "name": "Kockengen"
    },
    {
      "id": "koedijk",
      "name": "Koedijk"
    },
    {
      "id": "koekange",
      "name": "Koekange"
    },
    {
      "id": "koewacht",
      "name": "Koewacht"
    },
    {
      "id": "kolham",
      "name": "Kolham"
    },
    {
      "id": "kolhorn",
      "name": "Kolhorn"
    },
    {
      "id": "kollum",
      "name": "Kollum"
    },
    {
      "id": "kommerzijl",
      "name": "Kommerzijl"
    },
    {
      "id": "koog-aan-de-zaan",
      "name": "Koog aan de Zaan"
    },
    {
      "id": "kootstertille",
      "name": "Kootstertille"
    },
    {
      "id": "kootwijkerbroek",
      "name": "Kootwijkerbroek"
    },
    {
      "id": "kortenhoef",
      "name": "Kortenhoef"
    },
    {
      "id": "kortgene",
      "name": "Kortgene"
    },
    {
      "id": "koudekerk-aan-den-rijn",
      "name": "Koudekerk aan den Rijn"
    },
    {
      "id": "koudekerke",
      "name": "Koudekerke"
    },
    {
      "id": "koudum",
      "name": "Koudum"
    },
    {
      "id": "kraggenburg",
      "name": "Kraggenburg"
    },
    {
      "id": "krimpen-aan-de-lek",
      "name": "Krimpen aan de Lek"
    },
    {
      "id": "krimpen-aan-den-ijssel",
      "name": "Krimpen aan den IJssel"
    },
    {
      "id": "krommenie",
      "name": "Krommenie"
    },
    {
      "id": "kropswolde",
      "name": "Kropswolde"
    },
    {
      "id": "kruiningen",
      "name": "Kruiningen"
    },
    {
      "id": "kruisland",
      "name": "Kruisland"
    },
    {
      "id": "kudelstaart",
      "name": "Kudelstaart"
    },
    {
      "id": "kuitaart",
      "name": "Kuitaart"
    },
    {
      "id": "kwintsheul",
      "name": "Kwintsheul"
    },
    {
      "id": "laag-soeren",
      "name": "Laag-Soeren"
    },
    {
      "id": "lage-mierde",
      "name": "Lage Mierde"
    },
    {
      "id": "lage-zwaluwe",
      "name": "Lage Zwaluwe"
    },
    {
      "id": "landsmeer",
      "name": "Landsmeer"
    },
    {
      "id": "langedijk",
      "name": "Langedijk"
    },
    {
      "id": "langezwaag",
      "name": "Langezwaag"
    },
    {
      "id": "laren",
      "name": "Laren"
    },
    {
      "id": "lathum",
      "name": "Lathum"
    },
    {
      "id": "leek",
      "name": "Leek"
    },
    {
      "id": "leerdam",
      "name": "Leerdam"
    },
    {
      "id": "leersum",
      "name": "Leersum"
    },
    {
      "id": "leeuwarden",
      "name": "Leeuwarden"
    },
    {
      "id": "legemeer",
      "name": "Legemeer"
    },
    {
      "id": "leiden",
      "name": "Leiden"
    },
    {
      "id": "leiderdorp",
      "name": "Leiderdorp"
    },
    {
      "id": "leidschendam",
      "name": "Leidschendam"
    },
    {
      "id": "leimuiden",
      "name": "Leimuiden"
    },
    {
      "id": "lekkerkerk",
      "name": "Lekkerkerk"
    },
    {
      "id": "lelystad",
      "name": "Lelystad"
    },
    {
      "id": "lemele",
      "name": "Lemele"
    },
    {
      "id": "lemelerveld",
      "name": "Lemelerveld"
    },
    {
      "id": "lemiers",
      "name": "Lemiers"
    },
    {
      "id": "lemmer",
      "name": "Lemmer"
    },
    {
      "id": "lent",
      "name": "Lent"
    },
    {
      "id": "lettele",
      "name": "Lettele"
    },
    {
      "id": "leusden",
      "name": "Leusden"
    },
    {
      "id": "leuth",
      "name": "Leuth"
    },
    {
      "id": "lewenborg",
      "name": "Lewenborg"
    },
    {
      "id": "lexmond",
      "name": "Lexmond"
    },
    {
      "id": "lichtenvoorde",
      "name": "Lichtenvoorde"
    },
    {
      "id": "liempde",
      "name": "Liempde"
    },
    {
      "id": "lienden",
      "name": "Lienden"
    },
    {
      "id": "lies",
      "name": "Lies"
    },
    {
      "id": "lieshout",
      "name": "Lieshout"
    },
    {
      "id": "liessel",
      "name": "Liessel"
    },
    {
      "id": "lievelde",
      "name": "Lievelde"
    },
    {
      "id": "lijnden",
      "name": "Lijnden"
    },
    {
      "id": "limbricht",
      "name": "Limbricht"
    },
    {
      "id": "limmel",
      "name": "Limmel"
    },
    {
      "id": "limmen",
      "name": "Limmen"
    },
    {
      "id": "linne",
      "name": "Linne"
    },
    {
      "id": "linschoten",
      "name": "Linschoten"
    },
    {
      "id": "lippenhuizen",
      "name": "Lippenhuizen"
    },
    {
      "id": "lisse",
      "name": "Lisse"
    },
    {
      "id": "lithoijen",
      "name": "Lithoijen"
    },
    {
      "id": "lobith",
      "name": "Lobith"
    },
    {
      "id": "lochem",
      "name": "Lochem"
    },
    {
      "id": "loenen",
      "name": "Loenen"
    },
    {
      "id": "loon-op-zand",
      "name": "Loon op Zand"
    },
    {
      "id": "loosdrecht",
      "name": "Loosdrecht"
    },
    {
      "id": "loozen",
      "name": "Loozen"
    },
    {
      "id": "lopik",
      "name": "Lopik"
    },
    {
      "id": "loppersum",
      "name": "Loppersum"
    },
    {
      "id": "losser",
      "name": "Losser"
    },
    {
      "id": "lottum",
      "name": "Lottum"
    },
    {
      "id": "lunteren",
      "name": "Lunteren"
    },
    {
      "id": "lutjebroek",
      "name": "Lutjebroek"
    },
    {
      "id": "lutjewinkel",
      "name": "Lutjewinkel"
    },
    {
      "id": "lutten",
      "name": "Lutten"
    },
    {
      "id": "luyksgestel",
      "name": "Luyksgestel"
    },
    {
      "id": "maarheeze",
      "name": "Maarheeze"
    },
    {
      "id": "maarn",
      "name": "Maarn"
    },
    {
      "id": "maarssen",
      "name": "Maarssen"
    },
    {
      "id": "maarssenbroek",
      "name": "Maarssenbroek"
    },
    {
      "id": "maartensdijk",
      "name": "Maartensdijk"
    },
    {
      "id": "maasbommel",
      "name": "Maasbommel"
    },
    {
      "id": "maasbracht",
      "name": "Maasbracht"
    },
    {
      "id": "maasbree",
      "name": "Maasbree"
    },
    {
      "id": "maasdam",
      "name": "Maasdam"
    },
    {
      "id": "maasdijk",
      "name": "Maasdijk"
    },
    {
      "id": "maashees",
      "name": "Maashees"
    },
    {
      "id": "maaskantje",
      "name": "Maaskantje"
    },
    {
      "id": "maasland",
      "name": "Maasland"
    },
    {
      "id": "maassluis",
      "name": "Maassluis"
    },
    {
      "id": "maastricht",
      "name": "Maastricht"
    },
    {
      "id": "made",
      "name": "Made"
    },
    {
      "id": "makkum",
      "name": "Makkum"
    },
    {
      "id": "malden",
      "name": "Malden"
    },
    {
      "id": "manderveen",
      "name": "Manderveen"
    },
    {
      "id": "margraten",
      "name": "Margraten"
    },
    {
      "id": "marienberg",
      "name": "Marienberg"
    },
    {
      "id": "markelo",
      "name": "Markelo"
    },
    {
      "id": "marknesse",
      "name": "Marknesse"
    },
    {
      "id": "marrum",
      "name": "Marrum"
    },
    {
      "id": "marum",
      "name": "Marum"
    },
    {
      "id": "mastenbroek",
      "name": "Mastenbroek"
    },
    {
      "id": "maurik",
      "name": "Maurik"
    },
    {
      "id": "mechelen",
      "name": "Mechelen"
    },
    {
      "id": "medemblik",
      "name": "Medemblik"
    },
    {
      "id": "meeden",
      "name": "Meeden"
    },
    {
      "id": "meer",
      "name": "Meer"
    },
    {
      "id": "meerkerk",
      "name": "Meerkerk"
    },
    {
      "id": "meerlo",
      "name": "Meerlo"
    },
    {
      "id": "meerssen",
      "name": "Meerssen"
    },
    {
      "id": "meeuwen",
      "name": "Meeuwen"
    },
    {
      "id": "megchelen",
      "name": "Megchelen"
    },
    {
      "id": "meijel",
      "name": "Meijel"
    },
    {
      "id": "melick",
      "name": "Melick"
    },
    {
      "id": "meppel",
      "name": "Meppel"
    },
    {
      "id": "merkelbeek",
      "name": "Merkelbeek"
    },
    {
      "id": "merselo",
      "name": "Merselo"
    },
    {
      "id": "middelbeers",
      "name": "Middelbeers"
    },
    {
      "id": "middelburg",
      "name": "Middelburg"
    },
    {
      "id": "middelharnis",
      "name": "Middelharnis"
    },
    {
      "id": "middenbeemster",
      "name": "Middenbeemster"
    },
    {
      "id": "middenmeer",
      "name": "Middenmeer"
    },
    {
      "id": "midlum",
      "name": "Midlum"
    },
    {
      "id": "mierlo",
      "name": "Mierlo"
    },
    {
      "id": "mijdrecht",
      "name": "Mijdrecht"
    },
    {
      "id": "mijnsheerenland",
      "name": "Mijnsheerenland"
    },
    {
      "id": "mildam",
      "name": "Mildam"
    },
    {
      "id": "milheeze",
      "name": "Milheeze"
    },
    {
      "id": "mill",
      "name": "Mill"
    },
    {
      "id": "millingen",
      "name": "Millingen"
    },
    {
      "id": "millingen-aan-de-rijn",
      "name": "Millingen aan de Rijn"
    },
    {
      "id": "milsbeek",
      "name": "Milsbeek"
    },
    {
      "id": "moerdijk",
      "name": "Moerdijk"
    },
    {
      "id": "moergestel",
      "name": "Moergestel"
    },
    {
      "id": "moerkapelle",
      "name": "Moerkapelle"
    },
    {
      "id": "molenaarsgraaf",
      "name": "Molenaarsgraaf"
    },
    {
      "id": "molenhoek",
      "name": "Molenhoek"
    },
    {
      "id": "molenschot",
      "name": "Molenschot"
    },
    {
      "id": "monnickendam",
      "name": "Monnickendam"
    },
    {
      "id": "monster",
      "name": "Monster"
    },
    {
      "id": "montfoort",
      "name": "Montfoort"
    },
    {
      "id": "montfort",
      "name": "Montfort"
    },
    {
      "id": "mook",
      "name": "Mook"
    },
    {
      "id": "mookhoek",
      "name": "Mookhoek"
    },
    {
      "id": "moordrecht",
      "name": "Moordrecht"
    },
    {
      "id": "mortel",
      "name": "Mortel"
    },
    {
      "id": "muiden",
      "name": "Muiden"
    },
    {
      "id": "muiderberg",
      "name": "Muiderberg"
    },
    {
      "id": "munstergeleen",
      "name": "Munstergeleen"
    },
    {
      "id": "muntendam",
      "name": "Muntendam"
    },
    {
      "id": "mussel",
      "name": "Mussel"
    },
    {
      "id": "naaldwijk",
      "name": "Naaldwijk"
    },
    {
      "id": "naarden",
      "name": "Naarden"
    },
    {
      "id": "nederasselt",
      "name": "Nederasselt"
    },
    {
      "id": "nederhemert",
      "name": "Nederhemert"
    },
    {
      "id": "nederhorst-den-berg",
      "name": "Nederhorst den Berg"
    },
    {
      "id": "nederweert",
      "name": "Nederweert"
    },
    {
      "id": "neede",
      "name": "Neede"
    },
    {
      "id": "neer",
      "name": "Neer"
    },
    {
      "id": "neer-andel",
      "name": "Neer-Andel"
    },
    {
      "id": "nes",
      "name": "Nes"
    },
    {
      "id": "netterden",
      "name": "Netterden"
    },
    {
      "id": "nibbixwoud",
      "name": "Nibbixwoud"
    },
    {
      "id": "nieuw-amsterdam",
      "name": "Nieuw-Amsterdam"
    },
    {
      "id": "nieuw-balinge",
      "name": "Nieuw-Balinge"
    },
    {
      "id": "nieuw-beijerland",
      "name": "Nieuw-Beijerland"
    },
    {
      "id": "nieuw-bergen",
      "name": "Nieuw-Bergen"
    },
    {
      "id": "nieuw-buinen",
      "name": "Nieuw-Buinen"
    },
    {
      "id": "nieuw-dordrecht",
      "name": "Nieuw-Dordrecht"
    },
    {
      "id": "nieuw-lekkerland",
      "name": "Nieuw-Lekkerland"
    },
    {
      "id": "nieuw-namen",
      "name": "Nieuw-Namen"
    },
    {
      "id": "nieuw-schoonebeek",
      "name": "Nieuw-Schoonebeek"
    },
    {
      "id": "nieuw-vennep",
      "name": "Nieuw-Vennep"
    },
    {
      "id": "nieuw-vossemeer",
      "name": "Nieuw-Vossemeer"
    },
    {
      "id": "nieuwdorp",
      "name": "Nieuwdorp"
    },
    {
      "id": "nieuwe-pekela",
      "name": "Nieuwe Pekela"
    },
    {
      "id": "nieuwe-wetering",
      "name": "Nieuwe Wetering"
    },
    {
      "id": "nieuwe-niedorp",
      "name": "Nieuwe-Niedorp"
    },
    {
      "id": "nieuwe-tonge",
      "name": "Nieuwe-Tonge"
    },
    {
      "id": "nieuwegein",
      "name": "Nieuwegein"
    },
    {
      "id": "nieuwehorne",
      "name": "Nieuwehorne"
    },
    {
      "id": "nieuwendijk",
      "name": "Nieuwendijk"
    },
    {
      "id": "nieuwer-ter-aa",
      "name": "Nieuwer-Ter-Aa"
    },
    {
      "id": "nieuwerbrug",
      "name": "Nieuwerbrug"
    },
    {
      "id": "nieuwerkerk-aan-den-ijssel",
      "name": "Nieuwerkerk aan den IJssel"
    },
    {
      "id": "nieuweschoot",
      "name": "Nieuweschoot"
    },
    {
      "id": "nieuwkoop",
      "name": "Nieuwkoop"
    },
    {
      "id": "nieuwkuijk",
      "name": "Nieuwkuijk"
    },
    {
      "id": "nieuwlande",
      "name": "Nieuwlande"
    },
    {
      "id": "nieuwleusen",
      "name": "Nieuwleusen"
    },
    {
      "id": "nieuwolda",
      "name": "Nieuwolda"
    },
    {
      "id": "nieuwpoort",
      "name": "Nieuwpoort"
    },
    {
      "id": "nieuwstadt",
      "name": "Nieuwstadt"
    },
    {
      "id": "nieuwveen",
      "name": "Nieuwveen"
    },
    {
      "id": "nigtevecht",
      "name": "Nigtevecht"
    },
    {
      "id": "nijbroek",
      "name": "Nijbroek"
    },
    {
      "id": "nijhuizum",
      "name": "Nijhuizum"
    },
    {
      "id": "nijkerk",
      "name": "Nijkerk"
    },
    {
      "id": "nijkerkerveen",
      "name": "Nijkerkerveen"
    },
    {
      "id": "nijland",
      "name": "Nijland"
    },
    {
      "id": "nijmegen",
      "name": "Nijmegen"
    },
    {
      "id": "nijnsel",
      "name": "Nijnsel"
    },
    {
      "id": "nijverdal",
      "name": "Nijverdal"
    },
    {
      "id": "nistelrode",
      "name": "Nistelrode"
    },
    {
      "id": "noardburgum",
      "name": "Noardburgum"
    },
    {
      "id": "noorbeek",
      "name": "Noorbeek"
    },
    {
      "id": "noord-scharwoude",
      "name": "Noord-Scharwoude"
    },
    {
      "id": "noord-sleen",
      "name": "Noord-Sleen"
    },
    {
      "id": "noordbroek",
      "name": "Noordbroek"
    },
    {
      "id": "noordeloos",
      "name": "Noordeloos"
    },
    {
      "id": "noorden",
      "name": "Noorden"
    },
    {
      "id": "noordgouwe",
      "name": "Noordgouwe"
    },
    {
      "id": "noordhorn",
      "name": "Noordhorn"
    },
    {
      "id": "noordlaren",
      "name": "Noordlaren"
    },
    {
      "id": "noordscheschut",
      "name": "Noordscheschut"
    },
    {
      "id": "noordwelle",
      "name": "Noordwelle"
    },
    {
      "id": "noordwijk-aan-zee",
      "name": "Noordwijk aan Zee"
    },
    {
      "id": "noordwijk-binnen",
      "name": "Noordwijk-Binnen"
    },
    {
      "id": "noordwijkerhout",
      "name": "Noordwijkerhout"
    },
    {
      "id": "noordwolde",
      "name": "Noordwolde"
    },
    {
      "id": "nootdorp",
      "name": "Nootdorp"
    },
    {
      "id": "norg",
      "name": "Norg"
    },
    {
      "id": "nuenen",
      "name": "Nuenen"
    },
    {
      "id": "nuis",
      "name": "Nuis"
    },
    {
      "id": "nuland",
      "name": "Nuland"
    },
    {
      "id": "numansdorp",
      "name": "Numansdorp"
    },
    {
      "id": "nunhem",
      "name": "Nunhem"
    },
    {
      "id": "nunspeet",
      "name": "Nunspeet"
    },
    {
      "id": "nuth",
      "name": "Nuth"
    },
    {
      "id": "obbicht",
      "name": "Obbicht"
    },
    {
      "id": "obdam",
      "name": "Obdam"
    },
    {
      "id": "ochten",
      "name": "Ochten"
    },
    {
      "id": "odijk",
      "name": "Odijk"
    },
    {
      "id": "oeffelt",
      "name": "Oeffelt"
    },
    {
      "id": "oegstgeest",
      "name": "Oegstgeest"
    },
    {
      "id": "oene",
      "name": "Oene"
    },
    {
      "id": "oijen",
      "name": "Oijen"
    },
    {
      "id": "oirsbeek",
      "name": "Oirsbeek"
    },
    {
      "id": "oirschot",
      "name": "Oirschot"
    },
    {
      "id": "oisterwijk",
      "name": "Oisterwijk"
    },
    {
      "id": "oldeberkoop",
      "name": "Oldeberkoop"
    },
    {
      "id": "oldebroek",
      "name": "Oldebroek"
    },
    {
      "id": "oldeholtpade",
      "name": "Oldeholtpade"
    },
    {
      "id": "oldehove",
      "name": "Oldehove"
    },
    {
      "id": "oldekerk",
      "name": "Oldekerk"
    },
    {
      "id": "oldemarkt",
      "name": "Oldemarkt"
    },
    {
      "id": "oldenzaal",
      "name": "Oldenzaal"
    },
    {
      "id": "olst",
      "name": "Olst"
    },
    {
      "id": "ommen",
      "name": "Ommen"
    },
    {
      "id": "onnen",
      "name": "Onnen"
    },
    {
      "id": "ooij",
      "name": "Ooij"
    },
    {
      "id": "ooltgensplaat",
      "name": "Ooltgensplaat"
    },
    {
      "id": "oost-souburg",
      "name": "Oost-Souburg"
    },
    {
      "id": "oostburg",
      "name": "Oostburg"
    },
    {
      "id": "oostendam",
      "name": "Oostendam"
    },
    {
      "id": "oosterbeek",
      "name": "Oosterbeek"
    },
    {
      "id": "oosterbierum",
      "name": "Oosterbierum"
    },
    {
      "id": "oosterend",
      "name": "Oosterend"
    },
    {
      "id": "oosterhesselen",
      "name": "Oosterhesselen"
    },
    {
      "id": "oosterhout",
      "name": "Oosterhout"
    },
    {
      "id": "oosterland",
      "name": "Oosterland"
    },
    {
      "id": "oosternijkerk",
      "name": "Oosternijkerk"
    },
    {
      "id": "oosterwolde",
      "name": "Oosterwolde"
    },
    {
      "id": "oosterzee",
      "name": "Oosterzee"
    },
    {
      "id": "oosthuizen",
      "name": "Oosthuizen"
    },
    {
      "id": "oostkapelle",
      "name": "Oostkapelle"
    },
    {
      "id": "oostvoorne",
      "name": "Oostvoorne"
    },
    {
      "id": "oostwold",
      "name": "Oostwold"
    },
    {
      "id": "oostwoud",
      "name": "Oostwoud"
    },
    {
      "id": "oostzaan",
      "name": "Oostzaan"
    },
    {
      "id": "ootmarsum",
      "name": "Ootmarsum"
    },
    {
      "id": "op-den-bosch",
      "name": "Op den Bosch"
    },
    {
      "id": "opeinde",
      "name": "Opeinde"
    },
    {
      "id": "ophemert",
      "name": "Ophemert"
    },
    {
      "id": "opheusden",
      "name": "Opheusden"
    },
    {
      "id": "opmeer",
      "name": "Opmeer"
    },
    {
      "id": "oranje",
      "name": "Oranje"
    },
    {
      "id": "oranjewoud",
      "name": "Oranjewoud"
    },
    {
      "id": "ospel",
      "name": "Ospel"
    },
    {
      "id": "oss",
      "name": "Oss"
    },
    {
      "id": "ossendrecht",
      "name": "Ossendrecht"
    },
    {
      "id": "oterleek",
      "name": "Oterleek"
    },
    {
      "id": "otterlo",
      "name": "Otterlo"
    },
    {
      "id": "ottersum",
      "name": "Ottersum"
    },
    {
      "id": "oud-ade",
      "name": "Oud-Ade"
    },
    {
      "id": "oud-alblas",
      "name": "Oud-Alblas"
    },
    {
      "id": "oud-beijerland",
      "name": "Oud-Beijerland"
    },
    {
      "id": "oud-gastel",
      "name": "Oud-Gastel"
    },
    {
      "id": "oud-zuilen",
      "name": "Oud-Zuilen"
    },
    {
      "id": "ouddorp",
      "name": "Ouddorp"
    },
    {
      "id": "oude-pekela",
      "name": "Oude Pekela"
    },
    {
      "id": "oude-wetering",
      "name": "Oude Wetering"
    },
    {
      "id": "oude-tonge",
      "name": "Oude-Tonge"
    },
    {
      "id": "oudega",
      "name": "Oudega"
    },
    {
      "id": "oudehaske",
      "name": "Oudehaske"
    },
    {
      "id": "oudehorne",
      "name": "Oudehorne"
    },
    {
      "id": "oudelande",
      "name": "Oudelande"
    },
    {
      "id": "oudemirdum",
      "name": "Oudemirdum"
    },
    {
      "id": "oudemolen",
      "name": "Oudemolen"
    },
    {
      "id": "oudenbosch",
      "name": "Oudenbosch"
    },
    {
      "id": "oudendijk",
      "name": "Oudendijk"
    },
    {
      "id": "ouderkerk-aan-de-amstel",
      "name": "Ouderkerk aan de Amstel"
    },
    {
      "id": "oudeschild",
      "name": "Oudeschild"
    },
    {
      "id": "oudesluis",
      "name": "Oudesluis"
    },
    {
      "id": "oudewater",
      "name": "Oudewater"
    },
    {
      "id": "oudkarspel",
      "name": "Oudkarspel"
    },
    {
      "id": "oudorp",
      "name": "Oudorp"
    },
    {
      "id": "oudwoude",
      "name": "Oudwoude"
    },
    {
      "id": "overasselt",
      "name": "Overasselt"
    },
    {
      "id": "overberg",
      "name": "Overberg"
    },
    {
      "id": "overdinkel",
      "name": "Overdinkel"
    },
    {
      "id": "overloon",
      "name": "Overloon"
    },
    {
      "id": "overveen",
      "name": "Overveen"
    },
    {
      "id": "ovezande",
      "name": "Ovezande"
    },
    {
      "id": "palemig",
      "name": "Palemig"
    },
    {
      "id": "pannerden",
      "name": "Pannerden"
    },
    {
      "id": "panningen",
      "name": "Panningen"
    },
    {
      "id": "papekop",
      "name": "Papekop"
    },
    {
      "id": "papendrecht",
      "name": "Papendrecht"
    },
    {
      "id": "partij",
      "name": "Partij"
    },
    {
      "id": "paterswolde",
      "name": "Paterswolde"
    },
    {
      "id": "peize",
      "name": "Peize"
    },
    {
      "id": "pernis",
      "name": "Pernis"
    },
    {
      "id": "petten",
      "name": "Petten"
    },
    {
      "id": "philippine",
      "name": "Philippine"
    },
    {
      "id": "piershil",
      "name": "Piershil"
    },
    {
      "id": "pieterburen",
      "name": "Pieterburen"
    },
    {
      "id": "pieterzijl",
      "name": "Pieterzijl"
    },
    {
      "id": "pijnacker",
      "name": "Pijnacker"
    },
    {
      "id": "pingjum",
      "name": "Pingjum"
    },
    {
      "id": "plasmolen",
      "name": "Plasmolen"
    },
    {
      "id": "poeldijk",
      "name": "Poeldijk"
    },
    {
      "id": "poortugaal",
      "name": "Poortugaal"
    },
    {
      "id": "poortvliet",
      "name": "Poortvliet"
    },
    {
      "id": "posterholt",
      "name": "Posterholt"
    },
    {
      "id": "princenhof",
      "name": "Princenhof"
    },
    {
      "id": "prinsenbeek",
      "name": "Prinsenbeek"
    },
    {
      "id": "puiflijk",
      "name": "Puiflijk"
    },
    {
      "id": "purmerend",
      "name": "Purmerend"
    },
    {
      "id": "purmerland",
      "name": "Purmerland"
    },
    {
      "id": "puth",
      "name": "Puth"
    },
    {
      "id": "putte",
      "name": "Putte"
    },
    {
      "id": "putten",
      "name": "Putten"
    },
    {
      "id": "puttershoek",
      "name": "Puttershoek"
    },
    {
      "id": "raalte",
      "name": "Raalte"
    },
    {
      "id": "raamsdonksveer",
      "name": "Raamsdonksveer"
    },
    {
      "id": "randwijk",
      "name": "Randwijk"
    },
    {
      "id": "ravenstein",
      "name": "Ravenstein"
    },
    {
      "id": "ravenswoud",
      "name": "Ravenswoud"
    },
    {
      "id": "reeuwijk",
      "name": "Reeuwijk"
    },
    {
      "id": "rekken",
      "name": "Rekken"
    },
    {
      "id": "renesse",
      "name": "Renesse"
    },
    {
      "id": "renkum",
      "name": "Renkum"
    },
    {
      "id": "renswoude",
      "name": "Renswoude"
    },
    {
      "id": "ressen",
      "name": "Ressen"
    },
    {
      "id": "retranchement",
      "name": "Retranchement"
    },
    {
      "id": "reusel",
      "name": "Reusel"
    },
    {
      "id": "reuver",
      "name": "Reuver"
    },
    {
      "id": "rheden",
      "name": "Rheden"
    },
    {
      "id": "rhenen",
      "name": "Rhenen"
    },
    {
      "id": "rhenoy",
      "name": "Rhenoy"
    },
    {
      "id": "rhoon",
      "name": "Rhoon"
    },
    {
      "id": "ridderkerk",
      "name": "Ridderkerk"
    },
    {
      "id": "riethoven",
      "name": "Riethoven"
    },
    {
      "id": "rietveld",
      "name": "Rietveld"
    },
    {
      "id": "rijckholt",
      "name": "Rijckholt"
    },
    {
      "id": "rijen",
      "name": "Rijen"
    },
    {
      "id": "rijkevoort",
      "name": "Rijkevoort"
    },
    {
      "id": "rijnsburg",
      "name": "Rijnsburg"
    },
    {
      "id": "rijpwetering",
      "name": "Rijpwetering"
    },
    {
      "id": "rijsbergen",
      "name": "Rijsbergen"
    },
    {
      "id": "rijsenhout",
      "name": "Rijsenhout"
    },
    {
      "id": "rijssen",
      "name": "Rijssen"
    },
    {
      "id": "rijswijk",
      "name": "Rijswijk"
    },
    {
      "id": "rilland",
      "name": "Rilland"
    },
    {
      "id": "rinsumageast",
      "name": "Rinsumageast"
    },
    {
      "id": "rips",
      "name": "Rips"
    },
    {
      "id": "rivierenwijk",
      "name": "Rivierenwijk"
    },
    {
      "id": "rixtel",
      "name": "Rixtel"
    },
    {
      "id": "rockanje",
      "name": "Rockanje"
    },
    {
      "id": "roden",
      "name": "Roden"
    },
    {
      "id": "rodenrijs",
      "name": "Rodenrijs"
    },
    {
      "id": "roelofarendsveen",
      "name": "Roelofarendsveen"
    },
    {
      "id": "roermond",
      "name": "Roermond"
    },
    {
      "id": "roggel",
      "name": "Roggel"
    },
    {
      "id": "rolde",
      "name": "Rolde"
    },
    {
      "id": "roodeschool",
      "name": "Roodeschool"
    },
    {
      "id": "roosendaal",
      "name": "Roosendaal"
    },
    {
      "id": "roosteren",
      "name": "Roosteren"
    },
    {
      "id": "rooth",
      "name": "Rooth"
    },
    {
      "id": "rosmalen",
      "name": "Rosmalen"
    },
    {
      "id": "rossum",
      "name": "Rossum"
    },
    {
      "id": "rotterdam",
      "name": "Rotterdam"
    },
    {
      "id": "rottum",
      "name": "Rottum"
    },
    {
      "id": "rozenburg",
      "name": "Rozenburg"
    },
    {
      "id": "rozendaal",
      "name": "Rozendaal"
    },
    {
      "id": "rucphen",
      "name": "Rucphen"
    },
    {
      "id": "ruinen",
      "name": "Ruinen"
    },
    {
      "id": "ruinerwold",
      "name": "Ruinerwold"
    },
    {
      "id": "rutten",
      "name": "Rutten"
    },
    {
      "id": "ruurlo",
      "name": "Ruurlo"
    },
    {
      "id": "s-heerenberg",
      "name": "s-Heerenberg"
    },
    {
      "id": "saasveld",
      "name": "Saasveld"
    },
    {
      "id": "sambeek",
      "name": "Sambeek"
    },
    {
      "id": "santpoort-noord",
      "name": "Santpoort-Noord"
    },
    {
      "id": "sappemeer",
      "name": "Sappemeer"
    },
    {
      "id": "sas-van-gent",
      "name": "Sas van Gent"
    },
    {
      "id": "sassenheim",
      "name": "Sassenheim"
    },
    {
      "id": "schagen",
      "name": "Schagen"
    },
    {
      "id": "schagerbrug",
      "name": "Schagerbrug"
    },
    {
      "id": "schaijk",
      "name": "Schaijk"
    },
    {
      "id": "schalkhaar",
      "name": "Schalkhaar"
    },
    {
      "id": "scharmer",
      "name": "Scharmer"
    },
    {
      "id": "scheemda",
      "name": "Scheemda"
    },
    {
      "id": "schellinkhout",
      "name": "Schellinkhout"
    },
    {
      "id": "schermerhorn",
      "name": "Schermerhorn"
    },
    {
      "id": "scherpenisse",
      "name": "Scherpenisse"
    },
    {
      "id": "scherpenzeel",
      "name": "Scherpenzeel"
    },
    {
      "id": "schiedam",
      "name": "Schiedam"
    },
    {
      "id": "schiermonnikoog",
      "name": "Schiermonnikoog"
    },
    {
      "id": "schijndel",
      "name": "Schijndel"
    },
    {
      "id": "schildwolde",
      "name": "Schildwolde"
    },
    {
      "id": "schimmert",
      "name": "Schimmert"
    },
    {
      "id": "schin-op-geul",
      "name": "Schin op Geul"
    },
    {
      "id": "schinnen",
      "name": "Schinnen"
    },
    {
      "id": "schinveld",
      "name": "Schinveld"
    },
    {
      "id": "schipborg",
      "name": "Schipborg"
    },
    {
      "id": "schipluiden",
      "name": "Schipluiden"
    },
    {
      "id": "schoondijke",
      "name": "Schoondijke"
    },
    {
      "id": "schoonebeek",
      "name": "Schoonebeek"
    },
    {
      "id": "schoonhoven",
      "name": "Schoonhoven"
    },
    {
      "id": "schoorl",
      "name": "Schoorl"
    },
    {
      "id": "schore",
      "name": "Schore"
    },
    {
      "id": "sellingen",
      "name": "Sellingen"
    },
    {
      "id": "serooskerke",
      "name": "Serooskerke"
    },
    {
      "id": "sevenum",
      "name": "Sevenum"
    },
    {
      "id": "sibculo",
      "name": "Sibculo"
    },
    {
      "id": "siddeburen",
      "name": "Siddeburen"
    },
    {
      "id": "siebengewald",
      "name": "Siebengewald"
    },
    {
      "id": "silvolde",
      "name": "Silvolde"
    },
    {
      "id": "simpelveld",
      "name": "Simpelveld"
    },
    {
      "id": "sint-agatha",
      "name": "Sint Agatha"
    },
    {
      "id": "sint-annaland",
      "name": "Sint Annaland"
    },
    {
      "id": "sint-annaparochie",
      "name": "Sint Annaparochie"
    },
    {
      "id": "sint-anthonis",
      "name": "Sint Anthonis"
    },
    {
      "id": "sint-hubert",
      "name": "Sint Hubert"
    },
    {
      "id": "sint-jansteen",
      "name": "Sint Jansteen"
    },
    {
      "id": "sint-joost",
      "name": "Sint Joost"
    },
    {
      "id": "sint-maarten",
      "name": "Sint Maarten"
    },
    {
      "id": "sint-maartensdijk",
      "name": "Sint Maartensdijk"
    },
    {
      "id": "sint-nicolaasga",
      "name": "Sint Nicolaasga"
    },
    {
      "id": "sint-odilienberg",
      "name": "Sint Odilienberg"
    },
    {
      "id": "sint-pancras",
      "name": "Sint Pancras"
    },
    {
      "id": "sint-philipsland",
      "name": "Sint Philipsland"
    },
    {
      "id": "sint-willebrord",
      "name": "Sint Willebrord"
    },
    {
      "id": "sint-michielsgestel",
      "name": "Sint-Michielsgestel"
    },
    {
      "id": "sint-oedenrode",
      "name": "Sint-Oedenrode"
    },
    {
      "id": "sintjohannesga",
      "name": "Sintjohannesga"
    },
    {
      "id": "sittard",
      "name": "Sittard"
    },
    {
      "id": "slagharen",
      "name": "Slagharen"
    },
    {
      "id": "sleen",
      "name": "Sleen"
    },
    {
      "id": "sleeuwijk",
      "name": "Sleeuwijk"
    },
    {
      "id": "slenaken",
      "name": "Slenaken"
    },
    {
      "id": "sliedrecht",
      "name": "Sliedrecht"
    },
    {
      "id": "slijk-ewijk",
      "name": "Slijk-Ewijk"
    },
    {
      "id": "slochteren",
      "name": "Slochteren"
    },
    {
      "id": "slootdorp",
      "name": "Slootdorp"
    },
    {
      "id": "sloterdijk",
      "name": "Sloterdijk"
    },
    {
      "id": "sluis",
      "name": "Sluis"
    },
    {
      "id": "sluiskil",
      "name": "Sluiskil"
    },
    {
      "id": "smilde",
      "name": "Smilde"
    },
    {
      "id": "sneek",
      "name": "Sneek"
    },
    {
      "id": "soerendonk",
      "name": "Soerendonk"
    },
    {
      "id": "soest",
      "name": "Soest"
    },
    {
      "id": "soesterberg",
      "name": "Soesterberg"
    },
    {
      "id": "someren",
      "name": "Someren"
    },
    {
      "id": "sommelsdijk",
      "name": "Sommelsdijk"
    },
    {
      "id": "son-en-breugel",
      "name": "Son en Breugel"
    },
    {
      "id": "spaarndam",
      "name": "Spaarndam"
    },
    {
      "id": "spakenburg",
      "name": "Spakenburg"
    },
    {
      "id": "spanbroek",
      "name": "Spanbroek"
    },
    {
      "id": "spaubeek",
      "name": "Spaubeek"
    },
    {
      "id": "spierdijk",
      "name": "Spierdijk"
    },
    {
      "id": "spijk",
      "name": "Spijk"
    },
    {
      "id": "spijkenisse",
      "name": "Spijkenisse"
    },
    {
      "id": "sprang",
      "name": "Sprang"
    },
    {
      "id": "sprundel",
      "name": "Sprundel"
    },
    {
      "id": "stadskanaal",
      "name": "Stadskanaal"
    },
    {
      "id": "stampersgat",
      "name": "Stampersgat"
    },
    {
      "id": "staphorst",
      "name": "Staphorst"
    },
    {
      "id": "stationsbuurt",
      "name": "Stationsbuurt"
    },
    {
      "id": "stedum",
      "name": "Stedum"
    },
    {
      "id": "steenbergen",
      "name": "Steenbergen"
    },
    {
      "id": "steensel",
      "name": "Steensel"
    },
    {
      "id": "steenwijk",
      "name": "Steenwijk"
    },
    {
      "id": "steggerda",
      "name": "Steggerda"
    },
    {
      "id": "steijl",
      "name": "Steijl"
    },
    {
      "id": "stein",
      "name": "Stein"
    },
    {
      "id": "stellendam",
      "name": "Stellendam"
    },
    {
      "id": "sterksel",
      "name": "Sterksel"
    },
    {
      "id": "stevensbeek",
      "name": "Stevensbeek"
    },
    {
      "id": "stevensweert",
      "name": "Stevensweert"
    },
    {
      "id": "stiens",
      "name": "Stiens"
    },
    {
      "id": "stolwijk",
      "name": "Stolwijk"
    },
    {
      "id": "stompetoren",
      "name": "Stompetoren"
    },
    {
      "id": "stompwijk",
      "name": "Stompwijk"
    },
    {
      "id": "stoutenburg",
      "name": "Stoutenburg"
    },
    {
      "id": "strijen",
      "name": "Strijen"
    },
    {
      "id": "strijensas",
      "name": "Strijensas"
    },
    {
      "id": "stroe",
      "name": "Stroe"
    },
    {
      "id": "stuifzand",
      "name": "Stuifzand"
    },
    {
      "id": "sumar",
      "name": "Sumar"
    },
    {
      "id": "surhuisterveen",
      "name": "Surhuisterveen"
    },
    {
      "id": "surhuizum",
      "name": "Surhuizum"
    },
    {
      "id": "susteren",
      "name": "Susteren"
    },
    {
      "id": "suwald",
      "name": "Suwald"
    },
    {
      "id": "swalmen",
      "name": "Swalmen"
    },
    {
      "id": "sweikhuizen",
      "name": "Sweikhuizen"
    },
    {
      "id": "swifterbant",
      "name": "Swifterbant"
    },
    {
      "id": "taarlo",
      "name": "Taarlo"
    },
    {
      "id": "tegelen",
      "name": "Tegelen"
    },
    {
      "id": "ten-boer",
      "name": "Ten Boer"
    },
    {
      "id": "ten-post",
      "name": "Ten Post"
    },
    {
      "id": "ter-aar",
      "name": "Ter Aar"
    },
    {
      "id": "ter-apel",
      "name": "Ter Apel"
    },
    {
      "id": "ter-apelkanaal",
      "name": "Ter Apelkanaal"
    },
    {
      "id": "terblijt",
      "name": "Terblijt"
    },
    {
      "id": "terborg",
      "name": "Terborg"
    },
    {
      "id": "terheijden",
      "name": "Terheijden"
    },
    {
      "id": "terneuzen",
      "name": "Terneuzen"
    },
    {
      "id": "terschuur",
      "name": "Terschuur"
    },
    {
      "id": "teteringen",
      "name": "Teteringen"
    },
    {
      "id": "the-hague",
      "name": "The Hague"
    },
    {
      "id": "tholen",
      "name": "Tholen"
    },
    {
      "id": "tiel",
      "name": "Tiel"
    },
    {
      "id": "tienhoven",
      "name": "Tienhoven"
    },
    {
      "id": "tienraij",
      "name": "Tienraij"
    },
    {
      "id": "tijnje",
      "name": "Tijnje"
    },
    {
      "id": "tilburg",
      "name": "Tilburg"
    },
    {
      "id": "tilligte",
      "name": "Tilligte"
    },
    {
      "id": "tinte",
      "name": "Tinte"
    },
    {
      "id": "tjerkwerd",
      "name": "Tjerkwerd"
    },
    {
      "id": "tolbert",
      "name": "Tolbert"
    },
    {
      "id": "toldijk",
      "name": "Toldijk"
    },
    {
      "id": "tolkamer",
      "name": "Tolkamer"
    },
    {
      "id": "tricht",
      "name": "Tricht"
    },
    {
      "id": "tubbergen",
      "name": "Tubbergen"
    },
    {
      "id": "tuitjenhorn",
      "name": "Tuitjenhorn"
    },
    {
      "id": "tull",
      "name": "Tull"
    },
    {
      "id": "tweede-exloermond",
      "name": "Tweede Exloermond"
    },
    {
      "id": "tweede-valthermond",
      "name": "Tweede Valthermond"
    },
    {
      "id": "twello",
      "name": "Twello"
    },
    {
      "id": "twijzelerheide",
      "name": "Twijzelerheide"
    },
    {
      "id": "twisk",
      "name": "Twisk"
    },
    {
      "id": "tynaarlo",
      "name": "Tynaarlo"
    },
    {
      "id": "tytsjerk",
      "name": "Tytsjerk"
    },
    {
      "id": "tzummarum",
      "name": "Tzummarum"
    },
    {
      "id": "uddel",
      "name": "Uddel"
    },
    {
      "id": "uden",
      "name": "Uden"
    },
    {
      "id": "udenhout",
      "name": "Udenhout"
    },
    {
      "id": "ugchelen",
      "name": "Ugchelen"
    },
    {
      "id": "uitdam",
      "name": "Uitdam"
    },
    {
      "id": "uitgeest",
      "name": "Uitgeest"
    },
    {
      "id": "uithoorn",
      "name": "Uithoorn"
    },
    {
      "id": "uithuizen",
      "name": "Uithuizen"
    },
    {
      "id": "uithuizermeeden",
      "name": "Uithuizermeeden"
    },
    {
      "id": "uitwellingerga",
      "name": "Uitwellingerga"
    },
    {
      "id": "ulestraten",
      "name": "Ulestraten"
    },
    {
      "id": "ulft",
      "name": "Ulft"
    },
    {
      "id": "ulicoten",
      "name": "Ulicoten"
    },
    {
      "id": "ulrum",
      "name": "Ulrum"
    },
    {
      "id": "ulvenhout",
      "name": "Ulvenhout"
    },
    {
      "id": "ureterp",
      "name": "Ureterp"
    },
    {
      "id": "urk",
      "name": "Urk"
    },
    {
      "id": "urmond",
      "name": "Urmond"
    },
    {
      "id": "ursem",
      "name": "Ursem"
    },
    {
      "id": "utrecht",
      "name": "Utrecht"
    },
    {
      "id": "vaals",
      "name": "Vaals"
    },
    {
      "id": "vaassen",
      "name": "Vaassen"
    },
    {
      "id": "valburg",
      "name": "Valburg"
    },
    {
      "id": "valkenburg",
      "name": "Valkenburg"
    },
    {
      "id": "valkenswaard",
      "name": "Valkenswaard"
    },
    {
      "id": "valthe",
      "name": "Valthe"
    },
    {
      "id": "valthermond",
      "name": "Valthermond"
    },
    {
      "id": "varik",
      "name": "Varik"
    },
    {
      "id": "varsseveld",
      "name": "Varsseveld"
    },
    {
      "id": "vasse",
      "name": "Vasse"
    },
    {
      "id": "veen",
      "name": "Veen"
    },
    {
      "id": "veendam",
      "name": "Veendam"
    },
    {
      "id": "veenendaal",
      "name": "Veenendaal"
    },
    {
      "id": "veenhuizen",
      "name": "Veenhuizen"
    },
    {
      "id": "veenoord",
      "name": "Veenoord"
    },
    {
      "id": "veghel",
      "name": "Veghel"
    },
    {
      "id": "velddriel",
      "name": "Velddriel"
    },
    {
      "id": "velden",
      "name": "Velden"
    },
    {
      "id": "veldhoven",
      "name": "Veldhoven"
    },
    {
      "id": "velp",
      "name": "Velp"
    },
    {
      "id": "velsen",
      "name": "Velsen"
    },
    {
      "id": "velsen-noord",
      "name": "Velsen-Noord"
    },
    {
      "id": "ven-zelderheide",
      "name": "Ven-Zelderheide"
    },
    {
      "id": "venhorst",
      "name": "Venhorst"
    },
    {
      "id": "venhuizen",
      "name": "Venhuizen"
    },
    {
      "id": "venlo",
      "name": "Venlo"
    },
    {
      "id": "venray",
      "name": "Venray"
    },
    {
      "id": "vianen",
      "name": "Vianen"
    },
    {
      "id": "vierhouten",
      "name": "Vierhouten"
    },
    {
      "id": "vierlingsbeek",
      "name": "Vierlingsbeek"
    },
    {
      "id": "vierpolders",
      "name": "Vierpolders"
    },
    {
      "id": "vijfhuizen",
      "name": "Vijfhuizen"
    },
    {
      "id": "vilt",
      "name": "Vilt"
    },
    {
      "id": "vinkeveen",
      "name": "Vinkeveen"
    },
    {
      "id": "vlaardingen",
      "name": "Vlaardingen"
    },
    {
      "id": "vlagtwedde",
      "name": "Vlagtwedde"
    },
    {
      "id": "vledder",
      "name": "Vledder"
    },
    {
      "id": "vleuten",
      "name": "Vleuten"
    },
    {
      "id": "vlieland",
      "name": "Vlieland"
    },
    {
      "id": "vlijmen",
      "name": "Vlijmen"
    },
    {
      "id": "vlodrop",
      "name": "Vlodrop"
    },
    {
      "id": "voerendaal",
      "name": "Voerendaal"
    },
    {
      "id": "vogelenzang",
      "name": "Vogelenzang"
    },
    {
      "id": "vogelwaarde",
      "name": "Vogelwaarde"
    },
    {
      "id": "volendam",
      "name": "Volendam"
    },
    {
      "id": "volkel",
      "name": "Volkel"
    },
    {
      "id": "voorburg",
      "name": "Voorburg"
    },
    {
      "id": "voorhout",
      "name": "Voorhout"
    },
    {
      "id": "voorschoten",
      "name": "Voorschoten"
    },
    {
      "id": "voorst",
      "name": "Voorst"
    },
    {
      "id": "voorthuizen",
      "name": "Voorthuizen"
    },
    {
      "id": "vorden",
      "name": "Vorden"
    },
    {
      "id": "vorstenbosch",
      "name": "Vorstenbosch"
    },
    {
      "id": "vortum-mullem",
      "name": "Vortum-Mullem"
    },
    {
      "id": "vragender",
      "name": "Vragender"
    },
    {
      "id": "vreeland",
      "name": "Vreeland"
    },
    {
      "id": "vries",
      "name": "Vries"
    },
    {
      "id": "vriezenveen",
      "name": "Vriezenveen"
    },
    {
      "id": "vroomshoop",
      "name": "Vroomshoop"
    },
    {
      "id": "vrouwenpolder",
      "name": "Vrouwenpolder"
    },
    {
      "id": "vught",
      "name": "Vught"
    },
    {
      "id": "vuren",
      "name": "Vuren"
    },
    {
      "id": "waalre",
      "name": "Waalre"
    },
    {
      "id": "waalwijk",
      "name": "Waalwijk"
    },
    {
      "id": "waardenburg",
      "name": "Waardenburg"
    },
    {
      "id": "waarder",
      "name": "Waarder"
    },
    {
      "id": "waarland",
      "name": "Waarland"
    },
    {
      "id": "waddinxveen",
      "name": "Waddinxveen"
    },
    {
      "id": "wagenberg",
      "name": "Wagenberg"
    },
    {
      "id": "wagenborgen",
      "name": "Wagenborgen"
    },
    {
      "id": "wageningen",
      "name": "Wageningen"
    },
    {
      "id": "walterswald",
      "name": "Walterswald"
    },
    {
      "id": "wamel",
      "name": "Wamel"
    },
    {
      "id": "wanroij",
      "name": "Wanroij"
    },
    {
      "id": "wanssum",
      "name": "Wanssum"
    },
    {
      "id": "wapenveld",
      "name": "Wapenveld"
    },
    {
      "id": "warder",
      "name": "Warder"
    },
    {
      "id": "warffum",
      "name": "Warffum"
    },
    {
      "id": "warmenhuizen",
      "name": "Warmenhuizen"
    },
    {
      "id": "warmond",
      "name": "Warmond"
    },
    {
      "id": "warnsveld",
      "name": "Warnsveld"
    },
    {
      "id": "waspik",
      "name": "Waspik"
    },
    {
      "id": "wassenaar",
      "name": "Wassenaar"
    },
    {
      "id": "wateringen",
      "name": "Wateringen"
    },
    {
      "id": "waterland",
      "name": "Waterland"
    },
    {
      "id": "weerselo",
      "name": "Weerselo"
    },
    {
      "id": "weert",
      "name": "Weert"
    },
    {
      "id": "weesp",
      "name": "Weesp"
    },
    {
      "id": "wehl",
      "name": "Wehl"
    },
    {
      "id": "weidum",
      "name": "Weidum"
    },
    {
      "id": "well",
      "name": "Well"
    },
    {
      "id": "wellerlooi",
      "name": "Wellerlooi"
    },
    {
      "id": "wemeldinge",
      "name": "Wemeldinge"
    },
    {
      "id": "werkendam",
      "name": "Werkendam"
    },
    {
      "id": "werkhoven",
      "name": "Werkhoven"
    },
    {
      "id": "wervershoof",
      "name": "Wervershoof"
    },
    {
      "id": "wessem",
      "name": "Wessem"
    },
    {
      "id": "west-knollendam",
      "name": "West-Knollendam"
    },
    {
      "id": "west-terschelling",
      "name": "West-Terschelling"
    },
    {
      "id": "westbeemster",
      "name": "Westbeemster"
    },
    {
      "id": "westbroek",
      "name": "Westbroek"
    },
    {
      "id": "westdorpe",
      "name": "Westdorpe"
    },
    {
      "id": "westerbork",
      "name": "Westerbork"
    },
    {
      "id": "westerhaar-vriezenveensewijk",
      "name": "Westerhaar-Vriezenveensewijk"
    },
    {
      "id": "westerhoven",
      "name": "Westerhoven"
    },
    {
      "id": "westervoort",
      "name": "Westervoort"
    },
    {
      "id": "westerwijtwerd",
      "name": "Westerwijtwerd"
    },
    {
      "id": "westkapelle",
      "name": "Westkapelle"
    },
    {
      "id": "westmaas",
      "name": "Westmaas"
    },
    {
      "id": "westzaan",
      "name": "Westzaan"
    },
    {
      "id": "weurt",
      "name": "Weurt"
    },
    {
      "id": "wezep",
      "name": "Wezep"
    },
    {
      "id": "wierden",
      "name": "Wierden"
    },
    {
      "id": "wieringerwaard",
      "name": "Wieringerwaard"
    },
    {
      "id": "wieringerwerf",
      "name": "Wieringerwerf"
    },
    {
      "id": "wierum",
      "name": "Wierum"
    },
    {
      "id": "wijchen",
      "name": "Wijchen"
    },
    {
      "id": "wijckel",
      "name": "Wijckel"
    },
    {
      "id": "wijdenes",
      "name": "Wijdenes"
    },
    {
      "id": "wijdewormer",
      "name": "Wijdewormer"
    },
    {
      "id": "wijhe",
      "name": "Wijhe"
    },
    {
      "id": "wijk-aan-zee",
      "name": "Wijk aan Zee"
    },
    {
      "id": "wijk-bij-duurstede",
      "name": "Wijk bij Duurstede"
    },
    {
      "id": "wijlre",
      "name": "Wijlre"
    },
    {
      "id": "wijnaldum",
      "name": "Wijnaldum"
    },
    {
      "id": "wijnandsrade",
      "name": "Wijnandsrade"
    },
    {
      "id": "wijngaarden",
      "name": "Wijngaarden"
    },
    {
      "id": "wijster",
      "name": "Wijster"
    },
    {
      "id": "wildervank",
      "name": "Wildervank"
    },
    {
      "id": "willemstad",
      "name": "Willemstad"
    },
    {
      "id": "wilnis",
      "name": "Wilnis"
    },
    {
      "id": "wilp",
      "name": "Wilp"
    },
    {
      "id": "winkel",
      "name": "Winkel"
    },
    {
      "id": "winschoten",
      "name": "Winschoten"
    },
    {
      "id": "winssen",
      "name": "Winssen"
    },
    {
      "id": "winsum",
      "name": "Winsum"
    },
    {
      "id": "wintelre",
      "name": "Wintelre"
    },
    {
      "id": "winterswijk",
      "name": "Winterswijk"
    },
    {
      "id": "wissenkerke",
      "name": "Wissenkerke"
    },
    {
      "id": "witharen",
      "name": "Witharen"
    },
    {
      "id": "wittem",
      "name": "Wittem"
    },
    {
      "id": "witteveen",
      "name": "Witteveen"
    },
    {
      "id": "woensdrecht",
      "name": "Woensdrecht"
    },
    {
      "id": "woerden",
      "name": "Woerden"
    },
    {
      "id": "woerdense-verlaat",
      "name": "Woerdense Verlaat"
    },
    {
      "id": "wognum",
      "name": "Wognum"
    },
    {
      "id": "wolfheze",
      "name": "Wolfheze"
    },
    {
      "id": "wolphaartsdijk",
      "name": "Wolphaartsdijk"
    },
    {
      "id": "woltersum",
      "name": "Woltersum"
    },
    {
      "id": "wolvega",
      "name": "Wolvega"
    },
    {
      "id": "wommels",
      "name": "Wommels"
    },
    {
      "id": "wons",
      "name": "Wons"
    },
    {
      "id": "workum",
      "name": "Workum"
    },
    {
      "id": "wormer",
      "name": "Wormer"
    },
    {
      "id": "wormerveer",
      "name": "Wormerveer"
    },
    {
      "id": "woubrugge",
      "name": "Woubrugge"
    },
    {
      "id": "woudenberg",
      "name": "Woudenberg"
    },
    {
      "id": "woudrichem",
      "name": "Woudrichem"
    },
    {
      "id": "woudsend",
      "name": "Woudsend"
    },
    {
      "id": "wouwsche-plantage",
      "name": "Wouwsche Plantage"
    },
    {
      "id": "yde",
      "name": "Yde"
    },
    {
      "id": "yerseke",
      "name": "Yerseke"
    },
    {
      "id": "ysbrechtum",
      "name": "Ysbrechtum"
    },
    {
      "id": "zaamslag",
      "name": "Zaamslag"
    },
    {
      "id": "zaandam",
      "name": "Zaandam"
    },
    {
      "id": "zaandijk",
      "name": "Zaandijk"
    },
    {
      "id": "zaanstad",
      "name": "Zaanstad"
    },
    {
      "id": "zalk",
      "name": "Zalk"
    },
    {
      "id": "zaltbommel",
      "name": "Zaltbommel"
    },
    {
      "id": "zandeweer",
      "name": "Zandeweer"
    },
    {
      "id": "zandvoort",
      "name": "Zandvoort"
    },
    {
      "id": "zeddam",
      "name": "Zeddam"
    },
    {
      "id": "zeeland",
      "name": "Zeeland"
    },
    {
      "id": "zeerijp",
      "name": "Zeerijp"
    },
    {
      "id": "zeewolde",
      "name": "Zeewolde"
    },
    {
      "id": "zeist",
      "name": "Zeist"
    },
    {
      "id": "zelhem",
      "name": "Zelhem"
    },
    {
      "id": "zetten",
      "name": "Zetten"
    },
    {
      "id": "zevenaar",
      "name": "Zevenaar"
    },
    {
      "id": "zevenbergen",
      "name": "Zevenbergen"
    },
    {
      "id": "zevenbergschen-hoek",
      "name": "Zevenbergschen Hoek"
    },
    {
      "id": "zevenhoven",
      "name": "Zevenhoven"
    },
    {
      "id": "zevenhuizen",
      "name": "Zevenhuizen"
    },
    {
      "id": "zierikzee",
      "name": "Zierikzee"
    },
    {
      "id": "zieuwent",
      "name": "Zieuwent"
    },
    {
      "id": "zijderveld",
      "name": "Zijderveld"
    },
    {
      "id": "zoetermeer",
      "name": "Zoetermeer"
    },
    {
      "id": "zoeterwoude",
      "name": "Zoeterwoude"
    },
    {
      "id": "zonnemaire",
      "name": "Zonnemaire"
    },
    {
      "id": "zorgvlied",
      "name": "Zorgvlied"
    },
    {
      "id": "zoutelande",
      "name": "Zoutelande"
    },
    {
      "id": "zoutkamp",
      "name": "Zoutkamp"
    },
    {
      "id": "zuid-beijerland",
      "name": "Zuid-Beijerland"
    },
    {
      "id": "zuid-scharwoude",
      "name": "Zuid-Scharwoude"
    },
    {
      "id": "zuidbroek",
      "name": "Zuidbroek"
    },
    {
      "id": "zuidermeer",
      "name": "Zuidermeer"
    },
    {
      "id": "zuiderpark",
      "name": "Zuiderpark"
    },
    {
      "id": "zuidhorn",
      "name": "Zuidhorn"
    },
    {
      "id": "zuidland",
      "name": "Zuidland"
    },
    {
      "id": "zuidlaren",
      "name": "Zuidlaren"
    },
    {
      "id": "zuidoostbeemster",
      "name": "Zuidoostbeemster"
    },
    {
      "id": "zuidwolde",
      "name": "Zuidwolde"
    },
    {
      "id": "zuidzande",
      "name": "Zuidzande"
    },
    {
      "id": "zuilichem",
      "name": "Zuilichem"
    },
    {
      "id": "zundert",
      "name": "Zundert"
    },
    {
      "id": "zutphen",
      "name": "Zutphen"
    },
    {
      "id": "zwaag",
      "name": "Zwaag"
    },
    {
      "id": "zwaagdijk-oost",
      "name": "Zwaagdijk-Oost"
    },
    {
      "id": "zwaanshoek",
      "name": "Zwaanshoek"
    },
    {
      "id": "zwanenburg",
      "name": "Zwanenburg"
    },
    {
      "id": "zwartebroek",
      "name": "Zwartebroek"
    },
    {
      "id": "zwartemeer",
      "name": "Zwartemeer"
    },
    {
      "id": "zwartewaal",
      "name": "Zwartewaal"
    },
    {
      "id": "zwartsluis",
      "name": "Zwartsluis"
    },
    {
      "id": "zwijndrecht",
      "name": "Zwijndrecht"
    },
    {
      "id": "zwinderen",
      "name": "Zwinderen"
    },
    {
      "id": "zwolle",
      "name": "Zwolle"
    }
  ]
}