{
  "coid": "NO",
  "cities": [
    {
      "id": "abelvaer",
      "name": "Abelvaer"
    },
    {
      "id": "adalsbruk",
      "name": "Adalsbruk"
    },
    {
      "id": "adland",
      "name": "Adland"
    },
    {
      "id": "agotnes",
      "name": "Agotnes"
    },
    {
      "id": "agskardet",
      "name": "Agskardet"
    },
    {
      "id": "aker",
      "name": "Aker"
    },
    {
      "id": "akkarfjord",
      "name": "Akkarfjord"
    },
    {
      "id": "akrehamn",
      "name": "Akrehamn"
    },
    {
      "id": "al",
      "name": "Al"
    },
    {
      "id": "alen",
      "name": "Alen"
    },
    {
      "id": "algard",
      "name": "Algard"
    },
    {
      "id": "almas",
      "name": "Almas"
    },
    {
      "id": "alta",
      "name": "Alta"
    },
    {
      "id": "alvdal",
      "name": "Alvdal"
    },
    {
      "id": "amli",
      "name": "Amli"
    },
    {
      "id": "amot",
      "name": "Amot"
    },
    {
      "id": "ana-sira",
      "name": "Ana-Sira"
    },
    {
      "id": "andalsnes",
      "name": "Andalsnes"
    },
    {
      "id": "andenes",
      "name": "Andenes"
    },
    {
      "id": "angvika",
      "name": "Angvika"
    },
    {
      "id": "ankenes",
      "name": "Ankenes"
    },
    {
      "id": "annstad",
      "name": "Annstad"
    },
    {
      "id": "ardal",
      "name": "Ardal"
    },
    {
      "id": "ardalstangen",
      "name": "Ardalstangen"
    },
    {
      "id": "arendal",
      "name": "Arendal"
    },
    {
      "id": "arland",
      "name": "Arland"
    },
    {
      "id": "arneberg",
      "name": "Arneberg"
    },
    {
      "id": "arnes",
      "name": "Arnes"
    },
    {
      "id": "aros",
      "name": "Aros"
    },
    {
      "id": "as",
      "name": "As"
    },
    {
      "id": "asen",
      "name": "Asen"
    },
    {
      "id": "aseral",
      "name": "Aseral"
    },
    {
      "id": "asgardstrand",
      "name": "Asgardstrand"
    },
    {
      "id": "ask",
      "name": "Ask"
    },
    {
      "id": "asker",
      "name": "Asker"
    },
    {
      "id": "askim",
      "name": "Askim"
    },
    {
      "id": "aukra",
      "name": "Aukra"
    },
    {
      "id": "auli",
      "name": "Auli"
    },
    {
      "id": "aurdal",
      "name": "Aurdal"
    },
    {
      "id": "aure",
      "name": "Aure"
    },
    {
      "id": "aursmoen",
      "name": "Aursmoen"
    },
    {
      "id": "austbo",
      "name": "Austbo"
    },
    {
      "id": "austbygdi",
      "name": "Austbygdi"
    },
    {
      "id": "austevoll",
      "name": "Austevoll"
    },
    {
      "id": "austmarka",
      "name": "Austmarka"
    },
    {
      "id": "baerums-verk",
      "name": "Baerums verk"
    },
    {
      "id": "bagn",
      "name": "Bagn"
    },
    {
      "id": "balestrand",
      "name": "Balestrand"
    },
    {
      "id": "ballangen",
      "name": "Ballangen"
    },
    {
      "id": "ballstad",
      "name": "Ballstad"
    },
    {
      "id": "bangsund",
      "name": "Bangsund"
    },
    {
      "id": "barkaker",
      "name": "Barkaker"
    },
    {
      "id": "barstadvik",
      "name": "Barstadvik"
    },
    {
      "id": "batnfjordsora",
      "name": "Batnfjordsora"
    },
    {
      "id": "batsto",
      "name": "Batsto"
    },
    {
      "id": "beisfjord",
      "name": "Beisfjord"
    },
    {
      "id": "beitostolen",
      "name": "Beitostolen"
    },
    {
      "id": "bekkjarvik",
      "name": "Bekkjarvik"
    },
    {
      "id": "berge",
      "name": "Berge"
    },
    {
      "id": "bergen",
      "name": "Bergen"
    },
    {
      "id": "berger",
      "name": "Berger"
    },
    {
      "id": "berkak",
      "name": "Berkak"
    },
    {
      "id": "birkeland",
      "name": "Birkeland"
    },
    {
      "id": "birtavarre",
      "name": "Birtavarre"
    },
    {
      "id": "bjaland",
      "name": "Bjaland"
    },
    {
      "id": "bjerka",
      "name": "Bjerka"
    },
    {
      "id": "bjerkvik",
      "name": "Bjerkvik"
    },
    {
      "id": "bjoneroa",
      "name": "Bjoneroa"
    },
    {
      "id": "bjordal",
      "name": "Bjordal"
    },
    {
      "id": "bjorke",
      "name": "Bjorke"
    },
    {
      "id": "bjorkelangen",
      "name": "Bjorkelangen"
    },
    {
      "id": "bjornevatn",
      "name": "Bjornevatn"
    },
    {
      "id": "blaker",
      "name": "Blaker"
    },
    {
      "id": "blakset",
      "name": "Blakset"
    },
    {
      "id": "bleikvasslia",
      "name": "Bleikvasslia"
    },
    {
      "id": "bo",
      "name": "Bo"
    },
    {
      "id": "bomlo",
      "name": "Bomlo"
    },
    {
      "id": "bones",
      "name": "Bones"
    },
    {
      "id": "borge",
      "name": "Borge"
    },
    {
      "id": "borgen",
      "name": "Borgen"
    },
    {
      "id": "borhaug",
      "name": "Borhaug"
    },
    {
      "id": "borkenes",
      "name": "Borkenes"
    },
    {
      "id": "borregard",
      "name": "Borregard"
    },
    {
      "id": "bostad",
      "name": "Bostad"
    },
    {
      "id": "bovagen",
      "name": "Bovagen"
    },
    {
      "id": "boverfjorden",
      "name": "Boverfjorden"
    },
    {
      "id": "brandbu",
      "name": "Brandbu"
    },
    {
      "id": "brandval",
      "name": "Brandval"
    },
    {
      "id": "brattholmen",
      "name": "Brattholmen"
    },
    {
      "id": "brattvag",
      "name": "Brattvag"
    },
    {
      "id": "brekke",
      "name": "Brekke"
    },
    {
      "id": "brekstad",
      "name": "Brekstad"
    },
    {
      "id": "brennasen",
      "name": "Brennasen"
    },
    {
      "id": "brevik",
      "name": "Brevik"
    },
    {
      "id": "bronnoysund",
      "name": "Bronnoysund"
    },
    {
      "id": "bru",
      "name": "Bru"
    },
    {
      "id": "bruflat",
      "name": "Bruflat"
    },
    {
      "id": "brumunddal",
      "name": "Brumunddal"
    },
    {
      "id": "brusand",
      "name": "Brusand"
    },
    {
      "id": "bruvik",
      "name": "Bruvik"
    },
    {
      "id": "bryne",
      "name": "Bryne"
    },
    {
      "id": "bud",
      "name": "Bud"
    },
    {
      "id": "burfjord",
      "name": "Burfjord"
    },
    {
      "id": "buskerud",
      "name": "Buskerud"
    },
    {
      "id": "buvika",
      "name": "Buvika"
    },
    {
      "id": "byglandsfjord",
      "name": "Byglandsfjord"
    },
    {
      "id": "bygstad",
      "name": "Bygstad"
    },
    {
      "id": "bykle",
      "name": "Bykle"
    },
    {
      "id": "byrknes-nordre",
      "name": "Byrknes Nordre"
    },
    {
      "id": "cavkkus",
      "name": "Cavkkus"
    },
    {
      "id": "dal",
      "name": "Dal"
    },
    {
      "id": "dale",
      "name": "Dale"
    },
    {
      "id": "dalen",
      "name": "Dalen"
    },
    {
      "id": "davik",
      "name": "Davik"
    },
    {
      "id": "deknepollen",
      "name": "Deknepollen"
    },
    {
      "id": "digermulen",
      "name": "Digermulen"
    },
    {
      "id": "dilling",
      "name": "Dilling"
    },
    {
      "id": "dimmelsvik",
      "name": "Dimmelsvik"
    },
    {
      "id": "dirdal",
      "name": "Dirdal"
    },
    {
      "id": "disena",
      "name": "Disena"
    },
    {
      "id": "dokka",
      "name": "Dokka"
    },
    {
      "id": "dolemo",
      "name": "Dolemo"
    },
    {
      "id": "dovre",
      "name": "Dovre"
    },
    {
      "id": "drag",
      "name": "Drag"
    },
    {
      "id": "drammen",
      "name": "Drammen"
    },
    {
      "id": "drangedal",
      "name": "Drangedal"
    },
    {
      "id": "drobak",
      "name": "Drobak"
    },
    {
      "id": "dverberg",
      "name": "Dverberg"
    },
    {
      "id": "dyrvika",
      "name": "Dyrvika"
    },
    {
      "id": "ebru",
      "name": "Ebru"
    },
    {
      "id": "egersund",
      "name": "Egersund"
    },
    {
      "id": "eggedal",
      "name": "Eggedal"
    },
    {
      "id": "eggkleiva",
      "name": "Eggkleiva"
    },
    {
      "id": "eide",
      "name": "Eide"
    },
    {
      "id": "eidfjord",
      "name": "Eidfjord"
    },
    {
      "id": "eidsa",
      "name": "Eidsa"
    },
    {
      "id": "eidsberg",
      "name": "Eidsberg"
    },
    {
      "id": "eidsdal",
      "name": "Eidsdal"
    },
    {
      "id": "eidsfoss",
      "name": "Eidsfoss"
    },
    {
      "id": "eidsnes",
      "name": "Eidsnes"
    },
    {
      "id": "eidsvag",
      "name": "Eidsvag"
    },
    {
      "id": "eidsvoll",
      "name": "Eidsvoll"
    },
    {
      "id": "eidsvoll-verk",
      "name": "Eidsvoll verk"
    },
    {
      "id": "eikanger",
      "name": "Eikanger"
    },
    {
      "id": "eikelandsosen",
      "name": "Eikelandsosen"
    },
    {
      "id": "eiken",
      "name": "Eiken"
    },
    {
      "id": "eina",
      "name": "Eina"
    },
    {
      "id": "eivindvik",
      "name": "Eivindvik"
    },
    {
      "id": "elverum",
      "name": "Elverum"
    },
    {
      "id": "enebakkneset",
      "name": "Enebakkneset"
    },
    {
      "id": "enga",
      "name": "Enga"
    },
    {
      "id": "engalsvik",
      "name": "Engalsvik"
    },
    {
      "id": "erdal",
      "name": "Erdal"
    },
    {
      "id": "erfjord",
      "name": "Erfjord"
    },
    {
      "id": "ervik",
      "name": "Ervik"
    },
    {
      "id": "espeland",
      "name": "Espeland"
    },
    {
      "id": "etne",
      "name": "Etne"
    },
    {
      "id": "evanger",
      "name": "Evanger"
    },
    {
      "id": "evenskjer",
      "name": "Evenskjer"
    },
    {
      "id": "evje",
      "name": "Evje"
    },
    {
      "id": "eydehavn",
      "name": "Eydehavn"
    },
    {
      "id": "faberg",
      "name": "Faberg"
    },
    {
      "id": "faervik",
      "name": "Faervik"
    },
    {
      "id": "fagernes",
      "name": "Fagernes"
    },
    {
      "id": "fagerstrand",
      "name": "Fagerstrand"
    },
    {
      "id": "fall",
      "name": "Fall"
    },
    {
      "id": "fardal",
      "name": "Fardal"
    },
    {
      "id": "farsund",
      "name": "Farsund"
    },
    {
      "id": "fauske",
      "name": "Fauske"
    },
    {
      "id": "feda",
      "name": "Feda"
    },
    {
      "id": "fedje",
      "name": "Fedje"
    },
    {
      "id": "feiring",
      "name": "Feiring"
    },
    {
      "id": "felle",
      "name": "Felle"
    },
    {
      "id": "fenstad",
      "name": "Fenstad"
    },
    {
      "id": "fetsund",
      "name": "Fetsund"
    },
    {
      "id": "fevik",
      "name": "Fevik"
    },
    {
      "id": "figgjo",
      "name": "Figgjo"
    },
    {
      "id": "finnoy",
      "name": "Finnoy"
    },
    {
      "id": "finnsnes",
      "name": "Finnsnes"
    },
    {
      "id": "finsand",
      "name": "Finsand"
    },
    {
      "id": "fiska",
      "name": "Fiska"
    },
    {
      "id": "fiskum",
      "name": "Fiskum"
    },
    {
      "id": "fister",
      "name": "Fister"
    },
    {
      "id": "fitjar",
      "name": "Fitjar"
    },
    {
      "id": "fjellstrand",
      "name": "Fjellstrand"
    },
    {
      "id": "fla",
      "name": "Fla"
    },
    {
      "id": "flam",
      "name": "Flam"
    },
    {
      "id": "flateby",
      "name": "Flateby"
    },
    {
      "id": "flekke",
      "name": "Flekke"
    },
    {
      "id": "flekkefjord",
      "name": "Flekkefjord"
    },
    {
      "id": "flemma",
      "name": "Flemma"
    },
    {
      "id": "flesberg",
      "name": "Flesberg"
    },
    {
      "id": "flesnes",
      "name": "Flesnes"
    },
    {
      "id": "floro",
      "name": "Floro"
    },
    {
      "id": "florvag",
      "name": "Florvag"
    },
    {
      "id": "foldereid",
      "name": "Foldereid"
    },
    {
      "id": "folderoy",
      "name": "Folderoy"
    },
    {
      "id": "folkestad",
      "name": "Folkestad"
    },
    {
      "id": "follafoss",
      "name": "Follafoss"
    },
    {
      "id": "follebu",
      "name": "Follebu"
    },
    {
      "id": "follese",
      "name": "Follese"
    },
    {
      "id": "fonnes",
      "name": "Fonnes"
    },
    {
      "id": "forde",
      "name": "Forde"
    },
    {
      "id": "fornebu",
      "name": "Fornebu"
    },
    {
      "id": "fosnavag",
      "name": "Fosnavag"
    },
    {
      "id": "fossdalen",
      "name": "Fossdalen"
    },
    {
      "id": "fosser",
      "name": "Fosser"
    },
    {
      "id": "fotlandsvag",
      "name": "Fotlandsvag"
    },
    {
      "id": "fredrikstad",
      "name": "Fredrikstad"
    },
    {
      "id": "frekhaug",
      "name": "Frekhaug"
    },
    {
      "id": "fresvik",
      "name": "Fresvik"
    },
    {
      "id": "frogner",
      "name": "Frogner"
    },
    {
      "id": "froland",
      "name": "Froland"
    },
    {
      "id": "from",
      "name": "From"
    },
    {
      "id": "furnes",
      "name": "Furnes"
    },
    {
      "id": "fyrde",
      "name": "Fyrde"
    },
    {
      "id": "fyresdal",
      "name": "Fyresdal"
    },
    {
      "id": "gan",
      "name": "Gan"
    },
    {
      "id": "gardermoen",
      "name": "Gardermoen"
    },
    {
      "id": "gargan",
      "name": "Gargan"
    },
    {
      "id": "garnes",
      "name": "Garnes"
    },
    {
      "id": "gasbakken",
      "name": "Gasbakken"
    },
    {
      "id": "gaupen",
      "name": "Gaupen"
    },
    {
      "id": "geilo",
      "name": "Geilo"
    },
    {
      "id": "geithus",
      "name": "Geithus"
    },
    {
      "id": "gjerdrum",
      "name": "Gjerdrum"
    },
    {
      "id": "gjerstad",
      "name": "Gjerstad"
    },
    {
      "id": "gjolme",
      "name": "Gjolme"
    },
    {
      "id": "glesvaer",
      "name": "Glesvaer"
    },
    {
      "id": "glomfjord",
      "name": "Glomfjord"
    },
    {
      "id": "godoy",
      "name": "Godoy"
    },
    {
      "id": "godvik",
      "name": "Godvik"
    },
    {
      "id": "gol",
      "name": "Gol"
    },
    {
      "id": "gran",
      "name": "Gran"
    },
    {
      "id": "gransherad",
      "name": "Gransherad"
    },
    {
      "id": "granvin",
      "name": "Granvin"
    },
    {
      "id": "gratangen",
      "name": "Gratangen"
    },
    {
      "id": "gravdal",
      "name": "Gravdal"
    },
    {
      "id": "greaker",
      "name": "Greaker"
    },
    {
      "id": "grendi",
      "name": "Grendi"
    },
    {
      "id": "gressvik",
      "name": "Gressvik"
    },
    {
      "id": "grimstad",
      "name": "Grimstad"
    },
    {
      "id": "groa",
      "name": "Groa"
    },
    {
      "id": "grong",
      "name": "Grong"
    },
    {
      "id": "grua",
      "name": "Grua"
    },
    {
      "id": "gullaug",
      "name": "Gullaug"
    },
    {
      "id": "gvarv",
      "name": "Gvarv"
    },
    {
      "id": "haddal",
      "name": "Haddal"
    },
    {
      "id": "haegeland",
      "name": "Haegeland"
    },
    {
      "id": "haerland",
      "name": "Haerland"
    },
    {
      "id": "hagan",
      "name": "Hagan"
    },
    {
      "id": "hagavik",
      "name": "Hagavik"
    },
    {
      "id": "hakadal",
      "name": "Hakadal"
    },
    {
      "id": "halden",
      "name": "Halden"
    },
    {
      "id": "hallingby",
      "name": "Hallingby"
    },
    {
      "id": "halsa",
      "name": "Halsa"
    },
    {
      "id": "haltdalen",
      "name": "Haltdalen"
    },
    {
      "id": "hamar",
      "name": "Hamar"
    },
    {
      "id": "hamarvik",
      "name": "Hamarvik"
    },
    {
      "id": "hammerfest",
      "name": "Hammerfest"
    },
    {
      "id": "hansnes",
      "name": "Hansnes"
    },
    {
      "id": "haram",
      "name": "Haram"
    },
    {
      "id": "hareid",
      "name": "Hareid"
    },
    {
      "id": "harstad",
      "name": "Harstad"
    },
    {
      "id": "haslum",
      "name": "Haslum"
    },
    {
      "id": "hasvik",
      "name": "Hasvik"
    },
    {
      "id": "hatlestranda",
      "name": "Hatlestranda"
    },
    {
      "id": "hauge",
      "name": "Hauge"
    },
    {
      "id": "haugesund",
      "name": "Haugesund"
    },
    {
      "id": "haukeland",
      "name": "Haukeland"
    },
    {
      "id": "havik",
      "name": "Havik"
    },
    {
      "id": "hebnes",
      "name": "Hebnes"
    },
    {
      "id": "hedal",
      "name": "Hedal"
    },
    {
      "id": "heggedal",
      "name": "Heggedal"
    },
    {
      "id": "heggenes",
      "name": "Heggenes"
    },
    {
      "id": "hegra",
      "name": "Hegra"
    },
    {
      "id": "heimdal",
      "name": "Heimdal"
    },
    {
      "id": "helgeland",
      "name": "Helgeland"
    },
    {
      "id": "helgeroa",
      "name": "Helgeroa"
    },
    {
      "id": "hell",
      "name": "Hell"
    },
    {
      "id": "hellandsjoen",
      "name": "Hellandsjoen"
    },
    {
      "id": "helleland",
      "name": "Helleland"
    },
    {
      "id": "hellesylt",
      "name": "Hellesylt"
    },
    {
      "id": "hellvik",
      "name": "Hellvik"
    },
    {
      "id": "hemnes",
      "name": "Hemnes"
    },
    {
      "id": "hemnesberget",
      "name": "Hemnesberget"
    },
    {
      "id": "hemnskjela",
      "name": "Hemnskjela"
    },
    {
      "id": "hemsedal",
      "name": "Hemsedal"
    },
    {
      "id": "henningsvaer",
      "name": "Henningsvaer"
    },
    {
      "id": "herand",
      "name": "Herand"
    },
    {
      "id": "heroysund",
      "name": "Heroysund"
    },
    {
      "id": "herre",
      "name": "Herre"
    },
    {
      "id": "hersaeter",
      "name": "Hersaeter"
    },
    {
      "id": "hestvika",
      "name": "Hestvika"
    },
    {
      "id": "hetlevik",
      "name": "Hetlevik"
    },
    {
      "id": "hildre",
      "name": "Hildre"
    },
    {
      "id": "hitra",
      "name": "Hitra"
    },
    {
      "id": "hjellestad",
      "name": "Hjellestad"
    },
    {
      "id": "hjelmas",
      "name": "Hjelmas"
    },
    {
      "id": "hjelset",
      "name": "Hjelset"
    },
    {
      "id": "hjorungavag",
      "name": "Hjorungavag"
    },
    {
      "id": "hof",
      "name": "Hof"
    },
    {
      "id": "hokkasen",
      "name": "Hokkasen"
    },
    {
      "id": "hokksund",
      "name": "Hokksund"
    },
    {
      "id": "hol",
      "name": "Hol"
    },
    {
      "id": "hole",
      "name": "Hole"
    },
    {
      "id": "holen",
      "name": "Holen"
    },
    {
      "id": "holmefjord",
      "name": "Holmefjord"
    },
    {
      "id": "holmen",
      "name": "Holmen"
    },
    {
      "id": "holmenkollen",
      "name": "Holmenkollen"
    },
    {
      "id": "holmestrand",
      "name": "Holmestrand"
    },
    {
      "id": "holsen",
      "name": "Holsen"
    },
    {
      "id": "holter",
      "name": "Holter"
    },
    {
      "id": "hommelvik",
      "name": "Hommelvik"
    },
    {
      "id": "hommersak",
      "name": "Hommersak"
    },
    {
      "id": "honefoss",
      "name": "Honefoss"
    },
    {
      "id": "hordvik",
      "name": "Hordvik"
    },
    {
      "id": "hornnes",
      "name": "Hornnes"
    },
    {
      "id": "horte",
      "name": "Horte"
    },
    {
      "id": "horten",
      "name": "Horten"
    },
    {
      "id": "hov",
      "name": "Hov"
    },
    {
      "id": "hovag",
      "name": "Hovag"
    },
    {
      "id": "hovden",
      "name": "Hovden"
    },
    {
      "id": "hovet",
      "name": "Hovet"
    },
    {
      "id": "hovik-verk",
      "name": "Hovik verk"
    },
    {
      "id": "hovin",
      "name": "Hovin"
    },
    {
      "id": "hoyanger",
      "name": "Hoyanger"
    },
    {
      "id": "hundven",
      "name": "Hundven"
    },
    {
      "id": "hunndalen",
      "name": "Hunndalen"
    },
    {
      "id": "husoy",
      "name": "Husoy"
    },
    {
      "id": "hustad",
      "name": "Hustad"
    },
    {
      "id": "hvalstad",
      "name": "Hvalstad"
    },
    {
      "id": "hvam",
      "name": "Hvam"
    },
    {
      "id": "hvitsten",
      "name": "Hvitsten"
    },
    {
      "id": "hvittingfoss",
      "name": "Hvittingfoss"
    },
    {
      "id": "hyggen",
      "name": "Hyggen"
    },
    {
      "id": "hylkje",
      "name": "Hylkje"
    },
    {
      "id": "hyllestad",
      "name": "Hyllestad"
    },
    {
      "id": "ikornnes",
      "name": "Ikornnes"
    },
    {
      "id": "indre-arna",
      "name": "Indre Arna"
    },
    {
      "id": "indre-billefjord",
      "name": "Indre Billefjord"
    },
    {
      "id": "indre-klubben",
      "name": "Indre Klubben"
    },
    {
      "id": "indre-ulvsvag",
      "name": "Indre Ulvsvag"
    },
    {
      "id": "indreby",
      "name": "Indreby"
    },
    {
      "id": "innbygda",
      "name": "Innbygda"
    },
    {
      "id": "inndyr",
      "name": "Inndyr"
    },
    {
      "id": "innvik",
      "name": "Innvik"
    },
    {
      "id": "isdalsto",
      "name": "Isdalsto"
    },
    {
      "id": "ise",
      "name": "Ise"
    },
    {
      "id": "ivgobahta",
      "name": "Ivgobahta"
    },
    {
      "id": "jakobselv",
      "name": "Jakobselv"
    },
    {
      "id": "jar",
      "name": "Jar"
    },
    {
      "id": "jaren",
      "name": "Jaren"
    },
    {
      "id": "jessheim",
      "name": "Jessheim"
    },
    {
      "id": "jevnaker",
      "name": "Jevnaker"
    },
    {
      "id": "jomna",
      "name": "Jomna"
    },
    {
      "id": "jorpeland",
      "name": "Jorpeland"
    },
    {
      "id": "kabelvag",
      "name": "Kabelvag"
    },
    {
      "id": "kaldfarnes",
      "name": "Kaldfarnes"
    },
    {
      "id": "kalvag",
      "name": "Kalvag"
    },
    {
      "id": "kamben",
      "name": "Kamben"
    },
    {
      "id": "karasjok",
      "name": "Karasjok"
    },
    {
      "id": "karlshus",
      "name": "Karlshus"
    },
    {
      "id": "kaupanger",
      "name": "Kaupanger"
    },
    {
      "id": "kautokeino",
      "name": "Kautokeino"
    },
    {
      "id": "kirkenaer",
      "name": "Kirkenaer"
    },
    {
      "id": "kirkenes",
      "name": "Kirkenes"
    },
    {
      "id": "kjeller",
      "name": "Kjeller"
    },
    {
      "id": "kjellmyra",
      "name": "Kjellmyra"
    },
    {
      "id": "kjerstad",
      "name": "Kjerstad"
    },
    {
      "id": "kjollefjord",
      "name": "Kjollefjord"
    },
    {
      "id": "kjopsvik",
      "name": "Kjopsvik"
    },
    {
      "id": "kleive",
      "name": "Kleive"
    },
    {
      "id": "klepp",
      "name": "Klepp"
    },
    {
      "id": "kleppe",
      "name": "Kleppe"
    },
    {
      "id": "kleppesto",
      "name": "Kleppesto"
    },
    {
      "id": "kleppstad",
      "name": "Kleppstad"
    },
    {
      "id": "klofta",
      "name": "Klofta"
    },
    {
      "id": "klokkarvik",
      "name": "Klokkarvik"
    },
    {
      "id": "knapper",
      "name": "Knapper"
    },
    {
      "id": "knappstad",
      "name": "Knappstad"
    },
    {
      "id": "knarrevik",
      "name": "Knarrevik"
    },
    {
      "id": "knarrlaget",
      "name": "Knarrlaget"
    },
    {
      "id": "kolbjornsvik",
      "name": "Kolbjornsvik"
    },
    {
      "id": "kolbotn",
      "name": "Kolbotn"
    },
    {
      "id": "kolbu",
      "name": "Kolbu"
    },
    {
      "id": "kolltveit",
      "name": "Kolltveit"
    },
    {
      "id": "kolnes",
      "name": "Kolnes"
    },
    {
      "id": "kolsas",
      "name": "Kolsas"
    },
    {
      "id": "kolvereid",
      "name": "Kolvereid"
    },
    {
      "id": "kongsberg",
      "name": "Kongsberg"
    },
    {
      "id": "kongshamn",
      "name": "Kongshamn"
    },
    {
      "id": "kongsvika",
      "name": "Kongsvika"
    },
    {
      "id": "kongsvinger",
      "name": "Kongsvinger"
    },
    {
      "id": "konsmo",
      "name": "Konsmo"
    },
    {
      "id": "konsvikosen",
      "name": "Konsvikosen"
    },
    {
      "id": "kopervik",
      "name": "Kopervik"
    },
    {
      "id": "koppang",
      "name": "Koppang"
    },
    {
      "id": "korgen",
      "name": "Korgen"
    },
    {
      "id": "kornsjo",
      "name": "Kornsjo"
    },
    {
      "id": "korsvegen",
      "name": "Korsvegen"
    },
    {
      "id": "kragero",
      "name": "Kragero"
    },
    {
      "id": "krakeroy",
      "name": "Krakeroy"
    },
    {
      "id": "krakstad",
      "name": "Krakstad"
    },
    {
      "id": "kristiansand",
      "name": "Kristiansand"
    },
    {
      "id": "kristiansund",
      "name": "Kristiansund"
    },
    {
      "id": "kroderen",
      "name": "Kroderen"
    },
    {
      "id": "krokstadelva",
      "name": "Krokstadelva"
    },
    {
      "id": "kval",
      "name": "Kval"
    },
    {
      "id": "kvalsund",
      "name": "Kvalsund"
    },
    {
      "id": "kvam",
      "name": "Kvam"
    },
    {
      "id": "kvammen",
      "name": "Kvammen"
    },
    {
      "id": "kvanne",
      "name": "Kvanne"
    },
    {
      "id": "kvelde",
      "name": "Kvelde"
    },
    {
      "id": "kvinesdal",
      "name": "Kvinesdal"
    },
    {
      "id": "kvinlog",
      "name": "Kvinlog"
    },
    {
      "id": "kvisvik",
      "name": "Kvisvik"
    },
    {
      "id": "kviteseid",
      "name": "Kviteseid"
    },
    {
      "id": "kyrkjebo",
      "name": "Kyrkjebo"
    },
    {
      "id": "kyrksaeterora",
      "name": "Kyrksaeterora"
    },
    {
      "id": "lakselv",
      "name": "Lakselv"
    },
    {
      "id": "laksevag",
      "name": "Laksevag"
    },
    {
      "id": "laksvatn",
      "name": "Laksvatn"
    },
    {
      "id": "lalm",
      "name": "Lalm"
    },
    {
      "id": "land",
      "name": "Land"
    },
    {
      "id": "langangen",
      "name": "Langangen"
    },
    {
      "id": "langesund",
      "name": "Langesund"
    },
    {
      "id": "langevag",
      "name": "Langevag"
    },
    {
      "id": "langfjordbotn",
      "name": "Langfjordbotn"
    },
    {
      "id": "langhus",
      "name": "Langhus"
    },
    {
      "id": "larkollen",
      "name": "Larkollen"
    },
    {
      "id": "larvik",
      "name": "Larvik"
    },
    {
      "id": "laukvik",
      "name": "Laukvik"
    },
    {
      "id": "lauvsnes",
      "name": "Lauvsnes"
    },
    {
      "id": "lauvstad",
      "name": "Lauvstad"
    },
    {
      "id": "leikang",
      "name": "Leikang"
    },
    {
      "id": "leines",
      "name": "Leines"
    },
    {
      "id": "leira",
      "name": "Leira"
    },
    {
      "id": "leirfjord",
      "name": "Leirfjord"
    },
    {
      "id": "leirsund",
      "name": "Leirsund"
    },
    {
      "id": "leirvik",
      "name": "Leirvik"
    },
    {
      "id": "leknes",
      "name": "Leknes"
    },
    {
      "id": "lena",
      "name": "Lena"
    },
    {
      "id": "lensvik",
      "name": "Lensvik"
    },
    {
      "id": "lenvik",
      "name": "Lenvik"
    },
    {
      "id": "lepsoy",
      "name": "Lepsoy"
    },
    {
      "id": "levanger",
      "name": "Levanger"
    },
    {
      "id": "lidaladdi",
      "name": "Lidaladdi"
    },
    {
      "id": "lier",
      "name": "Lier"
    },
    {
      "id": "lillehammer",
      "name": "Lillehammer"
    },
    {
      "id": "lillesand",
      "name": "Lillesand"
    },
    {
      "id": "lindas",
      "name": "Lindas"
    },
    {
      "id": "loddefjord",
      "name": "Loddefjord"
    },
    {
      "id": "lodingen",
      "name": "Lodingen"
    },
    {
      "id": "loen",
      "name": "Loen"
    },
    {
      "id": "lofthus",
      "name": "Lofthus"
    },
    {
      "id": "loken",
      "name": "Loken"
    },
    {
      "id": "lokken-verk",
      "name": "Lokken Verk"
    },
    {
      "id": "lom",
      "name": "Lom"
    },
    {
      "id": "lonevag",
      "name": "Lonevag"
    },
    {
      "id": "longva",
      "name": "Longva"
    },
    {
      "id": "lorenfallet",
      "name": "Lorenfallet"
    },
    {
      "id": "loten",
      "name": "Loten"
    },
    {
      "id": "lovund",
      "name": "Lovund"
    },
    {
      "id": "lundamo",
      "name": "Lundamo"
    },
    {
      "id": "lunde",
      "name": "Lunde"
    },
    {
      "id": "lunner",
      "name": "Lunner"
    },
    {
      "id": "lyngdal",
      "name": "Lyngdal"
    },
    {
      "id": "lyngseidet",
      "name": "Lyngseidet"
    },
    {
      "id": "lyngstad",
      "name": "Lyngstad"
    },
    {
      "id": "lysaker",
      "name": "Lysaker"
    },
    {
      "id": "lysoysundet",
      "name": "Lysoysundet"
    },
    {
      "id": "magnor",
      "name": "Magnor"
    },
    {
      "id": "malm",
      "name": "Malm"
    },
    {
      "id": "maloy",
      "name": "Maloy"
    },
    {
      "id": "malvik",
      "name": "Malvik"
    },
    {
      "id": "mandal",
      "name": "Mandal"
    },
    {
      "id": "manger",
      "name": "Manger"
    },
    {
      "id": "manndalen",
      "name": "Manndalen"
    },
    {
      "id": "marheim",
      "name": "Marheim"
    },
    {
      "id": "masfjorden",
      "name": "Masfjorden"
    },
    {
      "id": "mathopen",
      "name": "Mathopen"
    },
    {
      "id": "maura",
      "name": "Maura"
    },
    {
      "id": "mehamn",
      "name": "Mehamn"
    },
    {
      "id": "meisingset",
      "name": "Meisingset"
    },
    {
      "id": "melbu",
      "name": "Melbu"
    },
    {
      "id": "meldal",
      "name": "Meldal"
    },
    {
      "id": "melhus",
      "name": "Melhus"
    },
    {
      "id": "melsomvik",
      "name": "Melsomvik"
    },
    {
      "id": "meraker",
      "name": "Meraker"
    },
    {
      "id": "mestervik",
      "name": "Mestervik"
    },
    {
      "id": "midsund",
      "name": "Midsund"
    },
    {
      "id": "miland",
      "name": "Miland"
    },
    {
      "id": "minnesund",
      "name": "Minnesund"
    },
    {
      "id": "mirza-rafi-sauda",
      "name": "Mirza Rafi Sauda"
    },
    {
      "id": "misje",
      "name": "Misje"
    },
    {
      "id": "misvaer",
      "name": "Misvaer"
    },
    {
      "id": "mjolkeraen",
      "name": "Mjolkeraen"
    },
    {
      "id": "mjondalen",
      "name": "Mjondalen"
    },
    {
      "id": "mo",
      "name": "Mo"
    },
    {
      "id": "mo-i-rana",
      "name": "Mo i Rana"
    },
    {
      "id": "modalen",
      "name": "Modalen"
    },
    {
      "id": "moelv",
      "name": "Moelv"
    },
    {
      "id": "moen",
      "name": "Moen"
    },
    {
      "id": "moi",
      "name": "Moi"
    },
    {
      "id": "molde",
      "name": "Molde"
    },
    {
      "id": "moldjord",
      "name": "Moldjord"
    },
    {
      "id": "morgedal",
      "name": "Morgedal"
    },
    {
      "id": "mosby",
      "name": "Mosby"
    },
    {
      "id": "mosjoen",
      "name": "Mosjoen"
    },
    {
      "id": "moss",
      "name": "Moss"
    },
    {
      "id": "movik",
      "name": "Movik"
    },
    {
      "id": "myking",
      "name": "Myking"
    },
    {
      "id": "myre",
      "name": "Myre"
    },
    {
      "id": "mysen",
      "name": "Mysen"
    },
    {
      "id": "na",
      "name": "Na"
    },
    {
      "id": "naerbo",
      "name": "Naerbo"
    },
    {
      "id": "naersnes",
      "name": "Naersnes"
    },
    {
      "id": "namsos",
      "name": "Namsos"
    },
    {
      "id": "namsskogan",
      "name": "Namsskogan"
    },
    {
      "id": "narvik",
      "name": "Narvik"
    },
    {
      "id": "naustdal",
      "name": "Naustdal"
    },
    {
      "id": "nedenes",
      "name": "Nedenes"
    },
    {
      "id": "nedre-frei",
      "name": "Nedre Frei"
    },
    {
      "id": "nesbru",
      "name": "Nesbru"
    },
    {
      "id": "nesbyen",
      "name": "Nesbyen"
    },
    {
      "id": "nesgrenda",
      "name": "Nesgrenda"
    },
    {
      "id": "nesna",
      "name": "Nesna"
    },
    {
      "id": "nesoddtangen",
      "name": "Nesoddtangen"
    },
    {
      "id": "nesttun",
      "name": "Nesttun"
    },
    {
      "id": "neverdal",
      "name": "Neverdal"
    },
    {
      "id": "nevlunghamn",
      "name": "Nevlunghamn"
    },
    {
      "id": "nodeland",
      "name": "Nodeland"
    },
    {
      "id": "nordby-bruk",
      "name": "Nordby Bruk"
    },
    {
      "id": "nordfjordeid",
      "name": "Nordfjordeid"
    },
    {
      "id": "nordkisa",
      "name": "Nordkisa"
    },
    {
      "id": "nordland",
      "name": "Nordland"
    },
    {
      "id": "nordstrono",
      "name": "Nordstrono"
    },
    {
      "id": "noresund",
      "name": "Noresund"
    },
    {
      "id": "norheimsund",
      "name": "Norheimsund"
    },
    {
      "id": "notodden",
      "name": "Notodden"
    },
    {
      "id": "nybergsund",
      "name": "Nybergsund"
    },
    {
      "id": "nyborg",
      "name": "Nyborg"
    },
    {
      "id": "nydalen",
      "name": "Nydalen"
    },
    {
      "id": "nygardsjoen",
      "name": "Nygardsjoen"
    },
    {
      "id": "nyhus",
      "name": "Nyhus"
    },
    {
      "id": "nykirke",
      "name": "Nykirke"
    },
    {
      "id": "odda",
      "name": "Odda"
    },
    {
      "id": "odnes",
      "name": "Odnes"
    },
    {
      "id": "oksfjord",
      "name": "Oksfjord"
    },
    {
      "id": "oksvoll",
      "name": "Oksvoll"
    },
    {
      "id": "olden",
      "name": "Olden"
    },
    {
      "id": "olderdalen",
      "name": "Olderdalen"
    },
    {
      "id": "olen",
      "name": "Olen"
    },
    {
      "id": "oltedal",
      "name": "Oltedal"
    },
    {
      "id": "oma",
      "name": "Oma"
    },
    {
      "id": "onarheim",
      "name": "Onarheim"
    },
    {
      "id": "oppdal",
      "name": "Oppdal"
    },
    {
      "id": "oppegard",
      "name": "Oppegard"
    },
    {
      "id": "opphaug",
      "name": "Opphaug"
    },
    {
      "id": "oresvika",
      "name": "Oresvika"
    },
    {
      "id": "orje",
      "name": "Orje"
    },
    {
      "id": "orkanger",
      "name": "Orkanger"
    },
    {
      "id": "ornes",
      "name": "Ornes"
    },
    {
      "id": "orre",
      "name": "Orre"
    },
    {
      "id": "os",
      "name": "Os"
    },
    {
      "id": "oslo",
      "name": "Oslo"
    },
    {
      "id": "otta",
      "name": "Otta"
    },
    {
      "id": "otteroy",
      "name": "Otteroy"
    },
    {
      "id": "ottestad",
      "name": "Ottestad"
    },
    {
      "id": "oveland",
      "name": "Oveland"
    },
    {
      "id": "ovre-ardal",
      "name": "Ovre Ardal"
    },
    {
      "id": "ovrebo",
      "name": "Ovrebo"
    },
    {
      "id": "oyeren",
      "name": "Oyeren"
    },
    {
      "id": "oystese",
      "name": "Oystese"
    },
    {
      "id": "porsgrunn",
      "name": "Porsgrunn"
    },
    {
      "id": "prestfoss",
      "name": "Prestfoss"
    },
    {
      "id": "raholt",
      "name": "Raholt"
    },
    {
      "id": "rakkestad",
      "name": "Rakkestad"
    },
    {
      "id": "ramberg",
      "name": "Ramberg"
    },
    {
      "id": "ramfjordbotn",
      "name": "Ramfjordbotn"
    },
    {
      "id": "ramnes",
      "name": "Ramnes"
    },
    {
      "id": "rana",
      "name": "Rana"
    },
    {
      "id": "ranasfoss",
      "name": "Ranasfoss"
    },
    {
      "id": "randaberg",
      "name": "Randaberg"
    },
    {
      "id": "ranheim",
      "name": "Ranheim"
    },
    {
      "id": "raudeberg",
      "name": "Raudeberg"
    },
    {
      "id": "raudsand",
      "name": "Raudsand"
    },
    {
      "id": "raufoss",
      "name": "Raufoss"
    },
    {
      "id": "rauland",
      "name": "Rauland"
    },
    {
      "id": "re",
      "name": "Re"
    },
    {
      "id": "reine",
      "name": "Reine"
    },
    {
      "id": "reinsvoll",
      "name": "Reinsvoll"
    },
    {
      "id": "reipa",
      "name": "Reipa"
    },
    {
      "id": "reistad",
      "name": "Reistad"
    },
    {
      "id": "reitan",
      "name": "Reitan"
    },
    {
      "id": "rena",
      "name": "Rena"
    },
    {
      "id": "rennebu",
      "name": "Rennebu"
    },
    {
      "id": "rindal",
      "name": "Rindal"
    },
    {
      "id": "ringebu",
      "name": "Ringebu"
    },
    {
      "id": "ringsaker",
      "name": "Ringsaker"
    },
    {
      "id": "ringstad",
      "name": "Ringstad"
    },
    {
      "id": "risoyhamn",
      "name": "Risoyhamn"
    },
    {
      "id": "rjukan",
      "name": "Rjukan"
    },
    {
      "id": "roa",
      "name": "Roa"
    },
    {
      "id": "rodberg",
      "name": "Rodberg"
    },
    {
      "id": "rodoy",
      "name": "Rodoy"
    },
    {
      "id": "rognan",
      "name": "Rognan"
    },
    {
      "id": "rogne",
      "name": "Rogne"
    },
    {
      "id": "rokland",
      "name": "Rokland"
    },
    {
      "id": "roldal",
      "name": "Roldal"
    },
    {
      "id": "rollag",
      "name": "Rollag"
    },
    {
      "id": "rolvsoy",
      "name": "Rolvsoy"
    },
    {
      "id": "romedal",
      "name": "Romedal"
    },
    {
      "id": "rong",
      "name": "Rong"
    },
    {
      "id": "roros",
      "name": "Roros"
    },
    {
      "id": "rorvik",
      "name": "Rorvik"
    },
    {
      "id": "rosendal",
      "name": "Rosendal"
    },
    {
      "id": "rossland",
      "name": "Rossland"
    },
    {
      "id": "rost",
      "name": "Rost"
    },
    {
      "id": "rovde",
      "name": "Rovde"
    },
    {
      "id": "roverud",
      "name": "Roverud"
    },
    {
      "id": "royken",
      "name": "Royken"
    },
    {
      "id": "royneberg",
      "name": "Royneberg"
    },
    {
      "id": "rubbestadneset",
      "name": "Rubbestadneset"
    },
    {
      "id": "rud",
      "name": "Rud"
    },
    {
      "id": "rygge",
      "name": "Rygge"
    },
    {
      "id": "rykene",
      "name": "Rykene"
    },
    {
      "id": "rypefjord",
      "name": "Rypefjord"
    },
    {
      "id": "saebo",
      "name": "Saebo"
    },
    {
      "id": "saebovik",
      "name": "Saebovik"
    },
    {
      "id": "saetre",
      "name": "Saetre"
    },
    {
      "id": "saevareid",
      "name": "Saevareid"
    },
    {
      "id": "saeveland",
      "name": "Saeveland"
    },
    {
      "id": "sagvag",
      "name": "Sagvag"
    },
    {
      "id": "salhus",
      "name": "Salhus"
    },
    {
      "id": "salsbruket",
      "name": "Salsbruket"
    },
    {
      "id": "salsnes",
      "name": "Salsnes"
    },
    {
      "id": "saltnes",
      "name": "Saltnes"
    },
    {
      "id": "samuelsberg",
      "name": "Samuelsberg"
    },
    {
      "id": "sand",
      "name": "Sand"
    },
    {
      "id": "sandane",
      "name": "Sandane"
    },
    {
      "id": "sande",
      "name": "Sande"
    },
    {
      "id": "sandefjord",
      "name": "Sandefjord"
    },
    {
      "id": "sandeid",
      "name": "Sandeid"
    },
    {
      "id": "sander",
      "name": "Sander"
    },
    {
      "id": "sandnes",
      "name": "Sandnes"
    },
    {
      "id": "sandnessjoen",
      "name": "Sandnessjoen"
    },
    {
      "id": "sandshamn",
      "name": "Sandshamn"
    },
    {
      "id": "sandstad",
      "name": "Sandstad"
    },
    {
      "id": "sandtorg",
      "name": "Sandtorg"
    },
    {
      "id": "sandvika",
      "name": "Sandvika"
    },
    {
      "id": "sandvoll",
      "name": "Sandvoll"
    },
    {
      "id": "sannidal",
      "name": "Sannidal"
    },
    {
      "id": "sarpsborg",
      "name": "Sarpsborg"
    },
    {
      "id": "saupstad",
      "name": "Saupstad"
    },
    {
      "id": "selasvatn",
      "name": "Selasvatn"
    },
    {
      "id": "selje",
      "name": "Selje"
    },
    {
      "id": "seljord",
      "name": "Seljord"
    },
    {
      "id": "sellebakk",
      "name": "Sellebakk"
    },
    {
      "id": "selva",
      "name": "Selva"
    },
    {
      "id": "selvaer",
      "name": "Selvaer"
    },
    {
      "id": "sem",
      "name": "Sem"
    },
    {
      "id": "setermoen",
      "name": "Setermoen"
    },
    {
      "id": "siggerud",
      "name": "Siggerud"
    },
    {
      "id": "siljan",
      "name": "Siljan"
    },
    {
      "id": "silsand",
      "name": "Silsand"
    },
    {
      "id": "singsas",
      "name": "Singsas"
    },
    {
      "id": "sira",
      "name": "Sira"
    },
    {
      "id": "sirevag",
      "name": "Sirevag"
    },
    {
      "id": "sistranda",
      "name": "Sistranda"
    },
    {
      "id": "sjovegan",
      "name": "Sjovegan"
    },
    {
      "id": "skabu",
      "name": "Skabu"
    },
    {
      "id": "skage",
      "name": "Skage"
    },
    {
      "id": "skanevik",
      "name": "Skanevik"
    },
    {
      "id": "skarer",
      "name": "Skarer"
    },
    {
      "id": "skarnes",
      "name": "Skarnes"
    },
    {
      "id": "skatoy",
      "name": "Skatoy"
    },
    {
      "id": "skaun",
      "name": "Skaun"
    },
    {
      "id": "skedsmokorset",
      "name": "Skedsmokorset"
    },
    {
      "id": "skeie",
      "name": "Skeie"
    },
    {
      "id": "ski",
      "name": "Ski"
    },
    {
      "id": "skien",
      "name": "Skien"
    },
    {
      "id": "skjeberg",
      "name": "Skjeberg"
    },
    {
      "id": "skjerstad",
      "name": "Skjerstad"
    },
    {
      "id": "skjervoy",
      "name": "Skjervoy"
    },
    {
      "id": "skjold",
      "name": "Skjold"
    },
    {
      "id": "skjoldastraumen",
      "name": "Skjoldastraumen"
    },
    {
      "id": "skjolden",
      "name": "Skjolden"
    },
    {
      "id": "skodje",
      "name": "Skodje"
    },
    {
      "id": "skogn",
      "name": "Skogn"
    },
    {
      "id": "skoppum",
      "name": "Skoppum"
    },
    {
      "id": "skotbu",
      "name": "Skotbu"
    },
    {
      "id": "skotterud",
      "name": "Skotterud"
    },
    {
      "id": "skreia",
      "name": "Skreia"
    },
    {
      "id": "skudeneshavn",
      "name": "Skudeneshavn"
    },
    {
      "id": "skulsfjord",
      "name": "Skulsfjord"
    },
    {
      "id": "skutvika",
      "name": "Skutvika"
    },
    {
      "id": "slastad",
      "name": "Slastad"
    },
    {
      "id": "slattum",
      "name": "Slattum"
    },
    {
      "id": "slemdal",
      "name": "Slemdal"
    },
    {
      "id": "slemmestad",
      "name": "Slemmestad"
    },
    {
      "id": "sletta",
      "name": "Sletta"
    },
    {
      "id": "snaase",
      "name": "Snaase"
    },
    {
      "id": "snillfjord",
      "name": "Snillfjord"
    },
    {
      "id": "sogn",
      "name": "Sogn"
    },
    {
      "id": "sokna",
      "name": "Sokna"
    },
    {
      "id": "sokndal",
      "name": "Sokndal"
    },
    {
      "id": "soknedal",
      "name": "Soknedal"
    },
    {
      "id": "sola",
      "name": "Sola"
    },
    {
      "id": "solbergelva",
      "name": "Solbergelva"
    },
    {
      "id": "solvorn",
      "name": "Solvorn"
    },
    {
      "id": "sommaroy",
      "name": "Sommaroy"
    },
    {
      "id": "somna",
      "name": "Somna"
    },
    {
      "id": "son",
      "name": "Son"
    },
    {
      "id": "sondeled",
      "name": "Sondeled"
    },
    {
      "id": "sor-fron",
      "name": "Sor-Fron"
    },
    {
      "id": "sorbo",
      "name": "Sorbo"
    },
    {
      "id": "soreidgrenda",
      "name": "Soreidgrenda"
    },
    {
      "id": "sorli",
      "name": "Sorli"
    },
    {
      "id": "sortland",
      "name": "Sortland"
    },
    {
      "id": "sorum",
      "name": "Sorum"
    },
    {
      "id": "sorumsand",
      "name": "Sorumsand"
    },
    {
      "id": "sorvaer",
      "name": "Sorvaer"
    },
    {
      "id": "sorvagen",
      "name": "Sorvagen"
    },
    {
      "id": "sorvik",
      "name": "Sorvik"
    },
    {
      "id": "spangereid",
      "name": "Spangereid"
    },
    {
      "id": "sparbu",
      "name": "Sparbu"
    },
    {
      "id": "sperrebotn",
      "name": "Sperrebotn"
    },
    {
      "id": "spillum",
      "name": "Spillum"
    },
    {
      "id": "spydeberg",
      "name": "Spydeberg"
    },
    {
      "id": "stabbestad",
      "name": "Stabbestad"
    },
    {
      "id": "stabekk",
      "name": "Stabekk"
    },
    {
      "id": "stamnes",
      "name": "Stamnes"
    },
    {
      "id": "stamsund",
      "name": "Stamsund"
    },
    {
      "id": "stange",
      "name": "Stange"
    },
    {
      "id": "stathelle",
      "name": "Stathelle"
    },
    {
      "id": "staubo",
      "name": "Staubo"
    },
    {
      "id": "stavanger",
      "name": "Stavanger"
    },
    {
      "id": "stavern",
      "name": "Stavern"
    },
    {
      "id": "steigen",
      "name": "Steigen"
    },
    {
      "id": "steinberg",
      "name": "Steinberg"
    },
    {
      "id": "steinkjer",
      "name": "Steinkjer"
    },
    {
      "id": "steinsdalen",
      "name": "Steinsdalen"
    },
    {
      "id": "sto",
      "name": "Sto"
    },
    {
      "id": "stokke",
      "name": "Stokke"
    },
    {
      "id": "stokmarknes",
      "name": "Stokmarknes"
    },
    {
      "id": "stol",
      "name": "Stol"
    },
    {
      "id": "storas",
      "name": "Storas"
    },
    {
      "id": "stordal",
      "name": "Stordal"
    },
    {
      "id": "storebo",
      "name": "Storebo"
    },
    {
      "id": "storforshei",
      "name": "Storforshei"
    },
    {
      "id": "storslett",
      "name": "Storslett"
    },
    {
      "id": "storsteinnes",
      "name": "Storsteinnes"
    },
    {
      "id": "stranda",
      "name": "Stranda"
    },
    {
      "id": "straume",
      "name": "Straume"
    },
    {
      "id": "straumen",
      "name": "Straumen"
    },
    {
      "id": "strommen",
      "name": "Strommen"
    },
    {
      "id": "stronstad",
      "name": "Stronstad"
    },
    {
      "id": "strusshamn",
      "name": "Strusshamn"
    },
    {
      "id": "stryn",
      "name": "Stryn"
    },
    {
      "id": "suldalsosen",
      "name": "Suldalsosen"
    },
    {
      "id": "sulisjielmma",
      "name": "Sulisjielmma"
    },
    {
      "id": "sund",
      "name": "Sund"
    },
    {
      "id": "sundal",
      "name": "Sundal"
    },
    {
      "id": "sunde",
      "name": "Sunde"
    },
    {
      "id": "sunndalsora",
      "name": "Sunndalsora"
    },
    {
      "id": "surnadalsora",
      "name": "Surnadalsora"
    },
    {
      "id": "svarstad",
      "name": "Svarstad"
    },
    {
      "id": "svartskog",
      "name": "Svartskog"
    },
    {
      "id": "sveio",
      "name": "Sveio"
    },
    {
      "id": "svelgen",
      "name": "Svelgen"
    },
    {
      "id": "svelvik",
      "name": "Svelvik"
    },
    {
      "id": "svene",
      "name": "Svene"
    },
    {
      "id": "svortland",
      "name": "Svortland"
    },
    {
      "id": "sylling",
      "name": "Sylling"
    },
    {
      "id": "syvik",
      "name": "Syvik"
    },
    {
      "id": "tafjord",
      "name": "Tafjord"
    },
    {
      "id": "talvik",
      "name": "Talvik"
    },
    {
      "id": "tananger",
      "name": "Tananger"
    },
    {
      "id": "tanem",
      "name": "Tanem"
    },
    {
      "id": "tangen",
      "name": "Tangen"
    },
    {
      "id": "tau",
      "name": "Tau"
    },
    {
      "id": "tennevoll",
      "name": "Tennevoll"
    },
    {
      "id": "tennfjord",
      "name": "Tennfjord"
    },
    {
      "id": "tertnes",
      "name": "Tertnes"
    },
    {
      "id": "tiller",
      "name": "Tiller"
    },
    {
      "id": "tingvoll",
      "name": "Tingvoll"
    },
    {
      "id": "tistedal",
      "name": "Tistedal"
    },
    {
      "id": "tjeldsto",
      "name": "Tjeldsto"
    },
    {
      "id": "tjelta",
      "name": "Tjelta"
    },
    {
      "id": "tjong",
      "name": "Tjong"
    },
    {
      "id": "tjorvag",
      "name": "Tjorvag"
    },
    {
      "id": "tjotta",
      "name": "Tjotta"
    },
    {
      "id": "tofte",
      "name": "Tofte"
    },
    {
      "id": "tolga",
      "name": "Tolga"
    },
    {
      "id": "tomasjorda",
      "name": "Tomasjorda"
    },
    {
      "id": "tomter",
      "name": "Tomter"
    },
    {
      "id": "tonstad",
      "name": "Tonstad"
    },
    {
      "id": "tornes",
      "name": "Tornes"
    },
    {
      "id": "torod",
      "name": "Torod"
    },
    {
      "id": "torp",
      "name": "Torp"
    },
    {
      "id": "torpo",
      "name": "Torpo"
    },
    {
      "id": "tovik",
      "name": "Tovik"
    },
    {
      "id": "trana",
      "name": "Trana"
    },
    {
      "id": "tranby",
      "name": "Tranby"
    },
    {
      "id": "trengereid",
      "name": "Trengereid"
    },
    {
      "id": "tretten",
      "name": "Tretten"
    },
    {
      "id": "treungen",
      "name": "Treungen"
    },
    {
      "id": "trofors",
      "name": "Trofors"
    },
    {
      "id": "trollfjorden",
      "name": "Trollfjorden"
    },
    {
      "id": "tromsdalen",
      "name": "Tromsdalen"
    },
    {
      "id": "trondheim",
      "name": "Trondheim"
    },
    {
      "id": "trones",
      "name": "Trones"
    },
    {
      "id": "turoy",
      "name": "Turoy"
    },
    {
      "id": "tvedestrand",
      "name": "Tvedestrand"
    },
    {
      "id": "tveit",
      "name": "Tveit"
    },
    {
      "id": "tynset",
      "name": "Tynset"
    },
    {
      "id": "tyristrand",
      "name": "Tyristrand"
    },
    {
      "id": "tysnes",
      "name": "Tysnes"
    },
    {
      "id": "tysse",
      "name": "Tysse"
    },
    {
      "id": "tyssedal",
      "name": "Tyssedal"
    },
    {
      "id": "uggdal",
      "name": "Uggdal"
    },
    {
      "id": "ulefoss",
      "name": "Ulefoss"
    },
    {
      "id": "ulstein",
      "name": "Ulstein"
    },
    {
      "id": "ulsteinvik",
      "name": "Ulsteinvik"
    },
    {
      "id": "ulvagen",
      "name": "Ulvagen"
    },
    {
      "id": "ulvik",
      "name": "Ulvik"
    },
    {
      "id": "undeim",
      "name": "Undeim"
    },
    {
      "id": "uskedalen",
      "name": "Uskedalen"
    },
    {
      "id": "utsira",
      "name": "Utsira"
    },
    {
      "id": "utskarpen",
      "name": "Utskarpen"
    },
    {
      "id": "uvdal",
      "name": "Uvdal"
    },
    {
      "id": "vadheim",
      "name": "Vadheim"
    },
    {
      "id": "vage",
      "name": "Vage"
    },
    {
      "id": "vagland",
      "name": "Vagland"
    },
    {
      "id": "vaksdal",
      "name": "Vaksdal"
    },
    {
      "id": "vale",
      "name": "Vale"
    },
    {
      "id": "valen",
      "name": "Valen"
    },
    {
      "id": "valer",
      "name": "Valer"
    },
    {
      "id": "valestrand",
      "name": "Valestrand"
    },
    {
      "id": "valestrandfossen",
      "name": "Valestrandfossen"
    },
    {
      "id": "valldal",
      "name": "Valldal"
    },
    {
      "id": "valle",
      "name": "Valle"
    },
    {
      "id": "valsoyfjord",
      "name": "Valsoyfjord"
    },
    {
      "id": "vangsvika",
      "name": "Vangsvika"
    },
    {
      "id": "vannvag",
      "name": "Vannvag"
    },
    {
      "id": "vanse",
      "name": "Vanse"
    },
    {
      "id": "varangerbotn",
      "name": "Varangerbotn"
    },
    {
      "id": "varhaug",
      "name": "Varhaug"
    },
    {
      "id": "vassenden",
      "name": "Vassenden"
    },
    {
      "id": "vatne",
      "name": "Vatne"
    },
    {
      "id": "vedavagen",
      "name": "Vedavagen"
    },
    {
      "id": "vegarshei",
      "name": "Vegarshei"
    },
    {
      "id": "veggli",
      "name": "Veggli"
    },
    {
      "id": "venabygd",
      "name": "Venabygd"
    },
    {
      "id": "vennesla",
      "name": "Vennesla"
    },
    {
      "id": "verdal",
      "name": "Verdal"
    },
    {
      "id": "vestby",
      "name": "Vestby"
    },
    {
      "id": "vestfossen",
      "name": "Vestfossen"
    },
    {
      "id": "vestnes",
      "name": "Vestnes"
    },
    {
      "id": "vestra-mosterhamn",
      "name": "Vestra Mosterhamn"
    },
    {
      "id": "vestre-gausdal",
      "name": "Vestre Gausdal"
    },
    {
      "id": "vevang",
      "name": "Vevang"
    },
    {
      "id": "vevelstad",
      "name": "Vevelstad"
    },
    {
      "id": "vigrestad",
      "name": "Vigrestad"
    },
    {
      "id": "vikebygd",
      "name": "Vikebygd"
    },
    {
      "id": "vikedal",
      "name": "Vikedal"
    },
    {
      "id": "vikersund",
      "name": "Vikersund"
    },
    {
      "id": "vikesa",
      "name": "Vikesa"
    },
    {
      "id": "vikran",
      "name": "Vikran"
    },
    {
      "id": "vingelen",
      "name": "Vingelen"
    },
    {
      "id": "vinje",
      "name": "Vinje"
    },
    {
      "id": "vinstra",
      "name": "Vinstra"
    },
    {
      "id": "voksa",
      "name": "Voksa"
    },
    {
      "id": "volda",
      "name": "Volda"
    },
    {
      "id": "vollen",
      "name": "Vollen"
    },
    {
      "id": "vormedal",
      "name": "Vormedal"
    },
    {
      "id": "vormsund",
      "name": "Vormsund"
    },
    {
      "id": "voss",
      "name": "Voss"
    },
    {
      "id": "vossestrand",
      "name": "Vossestrand"
    },
    {
      "id": "vraliosen",
      "name": "Vraliosen"
    },
    {
      "id": "ytre-alvik",
      "name": "Ytre Alvik"
    }
  ]
}