{
  "coid": "NZ",
  "cities": [
    {
      "id": "ahaura",
      "name": "Ahaura"
    },
    {
      "id": "albany",
      "name": "Albany"
    },
    {
      "id": "amberley",
      "name": "Amberley"
    },
    {
      "id": "ashhurst",
      "name": "Ashhurst"
    },
    {
      "id": "auckland",
      "name": "Auckland"
    },
    {
      "id": "avondale",
      "name": "Avondale"
    },
    {
      "id": "awanui",
      "name": "Awanui"
    },
    {
      "id": "balclutha",
      "name": "Balclutha"
    },
    {
      "id": "balfour",
      "name": "Balfour"
    },
    {
      "id": "beachlands",
      "name": "Beachlands"
    },
    {
      "id": "belmont",
      "name": "Belmont"
    },
    {
      "id": "bethlehem",
      "name": "Bethlehem"
    },
    {
      "id": "blackburn",
      "name": "Blackburn"
    },
    {
      "id": "bombay",
      "name": "Bombay"
    },
    {
      "id": "brightwater",
      "name": "Brightwater"
    },
    {
      "id": "browns-bay",
      "name": "Browns Bay"
    },
    {
      "id": "bulls",
      "name": "Bulls"
    },
    {
      "id": "campbells-bay",
      "name": "Campbells Bay"
    },
    {
      "id": "cashmere-hills",
      "name": "Cashmere Hills"
    },
    {
      "id": "cave",
      "name": "Cave"
    },
    {
      "id": "cheviot",
      "name": "Cheviot"
    },
    {
      "id": "christchurch",
      "name": "Christchurch"
    },
    {
      "id": "clarks",
      "name": "Clarks"
    },
    {
      "id": "clevedon",
      "name": "Clevedon"
    },
    {
      "id": "clinton",
      "name": "Clinton"
    },
    {
      "id": "clive",
      "name": "Clive"
    },
    {
      "id": "clyde",
      "name": "Clyde"
    },
    {
      "id": "coalgate",
      "name": "Coalgate"
    },
    {
      "id": "coatesville",
      "name": "Coatesville"
    },
    {
      "id": "collingwood",
      "name": "Collingwood"
    },
    {
      "id": "colville",
      "name": "Colville"
    },
    {
      "id": "coromandel",
      "name": "Coromandel"
    },
    {
      "id": "darfield",
      "name": "Darfield"
    },
    {
      "id": "dargaville",
      "name": "Dargaville"
    },
    {
      "id": "douglas",
      "name": "Douglas"
    },
    {
      "id": "doyleston",
      "name": "Doyleston"
    },
    {
      "id": "drury",
      "name": "Drury"
    },
    {
      "id": "dunedin",
      "name": "Dunedin"
    },
    {
      "id": "duvauchelle",
      "name": "Duvauchelle"
    },
    {
      "id": "east-tamaki",
      "name": "East Tamaki"
    },
    {
      "id": "eastbourne",
      "name": "Eastbourne"
    },
    {
      "id": "edendale",
      "name": "Edendale"
    },
    {
      "id": "eltham",
      "name": "Eltham"
    },
    {
      "id": "fairlie",
      "name": "Fairlie"
    },
    {
      "id": "favona",
      "name": "Favona"
    },
    {
      "id": "foxton",
      "name": "Foxton"
    },
    {
      "id": "foxton-beach",
      "name": "Foxton Beach"
    },
    {
      "id": "franz-josef",
      "name": "Franz Josef"
    },
    {
      "id": "gisborne",
      "name": "Gisborne"
    },
    {
      "id": "glen-eden",
      "name": "Glen Eden"
    },
    {
      "id": "glenbrook",
      "name": "Glenbrook"
    },
    {
      "id": "greenhithe",
      "name": "Greenhithe"
    },
    {
      "id": "greerton",
      "name": "Greerton"
    },
    {
      "id": "greymouth",
      "name": "Greymouth"
    },
    {
      "id": "haast",
      "name": "Haast"
    },
    {
      "id": "halswell",
      "name": "Halswell"
    },
    {
      "id": "hamilton",
      "name": "Hamilton"
    },
    {
      "id": "hastings",
      "name": "Hastings"
    },
    {
      "id": "havelock-north",
      "name": "Havelock North"
    },
    {
      "id": "hawarden",
      "name": "Hawarden"
    },
    {
      "id": "hawera",
      "name": "Hawera"
    },
    {
      "id": "herne-bay",
      "name": "Herne Bay"
    },
    {
      "id": "hikuai",
      "name": "Hikuai"
    },
    {
      "id": "hokitika",
      "name": "Hokitika"
    },
    {
      "id": "howick",
      "name": "Howick"
    },
    {
      "id": "hunterville",
      "name": "Hunterville"
    },
    {
      "id": "invercargill",
      "name": "Invercargill"
    },
    {
      "id": "johnsonville",
      "name": "Johnsonville"
    },
    {
      "id": "kaeo",
      "name": "Kaeo"
    },
    {
      "id": "kaiata",
      "name": "Kaiata"
    },
    {
      "id": "kaikoura",
      "name": "Kaikoura"
    },
    {
      "id": "kaitangata",
      "name": "Kaitangata"
    },
    {
      "id": "kaiwaka",
      "name": "Kaiwaka"
    },
    {
      "id": "kaiwharawhara",
      "name": "Kaiwharawhara"
    },
    {
      "id": "kamo",
      "name": "Kamo"
    },
    {
      "id": "karamea",
      "name": "Karamea"
    },
    {
      "id": "katikati",
      "name": "Katikati"
    },
    {
      "id": "kawakawa",
      "name": "Kawakawa"
    },
    {
      "id": "kawerau",
      "name": "Kawerau"
    },
    {
      "id": "kawhia",
      "name": "Kawhia"
    },
    {
      "id": "kerikeri",
      "name": "Kerikeri"
    },
    {
      "id": "khandallah",
      "name": "Khandallah"
    },
    {
      "id": "kimbolton",
      "name": "Kimbolton"
    },
    {
      "id": "kirwee",
      "name": "Kirwee"
    },
    {
      "id": "kohukohu",
      "name": "Kohukohu"
    },
    {
      "id": "kumeu",
      "name": "Kumeu"
    },
    {
      "id": "kurow",
      "name": "Kurow"
    },
    {
      "id": "lake-tekapo",
      "name": "Lake Tekapo"
    },
    {
      "id": "leamington",
      "name": "Leamington"
    },
    {
      "id": "leeston",
      "name": "Leeston"
    },
    {
      "id": "levels",
      "name": "Levels"
    },
    {
      "id": "levin",
      "name": "Levin"
    },
    {
      "id": "lincoln",
      "name": "Lincoln"
    },
    {
      "id": "linwood",
      "name": "Linwood"
    },
    {
      "id": "longburn",
      "name": "Longburn"
    },
    {
      "id": "lower-hutt",
      "name": "Lower Hutt"
    },
    {
      "id": "lumsden",
      "name": "Lumsden"
    },
    {
      "id": "mangaroa",
      "name": "Mangaroa"
    },
    {
      "id": "mangawhai-heads",
      "name": "Mangawhai Heads"
    },
    {
      "id": "mangere",
      "name": "Mangere"
    },
    {
      "id": "mangonui",
      "name": "Mangonui"
    },
    {
      "id": "manukau",
      "name": "Manukau"
    },
    {
      "id": "manunui",
      "name": "Manunui"
    },
    {
      "id": "marua",
      "name": "Marua"
    },
    {
      "id": "masterton",
      "name": "Masterton"
    },
    {
      "id": "matakana",
      "name": "Matakana"
    },
    {
      "id": "maungatapere",
      "name": "Maungatapere"
    },
    {
      "id": "maungaturoto",
      "name": "Maungaturoto"
    },
    {
      "id": "menzies-ferry",
      "name": "Menzies Ferry"
    },
    {
      "id": "methven",
      "name": "Methven"
    },
    {
      "id": "milton",
      "name": "Milton"
    },
    {
      "id": "mission-bay",
      "name": "Mission Bay"
    },
    {
      "id": "moerewa",
      "name": "Moerewa"
    },
    {
      "id": "mosgiel",
      "name": "Mosgiel"
    },
    {
      "id": "mossburn",
      "name": "Mossburn"
    },
    {
      "id": "mount-maunganui",
      "name": "Mount Maunganui"
    },
    {
      "id": "murupara",
      "name": "Murupara"
    },
    {
      "id": "myross-bush",
      "name": "Myross Bush"
    },
    {
      "id": "napier-city",
      "name": "Napier City"
    },
    {
      "id": "nelson",
      "name": "Nelson"
    },
    {
      "id": "new-plymouth",
      "name": "New Plymouth"
    },
    {
      "id": "ngaio",
      "name": "Ngaio"
    },
    {
      "id": "ngatea",
      "name": "Ngatea"
    },
    {
      "id": "north-shore",
      "name": "North Shore"
    },
    {
      "id": "northcote-point",
      "name": "Northcote Point"
    },
    {
      "id": "northland",
      "name": "Northland"
    },
    {
      "id": "oakura",
      "name": "Oakura"
    },
    {
      "id": "oamaru",
      "name": "Oamaru"
    },
    {
      "id": "oban",
      "name": "Oban"
    },
    {
      "id": "ohaupo",
      "name": "Ohaupo"
    },
    {
      "id": "ohura",
      "name": "Ohura"
    },
    {
      "id": "okaiawa",
      "name": "Okaiawa"
    },
    {
      "id": "okaihau",
      "name": "Okaihau"
    },
    {
      "id": "okato",
      "name": "Okato"
    },
    {
      "id": "onga-onga",
      "name": "Onga Onga"
    },
    {
      "id": "opaheke",
      "name": "Opaheke"
    },
    {
      "id": "opotiki",
      "name": "Opotiki"
    },
    {
      "id": "opunake",
      "name": "Opunake"
    },
    {
      "id": "orakei",
      "name": "Orakei"
    },
    {
      "id": "oratia",
      "name": "Oratia"
    },
    {
      "id": "orewa",
      "name": "Orewa"
    },
    {
      "id": "otaki",
      "name": "Otaki"
    },
    {
      "id": "otaki-beach",
      "name": "Otaki Beach"
    },
    {
      "id": "otane",
      "name": "Otane"
    },
    {
      "id": "otautau",
      "name": "Otautau"
    },
    {
      "id": "otematata",
      "name": "Otematata"
    },
    {
      "id": "otorohanga",
      "name": "Otorohanga"
    },
    {
      "id": "oturehua",
      "name": "Oturehua"
    },
    {
      "id": "outram",
      "name": "Outram"
    },
    {
      "id": "owaka",
      "name": "Owaka"
    },
    {
      "id": "oxford",
      "name": "Oxford"
    },
    {
      "id": "paekakariki",
      "name": "Paekakariki"
    },
    {
      "id": "paeroa",
      "name": "Paeroa"
    },
    {
      "id": "paihia",
      "name": "Paihia"
    },
    {
      "id": "pakuranga",
      "name": "Pakuranga"
    },
    {
      "id": "palmerston-north",
      "name": "Palmerston North"
    },
    {
      "id": "panmure",
      "name": "Panmure"
    },
    {
      "id": "papakura",
      "name": "Papakura"
    },
    {
      "id": "papamoa",
      "name": "Papamoa"
    },
    {
      "id": "paradise",
      "name": "Paradise"
    },
    {
      "id": "paraparaumu",
      "name": "Paraparaumu"
    },
    {
      "id": "paraparaumu-beach",
      "name": "Paraparaumu Beach"
    },
    {
      "id": "paremata",
      "name": "Paremata"
    },
    {
      "id": "parnell",
      "name": "Parnell"
    },
    {
      "id": "penrose",
      "name": "Penrose"
    },
    {
      "id": "petone",
      "name": "Petone"
    },
    {
      "id": "piopio",
      "name": "Piopio"
    },
    {
      "id": "pirongia",
      "name": "Pirongia"
    },
    {
      "id": "pleasant-point",
      "name": "Pleasant Point"
    },
    {
      "id": "pokeno",
      "name": "Pokeno"
    },
    {
      "id": "ponsonby",
      "name": "Ponsonby"
    },
    {
      "id": "porangahau",
      "name": "Porangahau"
    },
    {
      "id": "porirua",
      "name": "Porirua"
    },
    {
      "id": "port-chalmers",
      "name": "Port Chalmers"
    },
    {
      "id": "portland",
      "name": "Portland"
    },
    {
      "id": "puhoi",
      "name": "Puhoi"
    },
    {
      "id": "pukeatua",
      "name": "Pukeatua"
    },
    {
      "id": "punakaiki",
      "name": "Punakaiki"
    },
    {
      "id": "queenstown",
      "name": "Queenstown"
    },
    {
      "id": "raglan",
      "name": "Raglan"
    },
    {
      "id": "rakaia",
      "name": "Rakaia"
    },
    {
      "id": "rakaia-gorge",
      "name": "Rakaia Gorge"
    },
    {
      "id": "ranfurly",
      "name": "Ranfurly"
    },
    {
      "id": "red-beach",
      "name": "Red Beach"
    },
    {
      "id": "renwick",
      "name": "Renwick"
    },
    {
      "id": "reporoa",
      "name": "Reporoa"
    },
    {
      "id": "riverhead",
      "name": "Riverhead"
    },
    {
      "id": "riversdale",
      "name": "Riversdale"
    },
    {
      "id": "riverton",
      "name": "Riverton"
    },
    {
      "id": "rolleston",
      "name": "Rolleston"
    },
    {
      "id": "rotherham",
      "name": "Rotherham"
    },
    {
      "id": "rotorua",
      "name": "Rotorua"
    },
    {
      "id": "ruawai",
      "name": "Ruawai"
    },
    {
      "id": "russell",
      "name": "Russell"
    },
    {
      "id": "saint-heliers",
      "name": "Saint Heliers"
    },
    {
      "id": "sawyers-bay",
      "name": "Sawyers Bay"
    },
    {
      "id": "sefton",
      "name": "Sefton"
    },
    {
      "id": "silverdale",
      "name": "Silverdale"
    },
    {
      "id": "springs-junction",
      "name": "Springs Junction"
    },
    {
      "id": "stanmore-bay",
      "name": "Stanmore Bay"
    },
    {
      "id": "swanson",
      "name": "Swanson"
    },
    {
      "id": "tahoraiti",
      "name": "Tahoraiti"
    },
    {
      "id": "takaka",
      "name": "Takaka"
    },
    {
      "id": "takanini",
      "name": "Takanini"
    },
    {
      "id": "takapau",
      "name": "Takapau"
    },
    {
      "id": "takapuna",
      "name": "Takapuna"
    },
    {
      "id": "tamahere",
      "name": "Tamahere"
    },
    {
      "id": "taradale",
      "name": "Taradale"
    },
    {
      "id": "tasman",
      "name": "Tasman"
    },
    {
      "id": "taupiri",
      "name": "Taupiri"
    },
    {
      "id": "taupo",
      "name": "Taupo"
    },
    {
      "id": "tauranga",
      "name": "Tauranga"
    },
    {
      "id": "te-anau",
      "name": "Te Anau"
    },
    {
      "id": "te-atatu",
      "name": "Te Atatu"
    },
    {
      "id": "te-kauwhata",
      "name": "Te Kauwhata"
    },
    {
      "id": "te-roti",
      "name": "Te Roti"
    },
    {
      "id": "templeton",
      "name": "Templeton"
    },
    {
      "id": "thames",
      "name": "Thames"
    },
    {
      "id": "timaru",
      "name": "Timaru"
    },
    {
      "id": "tinwald",
      "name": "Tinwald"
    },
    {
      "id": "tirau",
      "name": "Tirau"
    },
    {
      "id": "titirangi-north",
      "name": "Titirangi North"
    },
    {
      "id": "tokomaru",
      "name": "Tokomaru"
    },
    {
      "id": "tokoroa",
      "name": "Tokoroa"
    },
    {
      "id": "torbay",
      "name": "Torbay"
    },
    {
      "id": "tuakau",
      "name": "Tuakau"
    },
    {
      "id": "tuatapere",
      "name": "Tuatapere"
    },
    {
      "id": "turangi",
      "name": "Turangi"
    },
    {
      "id": "upper-moutere",
      "name": "Upper Moutere"
    },
    {
      "id": "urenui",
      "name": "Urenui"
    },
    {
      "id": "waiau",
      "name": "Waiau"
    },
    {
      "id": "waiau-pa",
      "name": "Waiau Pa"
    },
    {
      "id": "waihi",
      "name": "Waihi"
    },
    {
      "id": "waihi-beach",
      "name": "Waihi Beach"
    },
    {
      "id": "waikanae",
      "name": "Waikanae"
    },
    {
      "id": "waikari",
      "name": "Waikari"
    },
    {
      "id": "waikawa",
      "name": "Waikawa"
    },
    {
      "id": "waikuku",
      "name": "Waikuku"
    },
    {
      "id": "waikuku-beach",
      "name": "Waikuku Beach"
    },
    {
      "id": "waimana",
      "name": "Waimana"
    },
    {
      "id": "waimauku",
      "name": "Waimauku"
    },
    {
      "id": "wainuiomata",
      "name": "Wainuiomata"
    },
    {
      "id": "waiouru",
      "name": "Waiouru"
    },
    {
      "id": "waipara",
      "name": "Waipara"
    },
    {
      "id": "waipawa",
      "name": "Waipawa"
    },
    {
      "id": "waipu",
      "name": "Waipu"
    },
    {
      "id": "wairoa",
      "name": "Wairoa"
    },
    {
      "id": "waitakere-city",
      "name": "Waitakere City"
    },
    {
      "id": "waitangi",
      "name": "Waitangi"
    },
    {
      "id": "waitara",
      "name": "Waitara"
    },
    {
      "id": "waitati",
      "name": "Waitati"
    },
    {
      "id": "waitoa",
      "name": "Waitoa"
    },
    {
      "id": "waiuku",
      "name": "Waiuku"
    },
    {
      "id": "wakefield",
      "name": "Wakefield"
    },
    {
      "id": "walton",
      "name": "Walton"
    },
    {
      "id": "wanaka",
      "name": "Wanaka"
    },
    {
      "id": "wanganui",
      "name": "Wanganui"
    },
    {
      "id": "warkworth",
      "name": "Warkworth"
    },
    {
      "id": "waverley",
      "name": "Waverley"
    },
    {
      "id": "wellington",
      "name": "Wellington"
    },
    {
      "id": "wellsford",
      "name": "Wellsford"
    },
    {
      "id": "wendon-valley",
      "name": "Wendon Valley"
    },
    {
      "id": "west-melton",
      "name": "West Melton"
    },
    {
      "id": "weston",
      "name": "Weston"
    },
    {
      "id": "westport",
      "name": "Westport"
    },
    {
      "id": "weymouth",
      "name": "Weymouth"
    },
    {
      "id": "whakatane",
      "name": "Whakatane"
    },
    {
      "id": "whangamata",
      "name": "Whangamata"
    },
    {
      "id": "whangaparaoa",
      "name": "Whangaparaoa"
    },
    {
      "id": "whangarei",
      "name": "Whangarei"
    },
    {
      "id": "whitianga",
      "name": "Whitianga"
    },
    {
      "id": "winchester",
      "name": "Winchester"
    },
    {
      "id": "windermere",
      "name": "Windermere"
    },
    {
      "id": "winton",
      "name": "Winton"
    },
    {
      "id": "woodend",
      "name": "Woodend"
    },
    {
      "id": "woolston",
      "name": "Woolston"
    },
    {
      "id": "wyndham",
      "name": "Wyndham"
    },
    {
      "id": "yaldhurst",
      "name": "Yaldhurst"
    }
  ]
}