{
  "coid": "PA",
  "cities": [
    {
      "id": "aguadulce",
      "name": "Aguadulce"
    },
    {
      "id": "albrook",
      "name": "Albrook"
    },
    {
      "id": "ancon",
      "name": "Ancon"
    },
    {
      "id": "arosemena",
      "name": "Arosemena"
    },
    {
      "id": "arraijan",
      "name": "Arraijan"
    },
    {
      "id": "balboa",
      "name": "Balboa"
    },
    {
      "id": "bella-vista",
      "name": "Bella Vista"
    },
    {
      "id": "bocas-del-toro",
      "name": "Bocas del Toro"
    },
    {
      "id": "boquete",
      "name": "Boquete"
    },
    {
      "id": "bugaba",
      "name": "Bugaba"
    },
    {
      "id": "calidonia",
      "name": "Calidonia"
    },
    {
      "id": "campo-alegre",
      "name": "Campo Alegre"
    },
    {
      "id": "cerro-viento",
      "name": "Cerro Viento"
    },
    {
      "id": "chigore",
      "name": "Chigore"
    },
    {
      "id": "chiriqui",
      "name": "Chiriqui"
    },
    {
      "id": "cocle",
      "name": "Cocle"
    },
    {
      "id": "corozal",
      "name": "Corozal"
    },
    {
      "id": "cristobal",
      "name": "Cristobal"
    },
    {
      "id": "curundame",
      "name": "Curundame"
    },
    {
      "id": "curundu",
      "name": "Curundu"
    },
    {
      "id": "david",
      "name": "David"
    },
    {
      "id": "el-arado",
      "name": "El Arado"
    },
    {
      "id": "el-cangrejo",
      "name": "El Cangrejo"
    },
    {
      "id": "el-lago",
      "name": "El Lago"
    },
    {
      "id": "elena",
      "name": "Elena"
    },
    {
      "id": "entre-rios",
      "name": "Entre Rios"
    },
    {
      "id": "finca-blanco-numero-uno",
      "name": "Finca Blanco Numero Uno"
    },
    {
      "id": "fuerte-amador",
      "name": "Fuerte Amador"
    },
    {
      "id": "guadalupe",
      "name": "Guadalupe"
    },
    {
      "id": "jimenez",
      "name": "Jimenez"
    },
    {
      "id": "juan-diaz",
      "name": "Juan Diaz"
    },
    {
      "id": "juan-franco",
      "name": "Juan Franco"
    },
    {
      "id": "kuba",
      "name": "Kuba"
    },
    {
      "id": "la-chorrera",
      "name": "La Chorrera"
    },
    {
      "id": "la-exposicion",
      "name": "La Exposicion"
    },
    {
      "id": "la-loma",
      "name": "La Loma"
    },
    {
      "id": "las-mercedes",
      "name": "Las Mercedes"
    },
    {
      "id": "las-sabanas",
      "name": "Las Sabanas"
    },
    {
      "id": "las-tablas",
      "name": "Las Tablas"
    },
    {
      "id": "llano-tugri",
      "name": "Llano Tugri"
    },
    {
      "id": "los-angeles",
      "name": "Los Angeles"
    },
    {
      "id": "muerto",
      "name": "Muerto"
    },
    {
      "id": "mulatupo",
      "name": "Mulatupo"
    },
    {
      "id": "paitilla",
      "name": "Paitilla"
    },
    {
      "id": "panama-city",
      "name": "Panama City"
    },
    {
      "id": "parque-lefevre",
      "name": "Parque Lefevre"
    },
    {
      "id": "peru",
      "name": "Peru"
    },
    {
      "id": "playa-blanca",
      "name": "Playa Blanca"
    },
    {
      "id": "plaza",
      "name": "Plaza"
    },
    {
      "id": "portobelo",
      "name": "Portobelo"
    },
    {
      "id": "pueblo-nuevo",
      "name": "Pueblo Nuevo"
    },
    {
      "id": "quebrada-de-camilo",
      "name": "Quebrada de Camilo"
    },
    {
      "id": "rio-abajo",
      "name": "Rio Abajo"
    },
    {
      "id": "sabalo",
      "name": "Sabalo"
    },
    {
      "id": "sacramento",
      "name": "Sacramento"
    },
    {
      "id": "san-cristobal",
      "name": "San Cristobal"
    },
    {
      "id": "san-felipe",
      "name": "San Felipe"
    },
    {
      "id": "san-francisco",
      "name": "San Francisco"
    },
    {
      "id": "san-miguelito",
      "name": "San Miguelito"
    },
    {
      "id": "santa-ana",
      "name": "Santa Ana"
    },
    {
      "id": "santa-catalina",
      "name": "Santa Catalina"
    },
    {
      "id": "santa-clara",
      "name": "Santa Clara"
    },
    {
      "id": "santa-isabel",
      "name": "Santa Isabel"
    },
    {
      "id": "santiago",
      "name": "Santiago"
    },
    {
      "id": "santo-domingo",
      "name": "Santo Domingo"
    },
    {
      "id": "tocumen",
      "name": "Tocumen"
    },
    {
      "id": "torre",
      "name": "Torre"
    },
    {
      "id": "torres-bluff",
      "name": "Torres Bluff"
    },
    {
      "id": "veraguas",
      "name": "Veraguas"
    },
    {
      "id": "victoria",
      "name": "Victoria"
    },
    {
      "id": "vista-alegre",
      "name": "Vista Alegre"
    },
    {
      "id": "vista-hermosa",
      "name": "Vista Hermosa"
    }
  ]
}