{
  "coid": "PE",
  "cities": [
    {
      "id": "abancay",
      "name": "Abancay"
    },
    {
      "id": "arequipa",
      "name": "Arequipa"
    },
    {
      "id": "ate",
      "name": "Ate"
    },
    {
      "id": "ayacucho",
      "name": "Ayacucho"
    },
    {
      "id": "bagua",
      "name": "Bagua"
    },
    {
      "id": "barranca",
      "name": "Barranca"
    },
    {
      "id": "barranco",
      "name": "Barranco"
    },
    {
      "id": "bellavista",
      "name": "Bellavista"
    },
    {
      "id": "bolivar",
      "name": "Bolivar"
    },
    {
      "id": "cajamarca",
      "name": "Cajamarca"
    },
    {
      "id": "callao",
      "name": "Callao"
    },
    {
      "id": "calle",
      "name": "Calle"
    },
    {
      "id": "caras",
      "name": "Caras"
    },
    {
      "id": "cerro-de-pasco",
      "name": "Cerro de Pasco"
    },
    {
      "id": "chachapoyas",
      "name": "Chachapoyas"
    },
    {
      "id": "chiclayo",
      "name": "Chiclayo"
    },
    {
      "id": "chimbote",
      "name": "Chimbote"
    },
    {
      "id": "chincha",
      "name": "Chincha"
    },
    {
      "id": "cusco",
      "name": "Cusco"
    },
    {
      "id": "cuzco",
      "name": "Cuzco"
    },
    {
      "id": "el-agustino",
      "name": "El Agustino"
    },
    {
      "id": "hacienda-la-palma",
      "name": "Hacienda La Palma"
    },
    {
      "id": "huacho",
      "name": "Huacho"
    },
    {
      "id": "huancavelica",
      "name": "Huancavelica"
    },
    {
      "id": "huancayo",
      "name": "Huancayo"
    },
    {
      "id": "huaral",
      "name": "Huaral"
    },
    {
      "id": "huaraz",
      "name": "Huaraz"
    },
    {
      "id": "huaytara",
      "name": "Huaytara"
    },
    {
      "id": "ica",
      "name": "Ica"
    },
    {
      "id": "ilo",
      "name": "Ilo"
    },
    {
      "id": "imperial",
      "name": "Imperial"
    },
    {
      "id": "iquitos",
      "name": "Iquitos"
    },
    {
      "id": "jaen",
      "name": "Jaen"
    },
    {
      "id": "jesus-maria",
      "name": "Jesus Maria"
    },
    {
      "id": "jose-olaya",
      "name": "Jose Olaya"
    },
    {
      "id": "juliaca",
      "name": "Juliaca"
    },
    {
      "id": "junin",
      "name": "Junin"
    },
    {
      "id": "la-molina",
      "name": "La Molina"
    },
    {
      "id": "la-perla",
      "name": "La Perla"
    },
    {
      "id": "la-punta",
      "name": "La Punta"
    },
    {
      "id": "lambayeque",
      "name": "Lambayeque"
    },
    {
      "id": "lima",
      "name": "Lima"
    },
    {
      "id": "lince",
      "name": "Lince"
    },
    {
      "id": "loreto",
      "name": "Loreto"
    },
    {
      "id": "lurigancho",
      "name": "Lurigancho"
    },
    {
      "id": "machu-picchu",
      "name": "Machu Picchu"
    },
    {
      "id": "maldonado",
      "name": "Maldonado"
    },
    {
      "id": "minas-de-marcona",
      "name": "Minas de Marcona"
    },
    {
      "id": "miraflores",
      "name": "Miraflores"
    },
    {
      "id": "moquegua",
      "name": "Moquegua"
    },
    {
      "id": "moyobamba",
      "name": "Moyobamba"
    },
    {
      "id": "pasco",
      "name": "Pasco"
    },
    {
      "id": "paucarpata",
      "name": "Paucarpata"
    },
    {
      "id": "pimentel",
      "name": "Pimentel"
    },
    {
      "id": "pisco",
      "name": "Pisco"
    },
    {
      "id": "piura",
      "name": "Piura"
    },
    {
      "id": "progreso",
      "name": "Progreso"
    },
    {
      "id": "pucallpa",
      "name": "Pucallpa"
    },
    {
      "id": "puerto-inca",
      "name": "Puerto Inca"
    },
    {
      "id": "puerto-maldonado",
      "name": "Puerto Maldonado"
    },
    {
      "id": "puno",
      "name": "Puno"
    },
    {
      "id": "rimac",
      "name": "Rimac"
    },
    {
      "id": "rioja",
      "name": "Rioja"
    },
    {
      "id": "san-borja",
      "name": "San Borja"
    },
    {
      "id": "san-isidro",
      "name": "San Isidro"
    },
    {
      "id": "san-juan-bautista",
      "name": "San Juan Bautista"
    },
    {
      "id": "san-martin",
      "name": "San Martin"
    },
    {
      "id": "san-miguel",
      "name": "San Miguel"
    },
    {
      "id": "santa",
      "name": "Santa"
    },
    {
      "id": "santiago",
      "name": "Santiago"
    },
    {
      "id": "santiago-de-surco",
      "name": "Santiago De Surco"
    },
    {
      "id": "sullana",
      "name": "Sullana"
    },
    {
      "id": "surco",
      "name": "Surco"
    },
    {
      "id": "surquillo",
      "name": "Surquillo"
    },
    {
      "id": "tacna",
      "name": "Tacna"
    },
    {
      "id": "talara",
      "name": "Talara"
    },
    {
      "id": "tarapoto",
      "name": "Tarapoto"
    },
    {
      "id": "tingo-maria",
      "name": "Tingo Maria"
    },
    {
      "id": "trujillo",
      "name": "Trujillo"
    },
    {
      "id": "tumbes",
      "name": "Tumbes"
    },
    {
      "id": "ventanilla",
      "name": "Ventanilla"
    },
    {
      "id": "victoria",
      "name": "Victoria"
    }
  ]
}