{
  "coid": "PH",
  "cities": [
    {
      "id": "abucay",
      "name": "Abucay"
    },
    {
      "id": "acacia",
      "name": "Acacia"
    },
    {
      "id": "aguilar",
      "name": "Aguilar"
    },
    {
      "id": "agusan-pequeno",
      "name": "Agusan Pequeno"
    },
    {
      "id": "alabang",
      "name": "Alabang"
    },
    {
      "id": "alaminos",
      "name": "Alaminos"
    },
    {
      "id": "alcala",
      "name": "Alcala"
    },
    {
      "id": "alfonso",
      "name": "Alfonso"
    },
    {
      "id": "alitagtag",
      "name": "Alitagtag"
    },
    {
      "id": "amadeo",
      "name": "Amadeo"
    },
    {
      "id": "angat",
      "name": "Angat"
    },
    {
      "id": "angeles-city",
      "name": "Angeles City"
    },
    {
      "id": "angono",
      "name": "Angono"
    },
    {
      "id": "antipolo",
      "name": "Antipolo"
    },
    {
      "id": "apalit",
      "name": "Apalit"
    },
    {
      "id": "aquino",
      "name": "Aquino"
    },
    {
      "id": "arayat",
      "name": "Arayat"
    },
    {
      "id": "asia",
      "name": "Asia"
    },
    {
      "id": "aurora",
      "name": "Aurora"
    },
    {
      "id": "ayala",
      "name": "Ayala"
    },
    {
      "id": "baao",
      "name": "Baao"
    },
    {
      "id": "baclaran",
      "name": "Baclaran"
    },
    {
      "id": "bacolod-city",
      "name": "Bacolod City"
    },
    {
      "id": "bacoor",
      "name": "Bacoor"
    },
    {
      "id": "bagac",
      "name": "Bagac"
    },
    {
      "id": "bago-city",
      "name": "Bago City"
    },
    {
      "id": "bagong-nayon",
      "name": "Bagong Nayon"
    },
    {
      "id": "baguio-city",
      "name": "Baguio City"
    },
    {
      "id": "bagumbayan",
      "name": "Bagumbayan"
    },
    {
      "id": "balabag",
      "name": "Balabag"
    },
    {
      "id": "balagtas",
      "name": "Balagtas"
    },
    {
      "id": "balamban",
      "name": "Balamban"
    },
    {
      "id": "balanga",
      "name": "Balanga"
    },
    {
      "id": "balayan",
      "name": "Balayan"
    },
    {
      "id": "baliuag",
      "name": "Baliuag"
    },
    {
      "id": "balungao",
      "name": "Balungao"
    },
    {
      "id": "barbar",
      "name": "Barbar"
    },
    {
      "id": "bataan",
      "name": "Bataan"
    },
    {
      "id": "batangas",
      "name": "Batangas"
    },
    {
      "id": "bates",
      "name": "Bates"
    },
    {
      "id": "batis",
      "name": "Batis"
    },
    {
      "id": "bauan",
      "name": "Bauan"
    },
    {
      "id": "bautista",
      "name": "Bautista"
    },
    {
      "id": "bay",
      "name": "Bay"
    },
    {
      "id": "bayan",
      "name": "Bayan"
    },
    {
      "id": "bayawan",
      "name": "Bayawan"
    },
    {
      "id": "binan",
      "name": "Binan"
    },
    {
      "id": "binangonan",
      "name": "Binangonan"
    },
    {
      "id": "binondo",
      "name": "Binondo"
    },
    {
      "id": "blumentritt",
      "name": "Blumentritt"
    },
    {
      "id": "boac",
      "name": "Boac"
    },
    {
      "id": "bocaue",
      "name": "Bocaue"
    },
    {
      "id": "bonifacio",
      "name": "Bonifacio"
    },
    {
      "id": "bool",
      "name": "Bool"
    },
    {
      "id": "bukidnon",
      "name": "Bukidnon"
    },
    {
      "id": "bulacan",
      "name": "Bulacan"
    },
    {
      "id": "burgos",
      "name": "Burgos"
    },
    {
      "id": "bustos",
      "name": "Bustos"
    },
    {
      "id": "buting",
      "name": "Buting"
    },
    {
      "id": "butuan",
      "name": "Butuan"
    },
    {
      "id": "cabanatuan-city",
      "name": "Cabanatuan City"
    },
    {
      "id": "cabatuan",
      "name": "Cabatuan"
    },
    {
      "id": "cabugao",
      "name": "Cabugao"
    },
    {
      "id": "cabuyao",
      "name": "Cabuyao"
    },
    {
      "id": "cafe",
      "name": "Cafe"
    },
    {
      "id": "cagayan",
      "name": "Cagayan"
    },
    {
      "id": "cagayan-de-oro",
      "name": "Cagayan de Oro"
    },
    {
      "id": "cainta",
      "name": "Cainta"
    },
    {
      "id": "calaca",
      "name": "Calaca"
    },
    {
      "id": "calamba",
      "name": "Calamba"
    },
    {
      "id": "calamba-city",
      "name": "Calamba City"
    },
    {
      "id": "calapan",
      "name": "Calapan"
    },
    {
      "id": "calasiao",
      "name": "Calasiao"
    },
    {
      "id": "calbayog-city",
      "name": "Calbayog City"
    },
    {
      "id": "calinan",
      "name": "Calinan"
    },
    {
      "id": "caloocan",
      "name": "Caloocan"
    },
    {
      "id": "caloocan-city",
      "name": "Caloocan City"
    },
    {
      "id": "campus",
      "name": "Campus"
    },
    {
      "id": "candelaria",
      "name": "Candelaria"
    },
    {
      "id": "candon",
      "name": "Candon"
    },
    {
      "id": "canlubang",
      "name": "Canlubang"
    },
    {
      "id": "capitol",
      "name": "Capitol"
    },
    {
      "id": "cardona",
      "name": "Cardona"
    },
    {
      "id": "carlatan",
      "name": "Carlatan"
    },
    {
      "id": "carlos",
      "name": "Carlos"
    },
    {
      "id": "carmona",
      "name": "Carmona"
    },
    {
      "id": "carolinas",
      "name": "Carolinas"
    },
    {
      "id": "cauayan",
      "name": "Cauayan"
    },
    {
      "id": "cavinti",
      "name": "Cavinti"
    },
    {
      "id": "cavite-city",
      "name": "Cavite City"
    },
    {
      "id": "cebu-city",
      "name": "Cebu City"
    },
    {
      "id": "central",
      "name": "Central"
    },
    {
      "id": "centre",
      "name": "Centre"
    },
    {
      "id": "centro",
      "name": "Centro"
    },
    {
      "id": "china",
      "name": "China"
    },
    {
      "id": "cinco",
      "name": "Cinco"
    },
    {
      "id": "city-of-batac",
      "name": "City of Batac"
    },
    {
      "id": "cogan",
      "name": "Cogan"
    },
    {
      "id": "concepcion",
      "name": "Concepcion"
    },
    {
      "id": "cotabato-city",
      "name": "Cotabato City"
    },
    {
      "id": "cruz",
      "name": "Cruz"
    },
    {
      "id": "cubao",
      "name": "Cubao"
    },
    {
      "id": "dagupan",
      "name": "Dagupan"
    },
    {
      "id": "danao",
      "name": "Danao"
    },
    {
      "id": "dapitan",
      "name": "Dapitan"
    },
    {
      "id": "daraga",
      "name": "Daraga"
    },
    {
      "id": "dasmarinas",
      "name": "Dasmarinas"
    },
    {
      "id": "davao-city",
      "name": "Davao City"
    },
    {
      "id": "del-monte",
      "name": "Del Monte"
    },
    {
      "id": "del-pilar",
      "name": "Del Pilar"
    },
    {
      "id": "digos",
      "name": "Digos"
    },
    {
      "id": "diliman-primero",
      "name": "Diliman Primero"
    },
    {
      "id": "dinas",
      "name": "Dinas"
    },
    {
      "id": "dingras",
      "name": "Dingras"
    },
    {
      "id": "dipolog-city",
      "name": "Dipolog City"
    },
    {
      "id": "dolores",
      "name": "Dolores"
    },
    {
      "id": "domingo",
      "name": "Domingo"
    },
    {
      "id": "don-bosco-executive-village",
      "name": "Don Bosco Executive Village"
    },
    {
      "id": "don-jose",
      "name": "Don Jose"
    },
    {
      "id": "dumaguete",
      "name": "Dumaguete"
    },
    {
      "id": "fairview",
      "name": "Fairview"
    },
    {
      "id": "feliciano",
      "name": "Feliciano"
    },
    {
      "id": "fernandez",
      "name": "Fernandez"
    },
    {
      "id": "fernando",
      "name": "Fernando"
    },
    {
      "id": "fortuna",
      "name": "Fortuna"
    },
    {
      "id": "gallego",
      "name": "Gallego"
    },
    {
      "id": "general",
      "name": "General"
    },
    {
      "id": "general-santos",
      "name": "General Santos"
    },
    {
      "id": "general-trias",
      "name": "General Trias"
    },
    {
      "id": "gitagum",
      "name": "Gitagum"
    },
    {
      "id": "gloria",
      "name": "Gloria"
    },
    {
      "id": "guagua",
      "name": "Guagua"
    },
    {
      "id": "hagonoy",
      "name": "Hagonoy"
    },
    {
      "id": "hilongos",
      "name": "Hilongos"
    },
    {
      "id": "himamaylan",
      "name": "Himamaylan"
    },
    {
      "id": "ilagan",
      "name": "Ilagan"
    },
    {
      "id": "iligan",
      "name": "Iligan"
    },
    {
      "id": "ilog",
      "name": "Ilog"
    },
    {
      "id": "iloilo-city",
      "name": "Iloilo City"
    },
    {
      "id": "imus",
      "name": "Imus"
    },
    {
      "id": "interior",
      "name": "Interior"
    },
    {
      "id": "iriga-city",
      "name": "Iriga City"
    },
    {
      "id": "isabela",
      "name": "Isabela"
    },
    {
      "id": "island-park",
      "name": "Island Park"
    },
    {
      "id": "jagna",
      "name": "Jagna"
    },
    {
      "id": "kalibo",
      "name": "Kalibo"
    },
    {
      "id": "kapatagan",
      "name": "Kapatagan"
    },
    {
      "id": "kawit",
      "name": "Kawit"
    },
    {
      "id": "kidapawan",
      "name": "Kidapawan"
    },
    {
      "id": "koronadal",
      "name": "Koronadal"
    },
    {
      "id": "la-salette",
      "name": "La Salette"
    },
    {
      "id": "la-trinidad",
      "name": "La Trinidad"
    },
    {
      "id": "la-union",
      "name": "La Union"
    },
    {
      "id": "laguerta",
      "name": "Laguerta"
    },
    {
      "id": "laguna",
      "name": "Laguna"
    },
    {
      "id": "lahug",
      "name": "Lahug"
    },
    {
      "id": "lamitan",
      "name": "Lamitan"
    },
    {
      "id": "laoag",
      "name": "Laoag"
    },
    {
      "id": "lapu-lapu-city",
      "name": "Lapu-Lapu City"
    },
    {
      "id": "las-pinas",
      "name": "Las Pinas"
    },
    {
      "id": "lawis",
      "name": "Lawis"
    },
    {
      "id": "legaspi",
      "name": "Legaspi"
    },
    {
      "id": "leon",
      "name": "Leon"
    },
    {
      "id": "leyte",
      "name": "Leyte"
    },
    {
      "id": "liberty",
      "name": "Liberty"
    },
    {
      "id": "libis",
      "name": "Libis"
    },
    {
      "id": "lilio",
      "name": "Lilio"
    },
    {
      "id": "limay",
      "name": "Limay"
    },
    {
      "id": "lipa-city",
      "name": "Lipa City"
    },
    {
      "id": "llanera",
      "name": "Llanera"
    },
    {
      "id": "looc",
      "name": "Looc"
    },
    {
      "id": "los-banos",
      "name": "Los Banos"
    },
    {
      "id": "los-martires",
      "name": "Los Martires"
    },
    {
      "id": "lourdes",
      "name": "Lourdes"
    },
    {
      "id": "lucena-city",
      "name": "Lucena City"
    },
    {
      "id": "luna",
      "name": "Luna"
    },
    {
      "id": "luzon",
      "name": "Luzon"
    },
    {
      "id": "mabalacat",
      "name": "Mabalacat"
    },
    {
      "id": "mabini",
      "name": "Mabini"
    },
    {
      "id": "macabebe",
      "name": "Macabebe"
    },
    {
      "id": "magsaysay",
      "name": "Magsaysay"
    },
    {
      "id": "makati-city",
      "name": "Makati City"
    },
    {
      "id": "malabon",
      "name": "Malabon"
    },
    {
      "id": "malasiqui",
      "name": "Malasiqui"
    },
    {
      "id": "malate",
      "name": "Malate"
    },
    {
      "id": "malolos",
      "name": "Malolos"
    },
    {
      "id": "malvar",
      "name": "Malvar"
    },
    {
      "id": "mamungan",
      "name": "Mamungan"
    },
    {
      "id": "manaoag",
      "name": "Manaoag"
    },
    {
      "id": "mandaluyong-city",
      "name": "Mandaluyong City"
    },
    {
      "id": "mandaue-city",
      "name": "Mandaue City"
    },
    {
      "id": "mangaldan",
      "name": "Mangaldan"
    },
    {
      "id": "mangrove",
      "name": "Mangrove"
    },
    {
      "id": "manila",
      "name": "Manila"
    },
    {
      "id": "mapua",
      "name": "Mapua"
    },
    {
      "id": "maquiling",
      "name": "Maquiling"
    },
    {
      "id": "marcos",
      "name": "Marcos"
    },
    {
      "id": "maria",
      "name": "Maria"
    },
    {
      "id": "marikina-city",
      "name": "Marikina City"
    },
    {
      "id": "marilag",
      "name": "Marilag"
    },
    {
      "id": "marilao",
      "name": "Marilao"
    },
    {
      "id": "marina",
      "name": "Marina"
    },
    {
      "id": "mariveles",
      "name": "Mariveles"
    },
    {
      "id": "masbate",
      "name": "Masbate"
    },
    {
      "id": "matalam",
      "name": "Matalam"
    },
    {
      "id": "matandang-balara",
      "name": "Matandang Balara"
    },
    {
      "id": "mauban",
      "name": "Mauban"
    },
    {
      "id": "mawab",
      "name": "Mawab"
    },
    {
      "id": "merville-subdivision",
      "name": "Merville Subdivision"
    },
    {
      "id": "meycauayan",
      "name": "Meycauayan"
    },
    {
      "id": "miagao",
      "name": "Miagao"
    },
    {
      "id": "minalin",
      "name": "Minalin"
    },
    {
      "id": "mindanaw",
      "name": "Mindanaw"
    },
    {
      "id": "minglanilla",
      "name": "Minglanilla"
    },
    {
      "id": "misamis",
      "name": "Misamis"
    },
    {
      "id": "molave",
      "name": "Molave"
    },
    {
      "id": "munoz-east",
      "name": "Munoz East"
    },
    {
      "id": "muntinlupa",
      "name": "Muntinlupa"
    },
    {
      "id": "naga",
      "name": "Naga"
    },
    {
      "id": "naga-city",
      "name": "Naga City"
    },
    {
      "id": "naguilian",
      "name": "Naguilian"
    },
    {
      "id": "navotas",
      "name": "Navotas"
    },
    {
      "id": "new-manila",
      "name": "New Manila"
    },
    {
      "id": "norte",
      "name": "Norte"
    },
    {
      "id": "novaliches",
      "name": "Novaliches"
    },
    {
      "id": "nueva",
      "name": "Nueva"
    },
    {
      "id": "oara",
      "name": "Oara"
    },
    {
      "id": "obando",
      "name": "Obando"
    },
    {
      "id": "occidental",
      "name": "Occidental"
    },
    {
      "id": "olongapo-city",
      "name": "Olongapo City"
    },
    {
      "id": "orani",
      "name": "Orani"
    },
    {
      "id": "orion",
      "name": "Orion"
    },
    {
      "id": "osmena",
      "name": "Osmena"
    },
    {
      "id": "ozamiz-city",
      "name": "Ozamiz City"
    },
    {
      "id": "pacita",
      "name": "Pacita"
    },
    {
      "id": "padre-garcia",
      "name": "Padre Garcia"
    },
    {
      "id": "paete",
      "name": "Paete"
    },
    {
      "id": "pagadian",
      "name": "Pagadian"
    },
    {
      "id": "pagasinan",
      "name": "Pagasinan"
    },
    {
      "id": "pagsanjan",
      "name": "Pagsanjan"
    },
    {
      "id": "palma-gil",
      "name": "Palma Gil"
    },
    {
      "id": "palo",
      "name": "Palo"
    },
    {
      "id": "pampanga",
      "name": "Pampanga"
    },
    {
      "id": "panabo",
      "name": "Panabo"
    },
    {
      "id": "pandi",
      "name": "Pandi"
    },
    {
      "id": "pangil",
      "name": "Pangil"
    },
    {
      "id": "paniqui",
      "name": "Paniqui"
    },
    {
      "id": "paranaque-city",
      "name": "Paranaque City"
    },
    {
      "id": "pardo",
      "name": "Pardo"
    },
    {
      "id": "pasay",
      "name": "Pasay"
    },
    {
      "id": "pasig",
      "name": "Pasig"
    },
    {
      "id": "pasong-tamo",
      "name": "Pasong Tamo"
    },
    {
      "id": "pateros",
      "name": "Pateros"
    },
    {
      "id": "paul",
      "name": "Paul"
    },
    {
      "id": "philippine",
      "name": "Philippine"
    },
    {
      "id": "pias",
      "name": "Pias"
    },
    {
      "id": "pikit",
      "name": "Pikit"
    },
    {
      "id": "pinaglabanan",
      "name": "Pinaglabanan"
    },
    {
      "id": "plaridel",
      "name": "Plaridel"
    },
    {
      "id": "plaza",
      "name": "Plaza"
    },
    {
      "id": "poblacion",
      "name": "Poblacion"
    },
    {
      "id": "poblacion-san-felipe",
      "name": "Poblacion, San Felipe"
    },
    {
      "id": "princesa",
      "name": "Princesa"
    },
    {
      "id": "province-of-cebu",
      "name": "Province of Cebu"
    },
    {
      "id": "province-of-laguna",
      "name": "Province of Laguna"
    },
    {
      "id": "province-of-pampanga",
      "name": "Province of Pampanga"
    },
    {
      "id": "province-of-pangasinan",
      "name": "Province of Pangasinan"
    },
    {
      "id": "puerto-princesa-city",
      "name": "Puerto Princesa City"
    },
    {
      "id": "pulilan",
      "name": "Pulilan"
    },
    {
      "id": "putatan",
      "name": "Putatan"
    },
    {
      "id": "quezon",
      "name": "Quezon"
    },
    {
      "id": "quezon-city",
      "name": "Quezon City"
    },
    {
      "id": "ramon",
      "name": "Ramon"
    },
    {
      "id": "real",
      "name": "Real"
    },
    {
      "id": "rizal",
      "name": "Rizal"
    },
    {
      "id": "rodriguez",
      "name": "Rodriguez"
    },
    {
      "id": "roosevelt",
      "name": "Roosevelt"
    },
    {
      "id": "roque",
      "name": "Roque"
    },
    {
      "id": "rosales",
      "name": "Rosales"
    },
    {
      "id": "rosario-west",
      "name": "Rosario West"
    },
    {
      "id": "roxas-city",
      "name": "Roxas City"
    },
    {
      "id": "salcedo",
      "name": "Salcedo"
    },
    {
      "id": "salinas",
      "name": "Salinas"
    },
    {
      "id": "salle",
      "name": "Salle"
    },
    {
      "id": "samal",
      "name": "Samal"
    },
    {
      "id": "sampaloc",
      "name": "Sampaloc"
    },
    {
      "id": "san-agustin",
      "name": "San Agustin"
    },
    {
      "id": "san-andres",
      "name": "San Andres"
    },
    {
      "id": "san-antonio",
      "name": "San Antonio"
    },
    {
      "id": "san-carlos-city",
      "name": "San Carlos City"
    },
    {
      "id": "san-fabian",
      "name": "San Fabian"
    },
    {
      "id": "san-fernando",
      "name": "San Fernando"
    },
    {
      "id": "san-francisco",
      "name": "San Francisco"
    },
    {
      "id": "san-jose",
      "name": "San Jose"
    },
    {
      "id": "san-jose-del-monte",
      "name": "San Jose del Monte"
    },
    {
      "id": "san-juan",
      "name": "San Juan"
    },
    {
      "id": "san-mateo",
      "name": "San Mateo"
    },
    {
      "id": "san-miguel",
      "name": "San Miguel"
    },
    {
      "id": "san-pablo-city",
      "name": "San Pablo City"
    },
    {
      "id": "san-pedro",
      "name": "San Pedro"
    },
    {
      "id": "san-vicente",
      "name": "San Vicente"
    },
    {
      "id": "santa-cruz",
      "name": "Santa Cruz"
    },
    {
      "id": "santa-rosa",
      "name": "Santa Rosa"
    },
    {
      "id": "santiago",
      "name": "Santiago"
    },
    {
      "id": "santo",
      "name": "Santo"
    },
    {
      "id": "santo-tomas",
      "name": "Santo Tomas"
    },
    {
      "id": "santos",
      "name": "Santos"
    },
    {
      "id": "sariaya",
      "name": "Sariaya"
    },
    {
      "id": "silang",
      "name": "Silang"
    },
    {
      "id": "silay",
      "name": "Silay"
    },
    {
      "id": "siniloan",
      "name": "Siniloan"
    },
    {
      "id": "smart",
      "name": "Smart"
    },
    {
      "id": "sorsogon",
      "name": "Sorsogon"
    },
    {
      "id": "sta-cruz",
      "name": "Sta Cruz"
    },
    {
      "id": "sto-nino",
      "name": "Sto Nino"
    },
    {
      "id": "subic",
      "name": "Subic"
    },
    {
      "id": "sucat",
      "name": "Sucat"
    },
    {
      "id": "sulo",
      "name": "Sulo"
    },
    {
      "id": "sultan-kudarat",
      "name": "Sultan Kudarat"
    },
    {
      "id": "summit",
      "name": "Summit"
    },
    {
      "id": "suyo",
      "name": "Suyo"
    },
    {
      "id": "taal",
      "name": "Taal"
    },
    {
      "id": "tacloban-city",
      "name": "Tacloban City"
    },
    {
      "id": "tacurong",
      "name": "Tacurong"
    },
    {
      "id": "taft",
      "name": "Taft"
    },
    {
      "id": "tagaytay",
      "name": "Tagaytay"
    },
    {
      "id": "tagbilaran-city",
      "name": "Tagbilaran City"
    },
    {
      "id": "taguig",
      "name": "Taguig"
    },
    {
      "id": "tagum",
      "name": "Tagum"
    },
    {
      "id": "talisay-city",
      "name": "Talisay City"
    },
    {
      "id": "talon",
      "name": "Talon"
    },
    {
      "id": "tamag",
      "name": "Tamag"
    },
    {
      "id": "tambler",
      "name": "Tambler"
    },
    {
      "id": "tambo",
      "name": "Tambo"
    },
    {
      "id": "tanauan",
      "name": "Tanauan"
    },
    {
      "id": "tanay",
      "name": "Tanay"
    },
    {
      "id": "tandang-sora",
      "name": "Tandang Sora"
    },
    {
      "id": "tanza",
      "name": "Tanza"
    },
    {
      "id": "tarlac-city",
      "name": "Tarlac City"
    },
    {
      "id": "tayabas",
      "name": "Tayabas"
    },
    {
      "id": "taytay",
      "name": "Taytay"
    },
    {
      "id": "tayug",
      "name": "Tayug"
    },
    {
      "id": "tejeros-convention",
      "name": "Tejeros Convention"
    },
    {
      "id": "tigbauan",
      "name": "Tigbauan"
    },
    {
      "id": "toledo-city",
      "name": "Toledo City"
    },
    {
      "id": "trece-martires-city",
      "name": "Trece Martires City"
    },
    {
      "id": "trinidad",
      "name": "Trinidad"
    },
    {
      "id": "tuguegarao-city",
      "name": "Tuguegarao City"
    },
    {
      "id": "tuktukan",
      "name": "Tuktukan"
    },
    {
      "id": "ugong-norte",
      "name": "Ugong Norte"
    },
    {
      "id": "upper-bicutan",
      "name": "Upper Bicutan"
    },
    {
      "id": "urdaneta",
      "name": "Urdaneta"
    },
    {
      "id": "valencia",
      "name": "Valencia"
    },
    {
      "id": "valenzuela",
      "name": "Valenzuela"
    },
    {
      "id": "vargas",
      "name": "Vargas"
    },
    {
      "id": "ventura",
      "name": "Ventura"
    },
    {
      "id": "veronica",
      "name": "Veronica"
    },
    {
      "id": "victorias-city",
      "name": "Victorias City"
    },
    {
      "id": "victory",
      "name": "Victory"
    },
    {
      "id": "vigan",
      "name": "Vigan"
    },
    {
      "id": "villa",
      "name": "Villa"
    },
    {
      "id": "villanueva",
      "name": "Villanueva"
    },
    {
      "id": "vito",
      "name": "Vito"
    },
    {
      "id": "west",
      "name": "West"
    },
    {
      "id": "west-triangle",
      "name": "West Triangle"
    },
    {
      "id": "wines",
      "name": "Wines"
    },
    {
      "id": "zamboanga-city",
      "name": "Zamboanga City"
    }
  ]
}