{
  "coid": "PT",
  "cities": [
    {
      "id": "abobada",
      "name": "Abobada"
    },
    {
      "id": "abrantes",
      "name": "Abrantes"
    },
    {
      "id": "acores",
      "name": "Acores"
    },
    {
      "id": "aguada-de-cima",
      "name": "Aguada de Cima"
    },
    {
      "id": "agualva",
      "name": "Agualva"
    },
    {
      "id": "agucadoura",
      "name": "Agucadoura"
    },
    {
      "id": "aguiar-da-beira-municipality",
      "name": "Aguiar da Beira Municipality"
    },
    {
      "id": "alandroal",
      "name": "Alandroal"
    },
    {
      "id": "albergaria-a-velha",
      "name": "Albergaria-a-Velha"
    },
    {
      "id": "albufeira",
      "name": "Albufeira"
    },
    {
      "id": "alcabideche",
      "name": "Alcabideche"
    },
    {
      "id": "alcacer-do-sal",
      "name": "Alcacer do Sal"
    },
    {
      "id": "alcains",
      "name": "Alcains"
    },
    {
      "id": "alcanede",
      "name": "Alcanede"
    },
    {
      "id": "alcanena",
      "name": "Alcanena"
    },
    {
      "id": "alcobaca",
      "name": "Alcobaca"
    },
    {
      "id": "alcochete",
      "name": "Alcochete"
    },
    {
      "id": "alcoentre",
      "name": "Alcoentre"
    },
    {
      "id": "aldeia-de-paio-pires",
      "name": "Aldeia de Paio Pires"
    },
    {
      "id": "aldeia-do-meio",
      "name": "Aldeia do Meio"
    },
    {
      "id": "aldeia-dos-fernandes",
      "name": "Aldeia dos Fernandes"
    },
    {
      "id": "alenquer",
      "name": "Alenquer"
    },
    {
      "id": "alfarelos",
      "name": "Alfarelos"
    },
    {
      "id": "alfena",
      "name": "Alfena"
    },
    {
      "id": "alfornelos",
      "name": "Alfornelos"
    },
    {
      "id": "alfragide",
      "name": "Alfragide"
    },
    {
      "id": "alges",
      "name": "Alges"
    },
    {
      "id": "algoz",
      "name": "Algoz"
    },
    {
      "id": "algueirao",
      "name": "Algueirao"
    },
    {
      "id": "alhandra",
      "name": "Alhandra"
    },
    {
      "id": "alhos-vedros",
      "name": "Alhos Vedros"
    },
    {
      "id": "aljezur",
      "name": "Aljezur"
    },
    {
      "id": "aljustrel",
      "name": "Aljustrel"
    },
    {
      "id": "almada",
      "name": "Almada"
    },
    {
      "id": "almancil",
      "name": "Almancil"
    },
    {
      "id": "almargem",
      "name": "Almargem"
    },
    {
      "id": "almeirim",
      "name": "Almeirim"
    },
    {
      "id": "almodovar",
      "name": "Almodovar"
    },
    {
      "id": "alpiarca",
      "name": "Alpiarca"
    },
    {
      "id": "alportel",
      "name": "Alportel"
    },
    {
      "id": "alqueidao-da-serra",
      "name": "Alqueidao da Serra"
    },
    {
      "id": "alter-do-chao",
      "name": "Alter do Chao"
    },
    {
      "id": "altura",
      "name": "Altura"
    },
    {
      "id": "alvaiazere",
      "name": "Alvaiazere"
    },
    {
      "id": "alvarinhos",
      "name": "Alvarinhos"
    },
    {
      "id": "alvelos",
      "name": "Alvelos"
    },
    {
      "id": "alverca",
      "name": "Alverca"
    },
    {
      "id": "amadora",
      "name": "Amadora"
    },
    {
      "id": "amarante",
      "name": "Amarante"
    },
    {
      "id": "amares",
      "name": "Amares"
    },
    {
      "id": "amiaes-de-cima",
      "name": "Amiaes de Cima"
    },
    {
      "id": "amor",
      "name": "Amor"
    },
    {
      "id": "amora",
      "name": "Amora"
    },
    {
      "id": "amoreira",
      "name": "Amoreira"
    },
    {
      "id": "amorim",
      "name": "Amorim"
    },
    {
      "id": "anadia",
      "name": "Anadia"
    },
    {
      "id": "anta",
      "name": "Anta"
    },
    {
      "id": "apulia",
      "name": "Apulia"
    },
    {
      "id": "arazede",
      "name": "Arazede"
    },
    {
      "id": "arco-da-calheta",
      "name": "Arco da Calheta"
    },
    {
      "id": "arcos-de-valdevez",
      "name": "Arcos de Valdevez"
    },
    {
      "id": "arcozelo",
      "name": "Arcozelo"
    },
    {
      "id": "arganil",
      "name": "Arganil"
    },
    {
      "id": "argoncilhe",
      "name": "Argoncilhe"
    },
    {
      "id": "armacao-de-pera",
      "name": "Armacao de Pera"
    },
    {
      "id": "arouca",
      "name": "Arouca"
    },
    {
      "id": "arraiolos",
      "name": "Arraiolos"
    },
    {
      "id": "arrifana",
      "name": "Arrifana"
    },
    {
      "id": "arronches",
      "name": "Arronches"
    },
    {
      "id": "arruda-dos-vinhos",
      "name": "Arruda dos Vinhos"
    },
    {
      "id": "arvore",
      "name": "Arvore"
    },
    {
      "id": "assumar",
      "name": "Assumar"
    },
    {
      "id": "atalaia",
      "name": "Atalaia"
    },
    {
      "id": "atouguia-da-baleia",
      "name": "Atouguia da Baleia"
    },
    {
      "id": "avanca",
      "name": "Avanca"
    },
    {
      "id": "aveiras-de-cima",
      "name": "Aveiras de Cima"
    },
    {
      "id": "aveiro",
      "name": "Aveiro"
    },
    {
      "id": "avelar",
      "name": "Avelar"
    },
    {
      "id": "avidos",
      "name": "Avidos"
    },
    {
      "id": "avintes",
      "name": "Avintes"
    },
    {
      "id": "azoia",
      "name": "Azoia"
    },
    {
      "id": "azueira",
      "name": "Azueira"
    },
    {
      "id": "azurem",
      "name": "Azurem"
    },
    {
      "id": "baguim",
      "name": "Baguim"
    },
    {
      "id": "baguim-do-monte",
      "name": "Baguim do Monte"
    },
    {
      "id": "baleia",
      "name": "Baleia"
    },
    {
      "id": "baltar",
      "name": "Baltar"
    },
    {
      "id": "barcarena",
      "name": "Barcarena"
    },
    {
      "id": "barcelos",
      "name": "Barcelos"
    },
    {
      "id": "barreiro",
      "name": "Barreiro"
    },
    {
      "id": "barrosas",
      "name": "Barrosas"
    },
    {
      "id": "basto",
      "name": "Basto"
    },
    {
      "id": "batalha",
      "name": "Batalha"
    },
    {
      "id": "beira",
      "name": "Beira"
    },
    {
      "id": "beja",
      "name": "Beja"
    },
    {
      "id": "belas",
      "name": "Belas"
    },
    {
      "id": "belmonte",
      "name": "Belmonte"
    },
    {
      "id": "bemfica",
      "name": "Bemfica"
    },
    {
      "id": "benafim",
      "name": "Benafim"
    },
    {
      "id": "benavente",
      "name": "Benavente"
    },
    {
      "id": "benedita",
      "name": "Benedita"
    },
    {
      "id": "bicesse",
      "name": "Bicesse"
    },
    {
      "id": "bico",
      "name": "Bico"
    },
    {
      "id": "boavista",
      "name": "Boavista"
    },
    {
      "id": "bobadela",
      "name": "Bobadela"
    },
    {
      "id": "boliqueime",
      "name": "Boliqueime"
    },
    {
      "id": "bombarral",
      "name": "Bombarral"
    },
    {
      "id": "borba",
      "name": "Borba"
    },
    {
      "id": "boticas",
      "name": "Boticas"
    },
    {
      "id": "bouca",
      "name": "Bouca"
    },
    {
      "id": "braga",
      "name": "Braga"
    },
    {
      "id": "braganca",
      "name": "Braganca"
    },
    {
      "id": "brito",
      "name": "Brito"
    },
    {
      "id": "bucelas",
      "name": "Bucelas"
    },
    {
      "id": "buraca",
      "name": "Buraca"
    },
    {
      "id": "cabanelas",
      "name": "Cabanelas"
    },
    {
      "id": "cabeceiras-de-basto",
      "name": "Cabeceiras de Basto"
    },
    {
      "id": "cabeco-de-vide",
      "name": "Cabeco de Vide"
    },
    {
      "id": "cabecudos",
      "name": "Cabecudos"
    },
    {
      "id": "cabrela",
      "name": "Cabrela"
    },
    {
      "id": "cacela",
      "name": "Cacela"
    },
    {
      "id": "cacem",
      "name": "Cacem"
    },
    {
      "id": "cacilhas",
      "name": "Cacilhas"
    },
    {
      "id": "cadaval",
      "name": "Cadaval"
    },
    {
      "id": "caldas",
      "name": "Caldas"
    },
    {
      "id": "caldas-da-rainha",
      "name": "Caldas da Rainha"
    },
    {
      "id": "caldas-das-taipas",
      "name": "Caldas das Taipas"
    },
    {
      "id": "caldas-de-sao-jorge",
      "name": "Caldas de Sao Jorge"
    },
    {
      "id": "caldas-de-vizela",
      "name": "Caldas de Vizela"
    },
    {
      "id": "calvao",
      "name": "Calvao"
    },
    {
      "id": "calvaria-de-cima",
      "name": "Calvaria de Cima"
    },
    {
      "id": "camarate",
      "name": "Camarate"
    },
    {
      "id": "caminha",
      "name": "Caminha"
    },
    {
      "id": "campanario",
      "name": "Campanario"
    },
    {
      "id": "campia",
      "name": "Campia"
    },
    {
      "id": "campinho",
      "name": "Campinho"
    },
    {
      "id": "campo",
      "name": "Campo"
    },
    {
      "id": "campo-maior",
      "name": "Campo Maior"
    },
    {
      "id": "canecas",
      "name": "Canecas"
    },
    {
      "id": "canedo",
      "name": "Canedo"
    },
    {
      "id": "canelas",
      "name": "Canelas"
    },
    {
      "id": "canhas",
      "name": "Canhas"
    },
    {
      "id": "canical",
      "name": "Canical"
    },
    {
      "id": "canico",
      "name": "Canico"
    },
    {
      "id": "canidelo",
      "name": "Canidelo"
    },
    {
      "id": "cano",
      "name": "Cano"
    },
    {
      "id": "cantanhede",
      "name": "Cantanhede"
    },
    {
      "id": "caparica",
      "name": "Caparica"
    },
    {
      "id": "caramulo",
      "name": "Caramulo"
    },
    {
      "id": "carapinheira",
      "name": "Carapinheira"
    },
    {
      "id": "carcavelos",
      "name": "Carcavelos"
    },
    {
      "id": "carnaxide",
      "name": "Carnaxide"
    },
    {
      "id": "carrazedo",
      "name": "Carrazedo"
    },
    {
      "id": "carregado",
      "name": "Carregado"
    },
    {
      "id": "carrico",
      "name": "Carrico"
    },
    {
      "id": "cartaxo",
      "name": "Cartaxo"
    },
    {
      "id": "carvalhal",
      "name": "Carvalhal"
    },
    {
      "id": "carvalho",
      "name": "Carvalho"
    },
    {
      "id": "carvalhosa",
      "name": "Carvalhosa"
    },
    {
      "id": "carvoeiro",
      "name": "Carvoeiro"
    },
    {
      "id": "casal",
      "name": "Casal"
    },
    {
      "id": "casal-da-areia",
      "name": "Casal da Areia"
    },
    {
      "id": "cascais",
      "name": "Cascais"
    },
    {
      "id": "castanheira-do-ribatejo",
      "name": "Castanheira do Ribatejo"
    },
    {
      "id": "castelejo",
      "name": "Castelejo"
    },
    {
      "id": "castelo",
      "name": "Castelo"
    },
    {
      "id": "castelo-branco",
      "name": "Castelo Branco"
    },
    {
      "id": "castelo-de-paiva",
      "name": "Castelo de Paiva"
    },
    {
      "id": "castro-daire",
      "name": "Castro Daire"
    },
    {
      "id": "castro-marim",
      "name": "Castro Marim"
    },
    {
      "id": "castro-verde-municipality",
      "name": "Castro Verde Municipality"
    },
    {
      "id": "catraia-de-sao-paio",
      "name": "Catraia de Sao Paio"
    },
    {
      "id": "cavaleiros",
      "name": "Cavaleiros"
    },
    {
      "id": "cavaloes",
      "name": "Cavaloes"
    },
    {
      "id": "caxias",
      "name": "Caxias"
    },
    {
      "id": "ceira",
      "name": "Ceira"
    },
    {
      "id": "celorico-de-basto",
      "name": "Celorico de Basto"
    },
    {
      "id": "cercal",
      "name": "Cercal"
    },
    {
      "id": "cernache",
      "name": "Cernache"
    },
    {
      "id": "cesar",
      "name": "Cesar"
    },
    {
      "id": "chao-de-couce",
      "name": "Chao de Couce"
    },
    {
      "id": "charneca",
      "name": "Charneca"
    },
    {
      "id": "chaves",
      "name": "Chaves"
    },
    {
      "id": "cidade",
      "name": "Cidade"
    },
    {
      "id": "cinfaes",
      "name": "Cinfaes"
    },
    {
      "id": "coimbra",
      "name": "Coimbra"
    },
    {
      "id": "colares",
      "name": "Colares"
    },
    {
      "id": "colmeias",
      "name": "Colmeias"
    },
    {
      "id": "condeixa-a-nova",
      "name": "Condeixa-a-Nova"
    },
    {
      "id": "constance",
      "name": "Constance"
    },
    {
      "id": "constancia",
      "name": "Constancia"
    },
    {
      "id": "corroios",
      "name": "Corroios"
    },
    {
      "id": "cortegaca",
      "name": "Cortegaca"
    },
    {
      "id": "costa-de-caparica",
      "name": "Costa de Caparica"
    },
    {
      "id": "costa-de-lavos",
      "name": "Costa de Lavos"
    },
    {
      "id": "covilha",
      "name": "Covilha"
    },
    {
      "id": "creixomil",
      "name": "Creixomil"
    },
    {
      "id": "cruz-quebrada",
      "name": "Cruz Quebrada"
    },
    {
      "id": "cuba",
      "name": "Cuba"
    },
    {
      "id": "cucujaes",
      "name": "Cucujaes"
    },
    {
      "id": "dalvares",
      "name": "Dalvares"
    },
    {
      "id": "damaia",
      "name": "Damaia"
    },
    {
      "id": "darque",
      "name": "Darque"
    },
    {
      "id": "dois-portos",
      "name": "Dois Portos"
    },
    {
      "id": "dona-maria",
      "name": "Dona Maria"
    },
    {
      "id": "dossaos",
      "name": "Dossaos"
    },
    {
      "id": "eixo",
      "name": "Eixo"
    },
    {
      "id": "elvas",
      "name": "Elvas"
    },
    {
      "id": "encarnacao",
      "name": "Encarnacao"
    },
    {
      "id": "entroncamento",
      "name": "Entroncamento"
    },
    {
      "id": "ericeira",
      "name": "Ericeira"
    },
    {
      "id": "ermidas",
      "name": "Ermidas"
    },
    {
      "id": "escapaes",
      "name": "Escapaes"
    },
    {
      "id": "escoural",
      "name": "Escoural"
    },
    {
      "id": "esmoriz",
      "name": "Esmoriz"
    },
    {
      "id": "espinho",
      "name": "Espinho"
    },
    {
      "id": "esposende",
      "name": "Esposende"
    },
    {
      "id": "estarreja",
      "name": "Estarreja"
    },
    {
      "id": "estoi",
      "name": "Estoi"
    },
    {
      "id": "estombar",
      "name": "Estombar"
    },
    {
      "id": "estoril",
      "name": "Estoril"
    },
    {
      "id": "estremoz",
      "name": "Estremoz"
    },
    {
      "id": "evora",
      "name": "Evora"
    },
    {
      "id": "fafe",
      "name": "Fafe"
    },
    {
      "id": "famoes",
      "name": "Famoes"
    },
    {
      "id": "fanzeres",
      "name": "Fanzeres"
    },
    {
      "id": "fao",
      "name": "Fao"
    },
    {
      "id": "faro",
      "name": "Faro"
    },
    {
      "id": "feira",
      "name": "Feira"
    },
    {
      "id": "felgueiras",
      "name": "Felgueiras"
    },
    {
      "id": "ferradosa",
      "name": "Ferradosa"
    },
    {
      "id": "ferreira",
      "name": "Ferreira"
    },
    {
      "id": "ferreira-do-alentejo",
      "name": "Ferreira do Alentejo"
    },
    {
      "id": "ferrel",
      "name": "Ferrel"
    },
    {
      "id": "ferro",
      "name": "Ferro"
    },
    {
      "id": "fiaes",
      "name": "Fiaes"
    },
    {
      "id": "figueira-da-foz-municipality",
      "name": "Figueira da Foz Municipality"
    },
    {
      "id": "figueira-de-lorvao",
      "name": "Figueira de Lorvao"
    },
    {
      "id": "figueiro-dos-vinhos",
      "name": "Figueiro dos Vinhos"
    },
    {
      "id": "fogueteiro",
      "name": "Fogueteiro"
    },
    {
      "id": "folgados",
      "name": "Folgados"
    },
    {
      "id": "forte",
      "name": "Forte"
    },
    {
      "id": "foz-do-sousa",
      "name": "Foz do Sousa"
    },
    {
      "id": "fradelos",
      "name": "Fradelos"
    },
    {
      "id": "freamunde",
      "name": "Freamunde"
    },
    {
      "id": "frielas",
      "name": "Frielas"
    },
    {
      "id": "funchal",
      "name": "Funchal"
    },
    {
      "id": "fundao",
      "name": "Fundao"
    },
    {
      "id": "gafanha-da-nazare",
      "name": "Gafanha da Nazare"
    },
    {
      "id": "galiza",
      "name": "Galiza"
    },
    {
      "id": "gandara-dos-olivais",
      "name": "Gandara dos Olivais"
    },
    {
      "id": "gandra",
      "name": "Gandra"
    },
    {
      "id": "garruchas",
      "name": "Garruchas"
    },
    {
      "id": "gemunde",
      "name": "Gemunde"
    },
    {
      "id": "godim",
      "name": "Godim"
    },
    {
      "id": "golega",
      "name": "Golega"
    },
    {
      "id": "gondomar",
      "name": "Gondomar"
    },
    {
      "id": "gouveia",
      "name": "Gouveia"
    },
    {
      "id": "graca",
      "name": "Graca"
    },
    {
      "id": "gradil",
      "name": "Gradil"
    },
    {
      "id": "grandola",
      "name": "Grandola"
    },
    {
      "id": "granja",
      "name": "Granja"
    },
    {
      "id": "granja-do-ulmeiro",
      "name": "Granja do Ulmeiro"
    },
    {
      "id": "grijo",
      "name": "Grijo"
    },
    {
      "id": "guarda",
      "name": "Guarda"
    },
    {
      "id": "guardizela",
      "name": "Guardizela"
    },
    {
      "id": "guia",
      "name": "Guia"
    },
    {
      "id": "guimaraes",
      "name": "Guimaraes"
    },
    {
      "id": "gulpilhares",
      "name": "Gulpilhares"
    },
    {
      "id": "igreja-nova",
      "name": "Igreja Nova"
    },
    {
      "id": "ilhavo",
      "name": "Ilhavo"
    },
    {
      "id": "infesta",
      "name": "Infesta"
    },
    {
      "id": "joane",
      "name": "Joane"
    },
    {
      "id": "jovim",
      "name": "Jovim"
    },
    {
      "id": "juncal",
      "name": "Juncal"
    },
    {
      "id": "lagarinhos",
      "name": "Lagarinhos"
    },
    {
      "id": "lago",
      "name": "Lago"
    },
    {
      "id": "lagoa",
      "name": "Lagoa"
    },
    {
      "id": "lagoas",
      "name": "Lagoas"
    },
    {
      "id": "lagos",
      "name": "Lagos"
    },
    {
      "id": "lajes",
      "name": "Lajes"
    },
    {
      "id": "lamego",
      "name": "Lamego"
    },
    {
      "id": "landim",
      "name": "Landim"
    },
    {
      "id": "lavos",
      "name": "Lavos"
    },
    {
      "id": "lavra",
      "name": "Lavra"
    },
    {
      "id": "lavradio",
      "name": "Lavradio"
    },
    {
      "id": "leca-da-palmeira",
      "name": "Leca da Palmeira"
    },
    {
      "id": "leca-do-bailio",
      "name": "Leca do Bailio"
    },
    {
      "id": "leiria",
      "name": "Leiria"
    },
    {
      "id": "linda-a-velha",
      "name": "Linda a Velha"
    },
    {
      "id": "linhaceira",
      "name": "Linhaceira"
    },
    {
      "id": "linho",
      "name": "Linho"
    },
    {
      "id": "lisbon",
      "name": "Lisbon"
    },
    {
      "id": "lordelo",
      "name": "Lordelo"
    },
    {
      "id": "loule",
      "name": "Loule"
    },
    {
      "id": "lourel-de-baixo",
      "name": "Lourel de Baixo"
    },
    {
      "id": "loures",
      "name": "Loures"
    },
    {
      "id": "lourical",
      "name": "Lourical"
    },
    {
      "id": "lourosa",
      "name": "Lourosa"
    },
    {
      "id": "lousa",
      "name": "Lousa"
    },
    {
      "id": "lousada",
      "name": "Lousada"
    },
    {
      "id": "lousado",
      "name": "Lousado"
    },
    {
      "id": "macas-de-caminho",
      "name": "Macas de Caminho"
    },
    {
      "id": "maceda",
      "name": "Maceda"
    },
    {
      "id": "macedo-de-cavaleiros",
      "name": "Macedo de Cavaleiros"
    },
    {
      "id": "maceira",
      "name": "Maceira"
    },
    {
      "id": "machico",
      "name": "Machico"
    },
    {
      "id": "macieira-da-lixa",
      "name": "Macieira da Lixa"
    },
    {
      "id": "madeira",
      "name": "Madeira"
    },
    {
      "id": "mafra",
      "name": "Mafra"
    },
    {
      "id": "maia",
      "name": "Maia"
    },
    {
      "id": "malveira",
      "name": "Malveira"
    },
    {
      "id": "malveira-da-serra",
      "name": "Malveira da Serra"
    },
    {
      "id": "mamouros",
      "name": "Mamouros"
    },
    {
      "id": "mangualde",
      "name": "Mangualde"
    },
    {
      "id": "manique-de-baixo",
      "name": "Manique de Baixo"
    },
    {
      "id": "manique-do-intendente",
      "name": "Manique do Intendente"
    },
    {
      "id": "marco",
      "name": "Marco"
    },
    {
      "id": "marco-de-canaveses",
      "name": "Marco de Canaveses"
    },
    {
      "id": "margaride",
      "name": "Margaride"
    },
    {
      "id": "marinha",
      "name": "Marinha"
    },
    {
      "id": "marinha-grande",
      "name": "Marinha Grande"
    },
    {
      "id": "marinhais",
      "name": "Marinhais"
    },
    {
      "id": "marteleira",
      "name": "Marteleira"
    },
    {
      "id": "martinganca",
      "name": "Martinganca"
    },
    {
      "id": "massama",
      "name": "Massama"
    },
    {
      "id": "massarelos",
      "name": "Massarelos"
    },
    {
      "id": "matosinhos-municipality",
      "name": "Matosinhos Municipality"
    },
    {
      "id": "mealhada",
      "name": "Mealhada"
    },
    {
      "id": "mem-martins",
      "name": "Mem Martins"
    },
    {
      "id": "mesao-frio",
      "name": "Mesao Frio"
    },
    {
      "id": "mexilhoeira-grande",
      "name": "Mexilhoeira Grande"
    },
    {
      "id": "milharado",
      "name": "Milharado"
    },
    {
      "id": "milhazes",
      "name": "Milhazes"
    },
    {
      "id": "minde",
      "name": "Minde"
    },
    {
      "id": "mira",
      "name": "Mira"
    },
    {
      "id": "miranda-do-corvo",
      "name": "Miranda do Corvo"
    },
    {
      "id": "miranda-do-douro",
      "name": "Miranda do Douro"
    },
    {
      "id": "mirandela",
      "name": "Mirandela"
    },
    {
      "id": "mocarria",
      "name": "Mocarria"
    },
    {
      "id": "modivas",
      "name": "Modivas"
    },
    {
      "id": "moita",
      "name": "Moita"
    },
    {
      "id": "moncao",
      "name": "Moncao"
    },
    {
      "id": "monchique",
      "name": "Monchique"
    },
    {
      "id": "monforte",
      "name": "Monforte"
    },
    {
      "id": "monsanto",
      "name": "Monsanto"
    },
    {
      "id": "monsaraz",
      "name": "Monsaraz"
    },
    {
      "id": "montalvo",
      "name": "Montalvo"
    },
    {
      "id": "monte-estoril",
      "name": "Monte Estoril"
    },
    {
      "id": "montelavar",
      "name": "Montelavar"
    },
    {
      "id": "montemor-o-novo",
      "name": "Montemor-o-Novo"
    },
    {
      "id": "montemor-o-velho",
      "name": "Montemor-o-Velho"
    },
    {
      "id": "montes",
      "name": "Montes"
    },
    {
      "id": "montijo",
      "name": "Montijo"
    },
    {
      "id": "moreira-de-conegos",
      "name": "Moreira de Conegos"
    },
    {
      "id": "mortagua",
      "name": "Mortagua"
    },
    {
      "id": "moscavide",
      "name": "Moscavide"
    },
    {
      "id": "moura",
      "name": "Moura"
    },
    {
      "id": "moure",
      "name": "Moure"
    },
    {
      "id": "mourisca-do-vouga",
      "name": "Mourisca do Vouga"
    },
    {
      "id": "mozelos",
      "name": "Mozelos"
    },
    {
      "id": "muro",
      "name": "Muro"
    },
    {
      "id": "murtede",
      "name": "Murtede"
    },
    {
      "id": "murteira",
      "name": "Murteira"
    },
    {
      "id": "nadadouro",
      "name": "Nadadouro"
    },
    {
      "id": "negrelos",
      "name": "Negrelos"
    },
    {
      "id": "neiva",
      "name": "Neiva"
    },
    {
      "id": "nelas",
      "name": "Nelas"
    },
    {
      "id": "nespereira",
      "name": "Nespereira"
    },
    {
      "id": "nine",
      "name": "Nine"
    },
    {
      "id": "nisa",
      "name": "Nisa"
    },
    {
      "id": "nogueira",
      "name": "Nogueira"
    },
    {
      "id": "nogueira-da-regedoura",
      "name": "Nogueira da Regedoura"
    },
    {
      "id": "nogueira-do-cravo",
      "name": "Nogueira do Cravo"
    },
    {
      "id": "obidos",
      "name": "Obidos"
    },
    {
      "id": "odemira",
      "name": "Odemira"
    },
    {
      "id": "odivelas",
      "name": "Odivelas"
    },
    {
      "id": "oeiras",
      "name": "Oeiras"
    },
    {
      "id": "oia",
      "name": "Oia"
    },
    {
      "id": "olhao",
      "name": "Olhao"
    },
    {
      "id": "olhos-de-agua",
      "name": "Olhos de Agua"
    },
    {
      "id": "olivais",
      "name": "Olivais"
    },
    {
      "id": "olival",
      "name": "Olival"
    },
    {
      "id": "oliveira",
      "name": "Oliveira"
    },
    {
      "id": "oliveira-do-bairro",
      "name": "Oliveira do Bairro"
    },
    {
      "id": "oliveira-do-douro",
      "name": "Oliveira do Douro"
    },
    {
      "id": "oliveira-do-hospital",
      "name": "Oliveira do Hospital"
    },
    {
      "id": "ortiga",
      "name": "Ortiga"
    },
    {
      "id": "ota",
      "name": "Ota"
    },
    {
      "id": "ourem",
      "name": "Ourem"
    },
    {
      "id": "ourique",
      "name": "Ourique"
    },
    {
      "id": "outeiro",
      "name": "Outeiro"
    },
    {
      "id": "ovar",
      "name": "Ovar"
    },
    {
      "id": "paco-de-arcos",
      "name": "Paco de Arcos"
    },
    {
      "id": "paderne",
      "name": "Paderne"
    },
    {
      "id": "palhaca",
      "name": "Palhaca"
    },
    {
      "id": "palhais",
      "name": "Palhais"
    },
    {
      "id": "palmeira",
      "name": "Palmeira"
    },
    {
      "id": "palmela",
      "name": "Palmela"
    },
    {
      "id": "parada-de-gonta",
      "name": "Parada de Gonta"
    },
    {
      "id": "parada-do-bispo",
      "name": "Parada do Bispo"
    },
    {
      "id": "paraiso",
      "name": "Paraiso"
    },
    {
      "id": "parchal",
      "name": "Parchal"
    },
    {
      "id": "pardilho",
      "name": "Pardilho"
    },
    {
      "id": "parede",
      "name": "Parede"
    },
    {
      "id": "paredes",
      "name": "Paredes"
    },
    {
      "id": "paredes-da-beira",
      "name": "Paredes da Beira"
    },
    {
      "id": "paredes-de-coura",
      "name": "Paredes de Coura"
    },
    {
      "id": "pataias",
      "name": "Pataias"
    },
    {
      "id": "paul",
      "name": "Paul"
    },
    {
      "id": "pechao",
      "name": "Pechao"
    },
    {
      "id": "pedreiras",
      "name": "Pedreiras"
    },
    {
      "id": "pedroso",
      "name": "Pedroso"
    },
    {
      "id": "pedroucos",
      "name": "Pedroucos"
    },
    {
      "id": "pegoes-velhos",
      "name": "Pegoes Velhos"
    },
    {
      "id": "penacova",
      "name": "Penacova"
    },
    {
      "id": "penafiel",
      "name": "Penafiel"
    },
    {
      "id": "penedono",
      "name": "Penedono"
    },
    {
      "id": "penela",
      "name": "Penela"
    },
    {
      "id": "penha-garcia",
      "name": "Penha Garcia"
    },
    {
      "id": "peniche",
      "name": "Peniche"
    },
    {
      "id": "penteado",
      "name": "Penteado"
    },
    {
      "id": "pereira",
      "name": "Pereira"
    },
    {
      "id": "pero-pinheiro",
      "name": "Pero Pinheiro"
    },
    {
      "id": "pevidem",
      "name": "Pevidem"
    },
    {
      "id": "piedade",
      "name": "Piedade"
    },
    {
      "id": "pinhal",
      "name": "Pinhal"
    },
    {
      "id": "pinhal-novo",
      "name": "Pinhal Novo"
    },
    {
      "id": "pinheiro",
      "name": "Pinheiro"
    },
    {
      "id": "pinheiro-da-bemposta",
      "name": "Pinheiro da Bemposta"
    },
    {
      "id": "pinheiro-de-azere",
      "name": "Pinheiro de Azere"
    },
    {
      "id": "poceirao",
      "name": "Poceirao"
    },
    {
      "id": "poco-barreto",
      "name": "Poco Barreto"
    },
    {
      "id": "poiares",
      "name": "Poiares"
    },
    {
      "id": "polima",
      "name": "Polima"
    },
    {
      "id": "pombal",
      "name": "Pombal"
    },
    {
      "id": "ponta",
      "name": "Ponta"
    },
    {
      "id": "ponta-delgada",
      "name": "Ponta Delgada"
    },
    {
      "id": "ponta-do-sol",
      "name": "Ponta do Sol"
    },
    {
      "id": "ponte",
      "name": "Ponte"
    },
    {
      "id": "ponte-da-barca",
      "name": "Ponte da Barca"
    },
    {
      "id": "ponte-de-lima",
      "name": "Ponte de Lima"
    },
    {
      "id": "ponte-de-sor",
      "name": "Ponte de Sor"
    },
    {
      "id": "ponte-de-vagos",
      "name": "Ponte de Vagos"
    },
    {
      "id": "pontevel",
      "name": "Pontevel"
    },
    {
      "id": "pontinha",
      "name": "Pontinha"
    },
    {
      "id": "portalegre",
      "name": "Portalegre"
    },
    {
      "id": "portel",
      "name": "Portel"
    },
    {
      "id": "portela",
      "name": "Portela"
    },
    {
      "id": "portimao",
      "name": "Portimao"
    },
    {
      "id": "porto",
      "name": "Porto"
    },
    {
      "id": "porto-alto",
      "name": "Porto Alto"
    },
    {
      "id": "porto-da-cruz",
      "name": "Porto da Cruz"
    },
    {
      "id": "porto-de-mos",
      "name": "Porto de Mos"
    },
    {
      "id": "porto-moniz",
      "name": "Porto Moniz"
    },
    {
      "id": "porto-salvo",
      "name": "Porto Salvo"
    },
    {
      "id": "povoa",
      "name": "Povoa"
    },
    {
      "id": "povoa-da-galega",
      "name": "Povoa da Galega"
    },
    {
      "id": "povoa-de-lanhoso",
      "name": "Povoa de Lanhoso"
    },
    {
      "id": "povoa-de-santa-iria",
      "name": "Povoa de Santa Iria"
    },
    {
      "id": "povoa-de-santo-adriao",
      "name": "Povoa de Santo Adriao"
    },
    {
      "id": "povoa-do-forno",
      "name": "Povoa do Forno"
    },
    {
      "id": "prado",
      "name": "Prado"
    },
    {
      "id": "pragal",
      "name": "Pragal"
    },
    {
      "id": "praia-da-vitoria",
      "name": "Praia da Vitoria"
    },
    {
      "id": "praia-de-mira",
      "name": "Praia de Mira"
    },
    {
      "id": "praia-do-almoxarife",
      "name": "Praia do Almoxarife"
    },
    {
      "id": "praia-do-carvoeiro",
      "name": "Praia do Carvoeiro"
    },
    {
      "id": "praia-do-ribatejo",
      "name": "Praia do Ribatejo"
    },
    {
      "id": "prazins",
      "name": "Prazins"
    },
    {
      "id": "prime",
      "name": "Prime"
    },
    {
      "id": "proenca-a-nova",
      "name": "Proenca-a-Nova"
    },
    {
      "id": "quarteira",
      "name": "Quarteira"
    },
    {
      "id": "quejas",
      "name": "Quejas"
    },
    {
      "id": "queluz",
      "name": "Queluz"
    },
    {
      "id": "queluz-de-baixo",
      "name": "Queluz de Baixo"
    },
    {
      "id": "quinchaes",
      "name": "Quinchaes"
    },
    {
      "id": "quinta",
      "name": "Quinta"
    },
    {
      "id": "quinta-do-anjo",
      "name": "Quinta do Anjo"
    },
    {
      "id": "ramada",
      "name": "Ramada"
    },
    {
      "id": "ramo",
      "name": "Ramo"
    },
    {
      "id": "rana",
      "name": "Rana"
    },
    {
      "id": "real",
      "name": "Real"
    },
    {
      "id": "rebordosa",
      "name": "Rebordosa"
    },
    {
      "id": "recarei",
      "name": "Recarei"
    },
    {
      "id": "redondo",
      "name": "Redondo"
    },
    {
      "id": "regueira-de-pontes",
      "name": "Regueira de Pontes"
    },
    {
      "id": "reguengo-grande",
      "name": "Reguengo Grande"
    },
    {
      "id": "reguengos-de-monsaraz",
      "name": "Reguengos de Monsaraz"
    },
    {
      "id": "riachos",
      "name": "Riachos"
    },
    {
      "id": "riba-de-ave",
      "name": "Riba de Ave"
    },
    {
      "id": "ribeira-brava",
      "name": "Ribeira Brava"
    },
    {
      "id": "ribeira-grande",
      "name": "Ribeira Grande"
    },
    {
      "id": "ribeirao",
      "name": "Ribeirao"
    },
    {
      "id": "rinchoa",
      "name": "Rinchoa"
    },
    {
      "id": "rio-de-moinhos",
      "name": "Rio de Moinhos"
    },
    {
      "id": "rio-de-mouro",
      "name": "Rio de Mouro"
    },
    {
      "id": "rio-maior",
      "name": "Rio Maior"
    },
    {
      "id": "rio-tinto",
      "name": "Rio Tinto"
    },
    {
      "id": "romariz",
      "name": "Romariz"
    },
    {
      "id": "ronfe",
      "name": "Ronfe"
    },
    {
      "id": "roque",
      "name": "Roque"
    },
    {
      "id": "roriz",
      "name": "Roriz"
    },
    {
      "id": "runa",
      "name": "Runa"
    },
    {
      "id": "sabugal",
      "name": "Sabugal"
    },
    {
      "id": "sacavem",
      "name": "Sacavem"
    },
    {
      "id": "salreu",
      "name": "Salreu"
    },
    {
      "id": "salto",
      "name": "Salto"
    },
    {
      "id": "salvaterra-de-magos",
      "name": "Salvaterra de Magos"
    },
    {
      "id": "samil",
      "name": "Samil"
    },
    {
      "id": "samora-correia",
      "name": "Samora Correia"
    },
    {
      "id": "samouco",
      "name": "Samouco"
    },
    {
      "id": "sandim",
      "name": "Sandim"
    },
    {
      "id": "sanfins-do-douro",
      "name": "Sanfins do Douro"
    },
    {
      "id": "sangalhos",
      "name": "Sangalhos"
    },
    {
      "id": "sanguedo",
      "name": "Sanguedo"
    },
    {
      "id": "santa-barbara-de-nexe",
      "name": "Santa Barbara de Nexe"
    },
    {
      "id": "santa-catarina",
      "name": "Santa Catarina"
    },
    {
      "id": "santa-catarina-da-serra",
      "name": "Santa Catarina da Serra"
    },
    {
      "id": "santa-clara-a-velha",
      "name": "Santa Clara-a-Velha"
    },
    {
      "id": "santa-comba-dao",
      "name": "Santa Comba Dao"
    },
    {
      "id": "santa-cruz",
      "name": "Santa Cruz"
    },
    {
      "id": "santa-iria-da-azoia",
      "name": "Santa Iria da Azoia"
    },
    {
      "id": "santa-marta",
      "name": "Santa Marta"
    },
    {
      "id": "santa-marta-de-penaguiao",
      "name": "Santa Marta de Penaguiao"
    },
    {
      "id": "santana",
      "name": "Santana"
    },
    {
      "id": "santiago",
      "name": "Santiago"
    },
    {
      "id": "santiago-da-guarda",
      "name": "Santiago da Guarda"
    },
    {
      "id": "santiago-de-riba-ul",
      "name": "Santiago de Riba-Ul"
    },
    {
      "id": "santiago-do-cacem",
      "name": "Santiago do Cacem"
    },
    {
      "id": "santo-andre",
      "name": "Santo Andre"
    },
    {
      "id": "santo-antao-do-tojal",
      "name": "Santo Antao do Tojal"
    },
    {
      "id": "santo-antonio",
      "name": "Santo Antonio"
    },
    {
      "id": "santo-antonio-da-charneca",
      "name": "Santo Antonio da Charneca"
    },
    {
      "id": "santo-tirso",
      "name": "Santo Tirso"
    },
    {
      "id": "sao-bras",
      "name": "Sao Bras"
    },
    {
      "id": "sao-bras-de-alportel",
      "name": "Sao Bras de Alportel"
    },
    {
      "id": "sao-domingos-de-rana",
      "name": "Sao Domingos de Rana"
    },
    {
      "id": "sao-felix-da-marinha",
      "name": "Sao Felix da Marinha"
    },
    {
      "id": "sao-francisco",
      "name": "Sao Francisco"
    },
    {
      "id": "sao-joao",
      "name": "Sao Joao"
    },
    {
      "id": "sao-joao-da-madeira",
      "name": "Sao Joao da Madeira"
    },
    {
      "id": "sao-joao-da-talha",
      "name": "Sao Joao da Talha"
    },
    {
      "id": "sao-joao-das-lampas",
      "name": "Sao Joao das Lampas"
    },
    {
      "id": "sao-joao-de-ver",
      "name": "Sao Joao de Ver"
    },
    {
      "id": "sao-joao-do-campo",
      "name": "Sao Joao do Campo"
    },
    {
      "id": "sao-joao-dos-montes",
      "name": "Sao Joao dos Montes"
    },
    {
      "id": "sao-juliao-do-tojal",
      "name": "Sao Juliao do Tojal"
    },
    {
      "id": "sao-mamede-de-infesta",
      "name": "Sao Mamede de Infesta"
    },
    {
      "id": "sao-marcos",
      "name": "Sao Marcos"
    },
    {
      "id": "sao-pedro-da-cadeira",
      "name": "Sao Pedro da Cadeira"
    },
    {
      "id": "sao-pedro-do-estoril",
      "name": "Sao Pedro do Estoril"
    },
    {
      "id": "sao-romao-do-coronado",
      "name": "Sao Romao do Coronado"
    },
    {
      "id": "sao-roque",
      "name": "Sao Roque"
    },
    {
      "id": "sao-vicente-da-beira",
      "name": "Sao Vicente da Beira"
    },
    {
      "id": "sao-vicente-de-lafoes",
      "name": "Sao Vicente de Lafoes"
    },
    {
      "id": "sardoal",
      "name": "Sardoal"
    },
    {
      "id": "sarilhos-grandes",
      "name": "Sarilhos Grandes"
    },
    {
      "id": "satao",
      "name": "Satao"
    },
    {
      "id": "seia",
      "name": "Seia"
    },
    {
      "id": "seixal",
      "name": "Seixal"
    },
    {
      "id": "sendim",
      "name": "Sendim"
    },
    {
      "id": "senhora-da-hora",
      "name": "Senhora da Hora"
    },
    {
      "id": "seroa",
      "name": "Seroa"
    },
    {
      "id": "serpa",
      "name": "Serpa"
    },
    {
      "id": "serpins",
      "name": "Serpins"
    },
    {
      "id": "serta",
      "name": "Serta"
    },
    {
      "id": "sesimbra",
      "name": "Sesimbra"
    },
    {
      "id": "sete-rios",
      "name": "Sete Rios"
    },
    {
      "id": "sever-do-vouga",
      "name": "Sever do Vouga"
    },
    {
      "id": "silva",
      "name": "Silva"
    },
    {
      "id": "silvares",
      "name": "Silvares"
    },
    {
      "id": "silveira",
      "name": "Silveira"
    },
    {
      "id": "silves",
      "name": "Silves"
    },
    {
      "id": "sines-municipality",
      "name": "Sines Municipality"
    },
    {
      "id": "sintra",
      "name": "Sintra"
    },
    {
      "id": "soalheira",
      "name": "Soalheira"
    },
    {
      "id": "sobrado",
      "name": "Sobrado"
    },
    {
      "id": "sobrado-de-paiva",
      "name": "Sobrado de Paiva"
    },
    {
      "id": "sobral-de-monte-agraco",
      "name": "Sobral de Monte Agraco"
    },
    {
      "id": "sobralinho",
      "name": "Sobralinho"
    },
    {
      "id": "sobreda",
      "name": "Sobreda"
    },
    {
      "id": "sobreiro",
      "name": "Sobreiro"
    },
    {
      "id": "sobrosa",
      "name": "Sobrosa"
    },
    {
      "id": "soito",
      "name": "Soito"
    },
    {
      "id": "soure-municipality",
      "name": "Soure Municipality"
    },
    {
      "id": "souto-da-carpalhosa",
      "name": "Souto da Carpalhosa"
    },
    {
      "id": "souzel",
      "name": "Souzel"
    },
    {
      "id": "sul",
      "name": "Sul"
    },
    {
      "id": "tabuaco",
      "name": "Tabuaco"
    },
    {
      "id": "talaide",
      "name": "Talaide"
    },
    {
      "id": "tamel",
      "name": "Tamel"
    },
    {
      "id": "tarouca",
      "name": "Tarouca"
    },
    {
      "id": "taveiro",
      "name": "Taveiro"
    },
    {
      "id": "tavira-municipality",
      "name": "Tavira Municipality"
    },
    {
      "id": "teixoso",
      "name": "Teixoso"
    },
    {
      "id": "telhado",
      "name": "Telhado"
    },
    {
      "id": "tercena",
      "name": "Tercena"
    },
    {
      "id": "terena",
      "name": "Terena"
    },
    {
      "id": "tires",
      "name": "Tires"
    },
    {
      "id": "tocha",
      "name": "Tocha"
    },
    {
      "id": "tomar",
      "name": "Tomar"
    },
    {
      "id": "tondela",
      "name": "Tondela"
    },
    {
      "id": "torre-da-marinha",
      "name": "Torre da Marinha"
    },
    {
      "id": "torre-de-moncorvo",
      "name": "Torre de Moncorvo"
    },
    {
      "id": "torres-novas",
      "name": "Torres Novas"
    },
    {
      "id": "torres-vedras",
      "name": "Torres Vedras"
    },
    {
      "id": "touguinha",
      "name": "Touguinha"
    },
    {
      "id": "tourais",
      "name": "Tourais"
    },
    {
      "id": "trafaria",
      "name": "Trafaria"
    },
    {
      "id": "trancoso",
      "name": "Trancoso"
    },
    {
      "id": "trancoso-de-baixo",
      "name": "Trancoso de Baixo"
    },
    {
      "id": "travanca",
      "name": "Travanca"
    },
    {
      "id": "treixedo",
      "name": "Treixedo"
    },
    {
      "id": "trofa",
      "name": "Trofa"
    },
    {
      "id": "tunes",
      "name": "Tunes"
    },
    {
      "id": "turcifal",
      "name": "Turcifal"
    },
    {
      "id": "vagos",
      "name": "Vagos"
    },
    {
      "id": "valado-de-frades",
      "name": "Valado de Frades"
    },
    {
      "id": "valbom",
      "name": "Valbom"
    },
    {
      "id": "vale",
      "name": "Vale"
    },
    {
      "id": "vale-da-pinta",
      "name": "Vale da Pinta"
    },
    {
      "id": "vale-de-acor",
      "name": "Vale de Acor"
    },
    {
      "id": "vale-de-cambra",
      "name": "Vale de Cambra"
    },
    {
      "id": "valega",
      "name": "Valega"
    },
    {
      "id": "valenca",
      "name": "Valenca"
    },
    {
      "id": "valongo",
      "name": "Valongo"
    },
    {
      "id": "valverde",
      "name": "Valverde"
    },
    {
      "id": "varzea-do-douro",
      "name": "Varzea do Douro"
    },
    {
      "id": "venda-do-pinheiro",
      "name": "Venda do Pinheiro"
    },
    {
      "id": "vendas-novas",
      "name": "Vendas Novas"
    },
    {
      "id": "vermelha",
      "name": "Vermelha"
    },
    {
      "id": "vermoil",
      "name": "Vermoil"
    },
    {
      "id": "vialonga",
      "name": "Vialonga"
    },
    {
      "id": "viana-do-alentejo",
      "name": "Viana do Alentejo"
    },
    {
      "id": "viana-do-castelo",
      "name": "Viana do Castelo"
    },
    {
      "id": "vidago",
      "name": "Vidago"
    },
    {
      "id": "vidigueira",
      "name": "Vidigueira"
    },
    {
      "id": "vieira-de-leiria",
      "name": "Vieira de Leiria"
    },
    {
      "id": "vieira-do-minho",
      "name": "Vieira do Minho"
    },
    {
      "id": "vila-alva",
      "name": "Vila Alva"
    },
    {
      "id": "vila-boa-de-quires",
      "name": "Vila Boa de Quires"
    },
    {
      "id": "vila-cha",
      "name": "Vila Cha"
    },
    {
      "id": "vila-cha-de-ourique",
      "name": "Vila Cha de Ourique"
    },
    {
      "id": "vila-de-porto-santo",
      "name": "Vila de Porto Santo"
    },
    {
      "id": "vila-do-bispo",
      "name": "Vila do Bispo"
    },
    {
      "id": "vila-do-conde",
      "name": "Vila do Conde"
    },
    {
      "id": "vila-franca-de-xira",
      "name": "Vila Franca de Xira"
    },
    {
      "id": "vila-franca-do-rosario",
      "name": "Vila Franca do Rosario"
    },
    {
      "id": "vila-nogueira-de-azeitao",
      "name": "Vila Nogueira de Azeitao"
    },
    {
      "id": "vila-nova",
      "name": "Vila Nova"
    },
    {
      "id": "vila-nova-da-barquinha",
      "name": "Vila Nova da Barquinha"
    },
    {
      "id": "vila-nova-de-cerveira",
      "name": "Vila Nova de Cerveira"
    },
    {
      "id": "vila-nova-de-famalicao",
      "name": "Vila Nova de Famalicao"
    },
    {
      "id": "vila-nova-de-gaia",
      "name": "Vila Nova de Gaia"
    },
    {
      "id": "vila-nova-de-paiva",
      "name": "Vila Nova de Paiva"
    },
    {
      "id": "vila-praia-de-ancora",
      "name": "Vila Praia de Ancora"
    },
    {
      "id": "vila-real",
      "name": "Vila Real"
    },
    {
      "id": "vila-verde",
      "name": "Vila Verde"
    },
    {
      "id": "vilar-de-perdizes",
      "name": "Vilar de Perdizes"
    },
    {
      "id": "vilar-do-paraiso",
      "name": "Vilar do Paraiso"
    },
    {
      "id": "vilar-do-pinheiro",
      "name": "Vilar do Pinheiro"
    },
    {
      "id": "vilar-formoso",
      "name": "Vilar Formoso"
    },
    {
      "id": "vilarinho-das-paranheiras",
      "name": "Vilarinho das Paranheiras"
    },
    {
      "id": "vilarinho-de-arcos",
      "name": "Vilarinho de Arcos"
    },
    {
      "id": "vilarinho-do-bairro",
      "name": "Vilarinho do Bairro"
    },
    {
      "id": "vilela",
      "name": "Vilela"
    },
    {
      "id": "vimieiro",
      "name": "Vimieiro"
    },
    {
      "id": "vinhais",
      "name": "Vinhais"
    },
    {
      "id": "viseu",
      "name": "Viseu"
    },
    {
      "id": "vizela",
      "name": "Vizela"
    },
    {
      "id": "zambujal",
      "name": "Zambujal"
    },
    {
      "id": "zibreira",
      "name": "Zibreira"
    }
  ]
}