{
  "coid": "PY",
  "cities": [
    {
      "id": "ayolas",
      "name": "Ayolas"
    },
    {
      "id": "boqueron",
      "name": "Boqueron"
    },
    {
      "id": "chore",
      "name": "Chore"
    },
    {
      "id": "ciudad-del-este",
      "name": "Ciudad del Este"
    },
    {
      "id": "colonia-mariano-roque-alonso",
      "name": "Colonia Mariano Roque Alonso"
    },
    {
      "id": "coronel-oviedo",
      "name": "Coronel Oviedo"
    },
    {
      "id": "fernando-de-la-mora",
      "name": "Fernando de la Mora"
    },
    {
      "id": "fuerte-olimpo",
      "name": "Fuerte Olimpo"
    },
    {
      "id": "hernandarias",
      "name": "Hernandarias"
    },
    {
      "id": "hohenau",
      "name": "Hohenau"
    },
    {
      "id": "independencia",
      "name": "Independencia"
    },
    {
      "id": "la-paz",
      "name": "La Paz"
    },
    {
      "id": "limpio",
      "name": "Limpio"
    },
    {
      "id": "loma-plata",
      "name": "Loma Plata"
    },
    {
      "id": "luque",
      "name": "Luque"
    },
    {
      "id": "nemby",
      "name": "Nemby"
    },
    {
      "id": "presidente-franco",
      "name": "Presidente Franco"
    },
    {
      "id": "salto-del-guaira",
      "name": "Salto del Guaira"
    },
    {
      "id": "san-alberto",
      "name": "San Alberto"
    },
    {
      "id": "san-juan-bautista",
      "name": "San Juan Bautista"
    },
    {
      "id": "san-lorenzo",
      "name": "San Lorenzo"
    },
    {
      "id": "santa-rita",
      "name": "Santa Rita"
    },
    {
      "id": "santa-rosa",
      "name": "Santa Rosa"
    },
    {
      "id": "villa-elisa",
      "name": "Villa Elisa"
    },
    {
      "id": "villa-hayes",
      "name": "Villa Hayes"
    },
    {
      "id": "villarrica",
      "name": "Villarrica"
    },
    {
      "id": "yataity",
      "name": "Yataity"
    }
  ]
}