{
  "coid": "RU",
  "cities": [
    {
      "id": "abakan",
      "name": "Abakan"
    },
    {
      "id": "abinsk",
      "name": "Abinsk"
    },
    {
      "id": "achinsk",
      "name": "Achinsk"
    },
    {
      "id": "adygeysk",
      "name": "Adygeysk"
    },
    {
      "id": "agapovka",
      "name": "Agapovka"
    },
    {
      "id": "agidel",
      "name": "Agidel"
    },
    {
      "id": "akhtubinsk",
      "name": "Akhtubinsk"
    },
    {
      "id": "aksay",
      "name": "Aksay"
    },
    {
      "id": "aksenovo",
      "name": "Aksenovo"
    },
    {
      "id": "alapayevsk",
      "name": "Alapayevsk"
    },
    {
      "id": "aldan",
      "name": "Aldan"
    },
    {
      "id": "aleksandrov",
      "name": "Aleksandrov"
    },
    {
      "id": "aleksandrovka",
      "name": "Aleksandrovka"
    },
    {
      "id": "alekseyevka",
      "name": "Alekseyevka"
    },
    {
      "id": "aleksin",
      "name": "Aleksin"
    },
    {
      "id": "aleksino",
      "name": "Aleksino"
    },
    {
      "id": "aleysk",
      "name": "Aleysk"
    },
    {
      "id": "alikovo",
      "name": "Alikovo"
    },
    {
      "id": "altay",
      "name": "Altay"
    },
    {
      "id": "altayskoye",
      "name": "Altayskoye"
    },
    {
      "id": "amur",
      "name": "Amur"
    },
    {
      "id": "amursk",
      "name": "Amursk"
    },
    {
      "id": "anapa",
      "name": "Anapa"
    },
    {
      "id": "angarsk",
      "name": "Angarsk"
    },
    {
      "id": "anuchino",
      "name": "Anuchino"
    },
    {
      "id": "anzhero-sudzhensk",
      "name": "Anzhero-Sudzhensk"
    },
    {
      "id": "apatity",
      "name": "Apatity"
    },
    {
      "id": "apazovo",
      "name": "Apazovo"
    },
    {
      "id": "aprelevka",
      "name": "Aprelevka"
    },
    {
      "id": "aramil",
      "name": "Aramil"
    },
    {
      "id": "ariadnoye",
      "name": "Ariadnoye"
    },
    {
      "id": "arkhangelsk",
      "name": "Arkhangelsk"
    },
    {
      "id": "arkhara",
      "name": "Arkhara"
    },
    {
      "id": "armavir",
      "name": "Armavir"
    },
    {
      "id": "aro",
      "name": "Aro"
    },
    {
      "id": "artem",
      "name": "Artem"
    },
    {
      "id": "arti",
      "name": "Arti"
    },
    {
      "id": "arzamas",
      "name": "Arzamas"
    },
    {
      "id": "asbest",
      "name": "Asbest"
    },
    {
      "id": "asha",
      "name": "Asha"
    },
    {
      "id": "ashchibutak",
      "name": "Ashchibutak"
    },
    {
      "id": "asino",
      "name": "Asino"
    },
    {
      "id": "astrakhan",
      "name": "Astrakhan"
    },
    {
      "id": "atkarsk",
      "name": "Atkarsk"
    },
    {
      "id": "atlas",
      "name": "Atlas"
    },
    {
      "id": "avangard",
      "name": "Avangard"
    },
    {
      "id": "avri",
      "name": "Avri"
    },
    {
      "id": "avtozavodskiy-rayon",
      "name": "Avtozavodskiy Rayon"
    },
    {
      "id": "aykino",
      "name": "Aykino"
    },
    {
      "id": "azov",
      "name": "Azov"
    },
    {
      "id": "bagan",
      "name": "Bagan"
    },
    {
      "id": "baksan",
      "name": "Baksan"
    },
    {
      "id": "balabanovo",
      "name": "Balabanovo"
    },
    {
      "id": "balakovo",
      "name": "Balakovo"
    },
    {
      "id": "balashikha",
      "name": "Balashikha"
    },
    {
      "id": "balashov",
      "name": "Balashov"
    },
    {
      "id": "baltiysk",
      "name": "Baltiysk"
    },
    {
      "id": "barabash",
      "name": "Barabash"
    },
    {
      "id": "baranchinskiy",
      "name": "Baranchinskiy"
    },
    {
      "id": "barda",
      "name": "Barda"
    },
    {
      "id": "barnaul",
      "name": "Barnaul"
    },
    {
      "id": "bashkortostan",
      "name": "Bashkortostan"
    },
    {
      "id": "bataysk",
      "name": "Bataysk"
    },
    {
      "id": "baykal",
      "name": "Baykal"
    },
    {
      "id": "baza",
      "name": "Baza"
    },
    {
      "id": "begunitsy",
      "name": "Begunitsy"
    },
    {
      "id": "belaya-kalitva",
      "name": "Belaya Kalitva"
    },
    {
      "id": "belebey",
      "name": "Belebey"
    },
    {
      "id": "belgorod",
      "name": "Belgorod"
    },
    {
      "id": "belogorka",
      "name": "Belogorka"
    },
    {
      "id": "belogorsk",
      "name": "Belogorsk"
    },
    {
      "id": "belorechensk",
      "name": "Belorechensk"
    },
    {
      "id": "beloretsk",
      "name": "Beloretsk"
    },
    {
      "id": "belovo",
      "name": "Belovo"
    },
    {
      "id": "belyy",
      "name": "Belyy"
    },
    {
      "id": "berdsk",
      "name": "Berdsk"
    },
    {
      "id": "berezayka",
      "name": "Berezayka"
    },
    {
      "id": "berezniki",
      "name": "Berezniki"
    },
    {
      "id": "berezovka",
      "name": "Berezovka"
    },
    {
      "id": "beryozovsky",
      "name": "Beryozovsky"
    },
    {
      "id": "betlitsa",
      "name": "Betlitsa"
    },
    {
      "id": "beya",
      "name": "Beya"
    },
    {
      "id": "bezhetsk",
      "name": "Bezhetsk"
    },
    {
      "id": "bibayevo",
      "name": "Bibayevo"
    },
    {
      "id": "bilibino",
      "name": "Bilibino"
    },
    {
      "id": "birobidzhan",
      "name": "Birobidzhan"
    },
    {
      "id": "birsk",
      "name": "Birsk"
    },
    {
      "id": "birzha",
      "name": "Birzha"
    },
    {
      "id": "biysk",
      "name": "Biysk"
    },
    {
      "id": "blagovar",
      "name": "Blagovar"
    },
    {
      "id": "blagoveshchensk",
      "name": "Blagoveshchensk"
    },
    {
      "id": "bogdanovich",
      "name": "Bogdanovich"
    },
    {
      "id": "bogdashino",
      "name": "Bogdashino"
    },
    {
      "id": "bogoroditsk",
      "name": "Bogoroditsk"
    },
    {
      "id": "bogorodsk",
      "name": "Bogorodsk"
    },
    {
      "id": "bogorodskoye",
      "name": "Bogorodskoye"
    },
    {
      "id": "boguchany",
      "name": "Boguchany"
    },
    {
      "id": "boksitogorsk",
      "name": "Boksitogorsk"
    },
    {
      "id": "bologoye",
      "name": "Bologoye"
    },
    {
      "id": "bor",
      "name": "Bor"
    },
    {
      "id": "borisoglebsk",
      "name": "Borisoglebsk"
    },
    {
      "id": "borkovka",
      "name": "Borkovka"
    },
    {
      "id": "borodino",
      "name": "Borodino"
    },
    {
      "id": "borodynovka",
      "name": "Borodynovka"
    },
    {
      "id": "borovichi",
      "name": "Borovichi"
    },
    {
      "id": "borovskiy",
      "name": "Borovskiy"
    },
    {
      "id": "borzya",
      "name": "Borzya"
    },
    {
      "id": "bovykiny",
      "name": "Bovykiny"
    },
    {
      "id": "bras",
      "name": "Bras"
    },
    {
      "id": "bratsk",
      "name": "Bratsk"
    },
    {
      "id": "brod",
      "name": "Brod"
    },
    {
      "id": "bronnitsy",
      "name": "Bronnitsy"
    },
    {
      "id": "bryansk",
      "name": "Bryansk"
    },
    {
      "id": "bugry",
      "name": "Bugry"
    },
    {
      "id": "bulgakov",
      "name": "Bulgakov"
    },
    {
      "id": "buyantsevo",
      "name": "Buyantsevo"
    },
    {
      "id": "buzuluk",
      "name": "Buzuluk"
    },
    {
      "id": "chapayevsk",
      "name": "Chapayevsk"
    },
    {
      "id": "chaplygin",
      "name": "Chaplygin"
    },
    {
      "id": "chastyye",
      "name": "Chastyye"
    },
    {
      "id": "chaykovskiy",
      "name": "Chaykovskiy"
    },
    {
      "id": "cheboksary",
      "name": "Cheboksary"
    },
    {
      "id": "chekhov",
      "name": "Chekhov"
    },
    {
      "id": "chelbasskaya",
      "name": "Chelbasskaya"
    },
    {
      "id": "chelyabinsk",
      "name": "Chelyabinsk"
    },
    {
      "id": "chemashur",
      "name": "Chemashur"
    },
    {
      "id": "cheremkhovo",
      "name": "Cheremkhovo"
    },
    {
      "id": "cherepanovo",
      "name": "Cherepanovo"
    },
    {
      "id": "cherepovets",
      "name": "Cherepovets"
    },
    {
      "id": "cherkessk",
      "name": "Cherkessk"
    },
    {
      "id": "cherkizovo",
      "name": "Cherkizovo"
    },
    {
      "id": "chernigovka",
      "name": "Chernigovka"
    },
    {
      "id": "chernogolovka",
      "name": "Chernogolovka"
    },
    {
      "id": "chernogorsk",
      "name": "Chernogorsk"
    },
    {
      "id": "chernushka",
      "name": "Chernushka"
    },
    {
      "id": "chernyakhovsk",
      "name": "Chernyakhovsk"
    },
    {
      "id": "chesnokovka",
      "name": "Chesnokovka"
    },
    {
      "id": "chik",
      "name": "Chik"
    },
    {
      "id": "china",
      "name": "China"
    },
    {
      "id": "chita",
      "name": "Chita"
    },
    {
      "id": "chiverevo",
      "name": "Chiverevo"
    },
    {
      "id": "chkalov",
      "name": "Chkalov"
    },
    {
      "id": "chudovo",
      "name": "Chudovo"
    },
    {
      "id": "chyorny-yar",
      "name": "Chyorny Yar"
    },
    {
      "id": "dagomys",
      "name": "Dagomys"
    },
    {
      "id": "dalmatovo",
      "name": "Dalmatovo"
    },
    {
      "id": "damkhurts",
      "name": "Damkhurts"
    },
    {
      "id": "danilov",
      "name": "Danilov"
    },
    {
      "id": "dedenevo",
      "name": "Dedenevo"
    },
    {
      "id": "dedovsk",
      "name": "Dedovsk"
    },
    {
      "id": "denisovo",
      "name": "Denisovo"
    },
    {
      "id": "derbent",
      "name": "Derbent"
    },
    {
      "id": "desnogorsk",
      "name": "Desnogorsk"
    },
    {
      "id": "detchino",
      "name": "Detchino"
    },
    {
      "id": "dimitrovgrad",
      "name": "Dimitrovgrad"
    },
    {
      "id": "dinskaya",
      "name": "Dinskaya"
    },
    {
      "id": "divnogorsk",
      "name": "Divnogorsk"
    },
    {
      "id": "divo",
      "name": "Divo"
    },
    {
      "id": "dmitriyevka",
      "name": "Dmitriyevka"
    },
    {
      "id": "dmitrov",
      "name": "Dmitrov"
    },
    {
      "id": "dobryanka",
      "name": "Dobryanka"
    },
    {
      "id": "dolgoprudnyy",
      "name": "Dolgoprudnyy"
    },
    {
      "id": "domodedovo",
      "name": "Domodedovo"
    },
    {
      "id": "donetsk",
      "name": "Donetsk"
    },
    {
      "id": "donskoy",
      "name": "Donskoy"
    },
    {
      "id": "drezna",
      "name": "Drezna"
    },
    {
      "id": "druzhba",
      "name": "Druzhba"
    },
    {
      "id": "dubenka",
      "name": "Dubenka"
    },
    {
      "id": "dubna",
      "name": "Dubna"
    },
    {
      "id": "dubovka",
      "name": "Dubovka"
    },
    {
      "id": "dubrovka",
      "name": "Dubrovka"
    },
    {
      "id": "dudinka",
      "name": "Dudinka"
    },
    {
      "id": "dyurtyuli",
      "name": "Dyurtyuli"
    },
    {
      "id": "dzerzhinsk",
      "name": "Dzerzhinsk"
    },
    {
      "id": "dzerzhinskiy",
      "name": "Dzerzhinskiy"
    },
    {
      "id": "elektrogorsk",
      "name": "Elektrogorsk"
    },
    {
      "id": "elektrostal",
      "name": "Elektrostal"
    },
    {
      "id": "elektrougli",
      "name": "Elektrougli"
    },
    {
      "id": "elista",
      "name": "Elista"
    },
    {
      "id": "enkheluk",
      "name": "Enkheluk"
    },
    {
      "id": "fatezh",
      "name": "Fatezh"
    },
    {
      "id": "fialka",
      "name": "Fialka"
    },
    {
      "id": "filatovskoye",
      "name": "Filatovskoye"
    },
    {
      "id": "filial",
      "name": "Filial"
    },
    {
      "id": "frolovo",
      "name": "Frolovo"
    },
    {
      "id": "frunzenskiy",
      "name": "Frunzenskiy"
    },
    {
      "id": "fryazino",
      "name": "Fryazino"
    },
    {
      "id": "furmanov",
      "name": "Furmanov"
    },
    {
      "id": "gagarin",
      "name": "Gagarin"
    },
    {
      "id": "gagino",
      "name": "Gagino"
    },
    {
      "id": "gatchina",
      "name": "Gatchina"
    },
    {
      "id": "gaurilov",
      "name": "Gaurilov"
    },
    {
      "id": "gelendzhik",
      "name": "Gelendzhik"
    },
    {
      "id": "georgiyevsk",
      "name": "Georgiyevsk"
    },
    {
      "id": "georgiyevskoye",
      "name": "Georgiyevskoye"
    },
    {
      "id": "glazov",
      "name": "Glazov"
    },
    {
      "id": "glazunovka",
      "name": "Glazunovka"
    },
    {
      "id": "glebychevo",
      "name": "Glebychevo"
    },
    {
      "id": "gogolya",
      "name": "Gogolya"
    },
    {
      "id": "golitsyno",
      "name": "Golitsyno"
    },
    {
      "id": "golovchino",
      "name": "Golovchino"
    },
    {
      "id": "gorbatov",
      "name": "Gorbatov"
    },
    {
      "id": "gorin",
      "name": "Gorin"
    },
    {
      "id": "gorno-altaysk",
      "name": "Gorno-Altaysk"
    },
    {
      "id": "gornozavodsk",
      "name": "Gornozavodsk"
    },
    {
      "id": "gorodna",
      "name": "Gorodna"
    },
    {
      "id": "granit",
      "name": "Granit"
    },
    {
      "id": "grozny",
      "name": "Grozny"
    },
    {
      "id": "gryazovets",
      "name": "Gryazovets"
    },
    {
      "id": "gubakha",
      "name": "Gubakha"
    },
    {
      "id": "gubkin",
      "name": "Gubkin"
    },
    {
      "id": "gubkinskiy",
      "name": "Gubkinskiy"
    },
    {
      "id": "gudermes",
      "name": "Gudermes"
    },
    {
      "id": "gukovo",
      "name": "Gukovo"
    },
    {
      "id": "gusev",
      "name": "Gusev"
    },
    {
      "id": "gusinoozyorsk",
      "name": "Gusinoozyorsk"
    },
    {
      "id": "gvardeysk",
      "name": "Gvardeysk"
    },
    {
      "id": "ibresi",
      "name": "Ibresi"
    },
    {
      "id": "ibrya",
      "name": "Ibrya"
    },
    {
      "id": "iglino",
      "name": "Iglino"
    },
    {
      "id": "igra",
      "name": "Igra"
    },
    {
      "id": "ilim",
      "name": "Ilim"
    },
    {
      "id": "ilovlya",
      "name": "Ilovlya"
    },
    {
      "id": "ilya",
      "name": "Ilya"
    },
    {
      "id": "insar",
      "name": "Insar"
    },
    {
      "id": "inta",
      "name": "Inta"
    },
    {
      "id": "irbit",
      "name": "Irbit"
    },
    {
      "id": "irkutsk",
      "name": "Irkutsk"
    },
    {
      "id": "isheyevka",
      "name": "Isheyevka"
    },
    {
      "id": "ishim",
      "name": "Ishim"
    },
    {
      "id": "ishimbay",
      "name": "Ishimbay"
    },
    {
      "id": "ishimskiy",
      "name": "Ishimskiy"
    },
    {
      "id": "ishkulovo",
      "name": "Ishkulovo"
    },
    {
      "id": "ishley",
      "name": "Ishley"
    },
    {
      "id": "iskitim",
      "name": "Iskitim"
    },
    {
      "id": "istra",
      "name": "Istra"
    },
    {
      "id": "ivangorod",
      "name": "Ivangorod"
    },
    {
      "id": "ivanovo",
      "name": "Ivanovo"
    },
    {
      "id": "izberbash",
      "name": "Izberbash"
    },
    {
      "id": "izhevsk",
      "name": "Izhevsk"
    },
    {
      "id": "izmaylovo",
      "name": "Izmaylovo"
    },
    {
      "id": "kabanovo",
      "name": "Kabanovo"
    },
    {
      "id": "kabardino",
      "name": "Kabardino"
    },
    {
      "id": "kachkanar",
      "name": "Kachkanar"
    },
    {
      "id": "kadrovik",
      "name": "Kadrovik"
    },
    {
      "id": "kalashnikovo",
      "name": "Kalashnikovo"
    },
    {
      "id": "kalinina",
      "name": "Kalinina"
    },
    {
      "id": "kaliningrad",
      "name": "Kaliningrad"
    },
    {
      "id": "kalininskaya",
      "name": "Kalininskaya"
    },
    {
      "id": "kalino",
      "name": "Kalino"
    },
    {
      "id": "kaltan",
      "name": "Kaltan"
    },
    {
      "id": "kaluga",
      "name": "Kaluga"
    },
    {
      "id": "kamchatka",
      "name": "Kamchatka"
    },
    {
      "id": "kamenka",
      "name": "Kamenka"
    },
    {
      "id": "kamennogorsk",
      "name": "Kamennogorsk"
    },
    {
      "id": "kamennomostskiy",
      "name": "Kamennomostskiy"
    },
    {
      "id": "kamenolomni",
      "name": "Kamenolomni"
    },
    {
      "id": "kamensk",
      "name": "Kamensk"
    },
    {
      "id": "kamensk-shakhtinskiy",
      "name": "Kamensk-Shakhtinskiy"
    },
    {
      "id": "kamyshin",
      "name": "Kamyshin"
    },
    {
      "id": "kamyshovka",
      "name": "Kamyshovka"
    },
    {
      "id": "kanash",
      "name": "Kanash"
    },
    {
      "id": "kanavka",
      "name": "Kanavka"
    },
    {
      "id": "kandalaksha",
      "name": "Kandalaksha"
    },
    {
      "id": "kanevskaya",
      "name": "Kanevskaya"
    },
    {
      "id": "kansk",
      "name": "Kansk"
    },
    {
      "id": "karabash",
      "name": "Karabash"
    },
    {
      "id": "karabulak",
      "name": "Karabulak"
    },
    {
      "id": "karachev",
      "name": "Karachev"
    },
    {
      "id": "karin-perevoz",
      "name": "Karin Perevoz"
    },
    {
      "id": "karla-marksa",
      "name": "Karla Marksa"
    },
    {
      "id": "kartaly",
      "name": "Kartaly"
    },
    {
      "id": "kashira",
      "name": "Kashira"
    },
    {
      "id": "kasimov",
      "name": "Kasimov"
    },
    {
      "id": "kasli",
      "name": "Kasli"
    },
    {
      "id": "kastornoye",
      "name": "Kastornoye"
    },
    {
      "id": "katav-ivanovsk",
      "name": "Katav-Ivanovsk"
    },
    {
      "id": "kavkaz",
      "name": "Kavkaz"
    },
    {
      "id": "kemerovo",
      "name": "Kemerovo"
    },
    {
      "id": "khabarovsk",
      "name": "Khabarovsk"
    },
    {
      "id": "khabarskoye",
      "name": "Khabarskoye"
    },
    {
      "id": "khangash-yurt",
      "name": "Khangash-Yurt"
    },
    {
      "id": "khanty-mansiysk",
      "name": "Khanty-Mansiysk"
    },
    {
      "id": "kharp",
      "name": "Kharp"
    },
    {
      "id": "khasavyurt",
      "name": "Khasavyurt"
    },
    {
      "id": "khimki",
      "name": "Khimki"
    },
    {
      "id": "kholmistyy",
      "name": "Kholmistyy"
    },
    {
      "id": "kholmsk",
      "name": "Kholmsk"
    },
    {
      "id": "khrenovoye",
      "name": "Khrenovoye"
    },
    {
      "id": "kichmengskiy-gorodok",
      "name": "Kichmengskiy Gorodok"
    },
    {
      "id": "kimovsk",
      "name": "Kimovsk"
    },
    {
      "id": "kimry",
      "name": "Kimry"
    },
    {
      "id": "kineshma",
      "name": "Kineshma"
    },
    {
      "id": "kingisepp",
      "name": "Kingisepp"
    },
    {
      "id": "kirgiz-miyaki",
      "name": "Kirgiz-Miyaki"
    },
    {
      "id": "kirilly",
      "name": "Kirilly"
    },
    {
      "id": "kirishi",
      "name": "Kirishi"
    },
    {
      "id": "kirov",
      "name": "Kirov"
    },
    {
      "id": "kirova",
      "name": "Kirova"
    },
    {
      "id": "kirovgrad",
      "name": "Kirovgrad"
    },
    {
      "id": "kirovo-chepetsk",
      "name": "Kirovo-Chepetsk"
    },
    {
      "id": "kirovsk",
      "name": "Kirovsk"
    },
    {
      "id": "kirovskaya",
      "name": "Kirovskaya"
    },
    {
      "id": "kirsanov",
      "name": "Kirsanov"
    },
    {
      "id": "kiryabinskoye",
      "name": "Kiryabinskoye"
    },
    {
      "id": "kirzhach",
      "name": "Kirzhach"
    },
    {
      "id": "kislovodsk",
      "name": "Kislovodsk"
    },
    {
      "id": "kizlyar",
      "name": "Kizlyar"
    },
    {
      "id": "kizner",
      "name": "Kizner"
    },
    {
      "id": "klimovsk",
      "name": "Klimovsk"
    },
    {
      "id": "klin",
      "name": "Klin"
    },
    {
      "id": "klintsy",
      "name": "Klintsy"
    },
    {
      "id": "klyuchi",
      "name": "Klyuchi"
    },
    {
      "id": "klyuchi-bulak",
      "name": "Klyuchi-Bulak"
    },
    {
      "id": "kochkurovo",
      "name": "Kochkurovo"
    },
    {
      "id": "kodinsk",
      "name": "Kodinsk"
    },
    {
      "id": "kola",
      "name": "Kola"
    },
    {
      "id": "kolomino",
      "name": "Kolomino"
    },
    {
      "id": "kolomna",
      "name": "Kolomna"
    },
    {
      "id": "kolpashevo",
      "name": "Kolpashevo"
    },
    {
      "id": "kolpino",
      "name": "Kolpino"
    },
    {
      "id": "komarov",
      "name": "Komarov"
    },
    {
      "id": "komintern",
      "name": "Komintern"
    },
    {
      "id": "komsomolsk-on-amur",
      "name": "Komsomolsk-on-Amur"
    },
    {
      "id": "konakovo",
      "name": "Konakovo"
    },
    {
      "id": "kondopoga",
      "name": "Kondopoga"
    },
    {
      "id": "konosha",
      "name": "Konosha"
    },
    {
      "id": "kopeysk",
      "name": "Kopeysk"
    },
    {
      "id": "koptyuga",
      "name": "Koptyuga"
    },
    {
      "id": "korkino",
      "name": "Korkino"
    },
    {
      "id": "korolev",
      "name": "Korolev"
    },
    {
      "id": "korsakov",
      "name": "Korsakov"
    },
    {
      "id": "koryazhma",
      "name": "Koryazhma"
    },
    {
      "id": "kosteniki",
      "name": "Kosteniki"
    },
    {
      "id": "kostomuksha",
      "name": "Kostomuksha"
    },
    {
      "id": "kostroma",
      "name": "Kostroma"
    },
    {
      "id": "kotlas",
      "name": "Kotlas"
    },
    {
      "id": "kovdor",
      "name": "Kovdor"
    },
    {
      "id": "kovrov",
      "name": "Kovrov"
    },
    {
      "id": "kraskovo",
      "name": "Kraskovo"
    },
    {
      "id": "krasnoarmeysk",
      "name": "Krasnoarmeysk"
    },
    {
      "id": "krasnoarmeyskaya",
      "name": "Krasnoarmeyskaya"
    },
    {
      "id": "krasnoarmeyskoye",
      "name": "Krasnoarmeyskoye"
    },
    {
      "id": "krasnodar",
      "name": "Krasnodar"
    },
    {
      "id": "krasnodarskiy",
      "name": "Krasnodarskiy"
    },
    {
      "id": "krasnogorsk",
      "name": "Krasnogorsk"
    },
    {
      "id": "krasnogorskiy",
      "name": "Krasnogorskiy"
    },
    {
      "id": "krasnogvardeyskiy",
      "name": "Krasnogvardeyskiy"
    },
    {
      "id": "krasnokamensk",
      "name": "Krasnokamensk"
    },
    {
      "id": "krasnokamsk",
      "name": "Krasnokamsk"
    },
    {
      "id": "krasnoobsk",
      "name": "Krasnoobsk"
    },
    {
      "id": "krasnoufimsk",
      "name": "Krasnoufimsk"
    },
    {
      "id": "krasnoyarsk",
      "name": "Krasnoyarsk"
    },
    {
      "id": "krasnoye-na-volge",
      "name": "Krasnoye-na-Volge"
    },
    {
      "id": "krasnoznamensk",
      "name": "Krasnoznamensk"
    },
    {
      "id": "krasnyy-kut",
      "name": "Krasnyy Kut"
    },
    {
      "id": "krasnyy-sulin",
      "name": "Krasnyy Sulin"
    },
    {
      "id": "krasnyy-yar",
      "name": "Krasnyy Yar"
    },
    {
      "id": "kristall",
      "name": "Kristall"
    },
    {
      "id": "kromy",
      "name": "Kromy"
    },
    {
      "id": "kronshtadt",
      "name": "Kronshtadt"
    },
    {
      "id": "kropotkin",
      "name": "Kropotkin"
    },
    {
      "id": "krugloye",
      "name": "Krugloye"
    },
    {
      "id": "krymsk",
      "name": "Krymsk"
    },
    {
      "id": "kstovo",
      "name": "Kstovo"
    },
    {
      "id": "kubinka",
      "name": "Kubinka"
    },
    {
      "id": "kugesi",
      "name": "Kugesi"
    },
    {
      "id": "kulikov",
      "name": "Kulikov"
    },
    {
      "id": "kumertau",
      "name": "Kumertau"
    },
    {
      "id": "kungur",
      "name": "Kungur"
    },
    {
      "id": "kupavna",
      "name": "Kupavna"
    },
    {
      "id": "kurchatov",
      "name": "Kurchatov"
    },
    {
      "id": "kurgan",
      "name": "Kurgan"
    },
    {
      "id": "kurganinsk",
      "name": "Kurganinsk"
    },
    {
      "id": "kursk",
      "name": "Kursk"
    },
    {
      "id": "kurtamysh",
      "name": "Kurtamysh"
    },
    {
      "id": "kusa",
      "name": "Kusa"
    },
    {
      "id": "kusakovka",
      "name": "Kusakovka"
    },
    {
      "id": "kushnarenkovo",
      "name": "Kushnarenkovo"
    },
    {
      "id": "kushva",
      "name": "Kushva"
    },
    {
      "id": "kuybyshev",
      "name": "Kuybyshev"
    },
    {
      "id": "kuznetsk",
      "name": "Kuznetsk"
    },
    {
      "id": "kuznetskiy-rayon",
      "name": "Kuznetskiy Rayon"
    },
    {
      "id": "kuzovatovo",
      "name": "Kuzovatovo"
    },
    {
      "id": "kvatchi",
      "name": "Kvatchi"
    },
    {
      "id": "kyshtym",
      "name": "Kyshtym"
    },
    {
      "id": "kyzyl",
      "name": "Kyzyl"
    },
    {
      "id": "labinsk",
      "name": "Labinsk"
    },
    {
      "id": "labytnangi",
      "name": "Labytnangi"
    },
    {
      "id": "lada",
      "name": "Lada"
    },
    {
      "id": "lakinsk",
      "name": "Lakinsk"
    },
    {
      "id": "lampovo",
      "name": "Lampovo"
    },
    {
      "id": "lazo",
      "name": "Lazo"
    },
    {
      "id": "lebedev",
      "name": "Lebedev"
    },
    {
      "id": "lenina",
      "name": "Lenina"
    },
    {
      "id": "leningradskaya",
      "name": "Leningradskaya"
    },
    {
      "id": "leningradskiy",
      "name": "Leningradskiy"
    },
    {
      "id": "leninogorsk",
      "name": "Leninogorsk"
    },
    {
      "id": "leninsk-kuznetsky",
      "name": "Leninsk-Kuznetsky"
    },
    {
      "id": "leninskiy",
      "name": "Leninskiy"
    },
    {
      "id": "leninskoye",
      "name": "Leninskoye"
    },
    {
      "id": "lenkino",
      "name": "Lenkino"
    },
    {
      "id": "lermontov",
      "name": "Lermontov"
    },
    {
      "id": "lesnoy",
      "name": "Lesnoy"
    },
    {
      "id": "lesnoy-gorodok",
      "name": "Lesnoy Gorodok"
    },
    {
      "id": "lesodacha",
      "name": "Lesodacha"
    },
    {
      "id": "lesosibirsk",
      "name": "Lesosibirsk"
    },
    {
      "id": "lesozavodsk",
      "name": "Lesozavodsk"
    },
    {
      "id": "likino-dulevo",
      "name": "Likino-Dulevo"
    },
    {
      "id": "linda",
      "name": "Linda"
    },
    {
      "id": "linevo",
      "name": "Linevo"
    },
    {
      "id": "liniya",
      "name": "Liniya"
    },
    {
      "id": "lipetsk",
      "name": "Lipetsk"
    },
    {
      "id": "lisikha",
      "name": "Lisikha"
    },
    {
      "id": "liski",
      "name": "Liski"
    },
    {
      "id": "livny",
      "name": "Livny"
    },
    {
      "id": "lobnya",
      "name": "Lobnya"
    },
    {
      "id": "lodeynoye-pole",
      "name": "Lodeynoye Pole"
    },
    {
      "id": "lomonosov",
      "name": "Lomonosov"
    },
    {
      "id": "losino-petrovskiy",
      "name": "Losino-Petrovskiy"
    },
    {
      "id": "luchegorsk",
      "name": "Luchegorsk"
    },
    {
      "id": "lukhovitsy",
      "name": "Lukhovitsy"
    },
    {
      "id": "luzino",
      "name": "Luzino"
    },
    {
      "id": "lyantor",
      "name": "Lyantor"
    },
    {
      "id": "lytkarino",
      "name": "Lytkarino"
    },
    {
      "id": "lyubertsy",
      "name": "Lyubertsy"
    },
    {
      "id": "magadan",
      "name": "Magadan"
    },
    {
      "id": "magdagachi",
      "name": "Magdagachi"
    },
    {
      "id": "magnitnyy",
      "name": "Magnitnyy"
    },
    {
      "id": "magnitogorsk",
      "name": "Magnitogorsk"
    },
    {
      "id": "makhachkala",
      "name": "Makhachkala"
    },
    {
      "id": "maksimovka",
      "name": "Maksimovka"
    },
    {
      "id": "malaya-vishera",
      "name": "Malaya Vishera"
    },
    {
      "id": "malino",
      "name": "Malino"
    },
    {
      "id": "maloyaroslavets",
      "name": "Maloyaroslavets"
    },
    {
      "id": "malysheva",
      "name": "Malysheva"
    },
    {
      "id": "mamontovka",
      "name": "Mamontovka"
    },
    {
      "id": "mamontovo",
      "name": "Mamontovo"
    },
    {
      "id": "manturovo",
      "name": "Manturovo"
    },
    {
      "id": "mariinskiy-posad",
      "name": "Mariinskiy Posad"
    },
    {
      "id": "markovo",
      "name": "Markovo"
    },
    {
      "id": "marks",
      "name": "Marks"
    },
    {
      "id": "maslyanino",
      "name": "Maslyanino"
    },
    {
      "id": "mayakovskogo",
      "name": "Mayakovskogo"
    },
    {
      "id": "maykop",
      "name": "Maykop"
    },
    {
      "id": "maykor",
      "name": "Maykor"
    },
    {
      "id": "mednogorsk",
      "name": "Mednogorsk"
    },
    {
      "id": "medvedevo",
      "name": "Medvedevo"
    },
    {
      "id": "medvenka",
      "name": "Medvenka"
    },
    {
      "id": "mega",
      "name": "Mega"
    },
    {
      "id": "megion",
      "name": "Megion"
    },
    {
      "id": "melenki",
      "name": "Melenki"
    },
    {
      "id": "meleuz",
      "name": "Meleuz"
    },
    {
      "id": "metallostroy",
      "name": "Metallostroy"
    },
    {
      "id": "metallurg",
      "name": "Metallurg"
    },
    {
      "id": "mezhdurechensk",
      "name": "Mezhdurechensk"
    },
    {
      "id": "mga",
      "name": "Mga"
    },
    {
      "id": "miass",
      "name": "Miass"
    },
    {
      "id": "miasskoye",
      "name": "Miasskoye"
    },
    {
      "id": "michurinsk",
      "name": "Michurinsk"
    },
    {
      "id": "mikhaylovskoye",
      "name": "Mikhaylovskoye"
    },
    {
      "id": "millerovo",
      "name": "Millerovo"
    },
    {
      "id": "mineralnye-vody",
      "name": "Mineralnye Vody"
    },
    {
      "id": "minusinsk",
      "name": "Minusinsk"
    },
    {
      "id": "mira",
      "name": "Mira"
    },
    {
      "id": "moldavanskoye",
      "name": "Moldavanskoye"
    },
    {
      "id": "monchegorsk",
      "name": "Monchegorsk"
    },
    {
      "id": "monino",
      "name": "Monino"
    },
    {
      "id": "morozov",
      "name": "Morozov"
    },
    {
      "id": "morozovo",
      "name": "Morozovo"
    },
    {
      "id": "morozovsk",
      "name": "Morozovsk"
    },
    {
      "id": "morshansk",
      "name": "Morshansk"
    },
    {
      "id": "moscow",
      "name": "Moscow"
    },
    {
      "id": "moskovskaya",
      "name": "Moskovskaya"
    },
    {
      "id": "moskovskiy",
      "name": "Moskovskiy"
    },
    {
      "id": "mostovskoy",
      "name": "Mostovskoy"
    },
    {
      "id": "mozdok",
      "name": "Mozdok"
    },
    {
      "id": "mozhaysk",
      "name": "Mozhaysk"
    },
    {
      "id": "mozhga",
      "name": "Mozhga"
    },
    {
      "id": "mtsensk",
      "name": "Mtsensk"
    },
    {
      "id": "muravlenko",
      "name": "Muravlenko"
    },
    {
      "id": "murmansk",
      "name": "Murmansk"
    },
    {
      "id": "murmashi",
      "name": "Murmashi"
    },
    {
      "id": "murom",
      "name": "Murom"
    },
    {
      "id": "myski",
      "name": "Myski"
    },
    {
      "id": "mytishchi",
      "name": "Mytishchi"
    },
    {
      "id": "naberezhnyye-chelny",
      "name": "Naberezhnyye Chelny"
    },
    {
      "id": "nadezhdinka",
      "name": "Nadezhdinka"
    },
    {
      "id": "nadvoitsy",
      "name": "Nadvoitsy"
    },
    {
      "id": "nadym",
      "name": "Nadym"
    },
    {
      "id": "nakhabino",
      "name": "Nakhabino"
    },
    {
      "id": "nakhodka",
      "name": "Nakhodka"
    },
    {
      "id": "naro-fominsk",
      "name": "Naro-Fominsk"
    },
    {
      "id": "nartkala",
      "name": "Nartkala"
    },
    {
      "id": "naryan-mar",
      "name": "Naryan-Mar"
    },
    {
      "id": "nauka",
      "name": "Nauka"
    },
    {
      "id": "naumkino",
      "name": "Naumkino"
    },
    {
      "id": "nazarovo",
      "name": "Nazarovo"
    },
    {
      "id": "nazran",
      "name": "Nazran"
    },
    {
      "id": "neftekamsk",
      "name": "Neftekamsk"
    },
    {
      "id": "neftekumsk",
      "name": "Neftekumsk"
    },
    {
      "id": "nefteyugansk",
      "name": "Nefteyugansk"
    },
    {
      "id": "nelazskoye",
      "name": "Nelazskoye"
    },
    {
      "id": "nelidovo",
      "name": "Nelidovo"
    },
    {
      "id": "neman",
      "name": "Neman"
    },
    {
      "id": "neryungri",
      "name": "Neryungri"
    },
    {
      "id": "neva",
      "name": "Neva"
    },
    {
      "id": "nevinnomyssk",
      "name": "Nevinnomyssk"
    },
    {
      "id": "nevskiy",
      "name": "Nevskiy"
    },
    {
      "id": "neya",
      "name": "Neya"
    },
    {
      "id": "nikel",
      "name": "Nikel"
    },
    {
      "id": "nikolayevsk",
      "name": "Nikolayevsk"
    },
    {
      "id": "nikolayevsk-on-amur",
      "name": "Nikolayevsk-on-Amur"
    },
    {
      "id": "nikulin",
      "name": "Nikulin"
    },
    {
      "id": "nizhegorodskaya",
      "name": "Nizhegorodskaya"
    },
    {
      "id": "nizhnekamsk",
      "name": "Nizhnekamsk"
    },
    {
      "id": "nizhneudinsk",
      "name": "Nizhneudinsk"
    },
    {
      "id": "nizhnevartovsk",
      "name": "Nizhnevartovsk"
    },
    {
      "id": "nizhneyashkino",
      "name": "Nizhneyashkino"
    },
    {
      "id": "nizhniy-novgorod",
      "name": "Nizhniy Novgorod"
    },
    {
      "id": "nizhniy-odes",
      "name": "Nizhniy Odes"
    },
    {
      "id": "nizhniy-tagil",
      "name": "Nizhniy Tagil"
    },
    {
      "id": "noginsk",
      "name": "Noginsk"
    },
    {
      "id": "noginskaya",
      "name": "Noginskaya"
    },
    {
      "id": "nova",
      "name": "Nova"
    },
    {
      "id": "novator",
      "name": "Novator"
    },
    {
      "id": "novaya-igirma",
      "name": "Novaya Igirma"
    },
    {
      "id": "novaya-silava",
      "name": "Novaya Silava"
    },
    {
      "id": "novoaltaysk",
      "name": "Novoaltaysk"
    },
    {
      "id": "novobelokatay",
      "name": "Novobelokatay"
    },
    {
      "id": "novocheboksarsk",
      "name": "Novocheboksarsk"
    },
    {
      "id": "novocherkassk",
      "name": "Novocherkassk"
    },
    {
      "id": "novodmitriyevka",
      "name": "Novodmitriyevka"
    },
    {
      "id": "novodvinsk",
      "name": "Novodvinsk"
    },
    {
      "id": "novokorsunskaya",
      "name": "Novokorsunskaya"
    },
    {
      "id": "novokruchininskiy",
      "name": "Novokruchininskiy"
    },
    {
      "id": "novokuybyshevsk",
      "name": "Novokuybyshevsk"
    },
    {
      "id": "novokuznetsk",
      "name": "Novokuznetsk"
    },
    {
      "id": "novomichurinsk",
      "name": "Novomichurinsk"
    },
    {
      "id": "novomoskovsk",
      "name": "Novomoskovsk"
    },
    {
      "id": "novorossiysk",
      "name": "Novorossiysk"
    },
    {
      "id": "novoselovo",
      "name": "Novoselovo"
    },
    {
      "id": "novosemeykino",
      "name": "Novosemeykino"
    },
    {
      "id": "novoshakhtinsk",
      "name": "Novoshakhtinsk"
    },
    {
      "id": "novoshakhtinskiy",
      "name": "Novoshakhtinskiy"
    },
    {
      "id": "novosibirsk",
      "name": "Novosibirsk"
    },
    {
      "id": "novosokolovogorskiy",
      "name": "Novosokolovogorskiy"
    },
    {
      "id": "novotroitsk",
      "name": "Novotroitsk"
    },
    {
      "id": "novovarshavka",
      "name": "Novovarshavka"
    },
    {
      "id": "novovoronezh",
      "name": "Novovoronezh"
    },
    {
      "id": "novoye-devyatkino",
      "name": "Novoye Devyatkino"
    },
    {
      "id": "novozavedennoye",
      "name": "Novozavedennoye"
    },
    {
      "id": "novozolotovskaya",
      "name": "Novozolotovskaya"
    },
    {
      "id": "novozybkov",
      "name": "Novozybkov"
    },
    {
      "id": "novy-urengoy",
      "name": "Novy Urengoy"
    },
    {
      "id": "novyy",
      "name": "Novyy"
    },
    {
      "id": "noyabrsk",
      "name": "Noyabrsk"
    },
    {
      "id": "nyagan",
      "name": "Nyagan"
    },
    {
      "id": "nytva",
      "name": "Nytva"
    },
    {
      "id": "obninsk",
      "name": "Obninsk"
    },
    {
      "id": "obyedineniye",
      "name": "Obyedineniye"
    },
    {
      "id": "ocher",
      "name": "Ocher"
    },
    {
      "id": "odintsovo",
      "name": "Odintsovo"
    },
    {
      "id": "ogarev",
      "name": "Ogarev"
    },
    {
      "id": "okha",
      "name": "Okha"
    },
    {
      "id": "okhansk",
      "name": "Okhansk"
    },
    {
      "id": "okulovka",
      "name": "Okulovka"
    },
    {
      "id": "olenegorsk",
      "name": "Olenegorsk"
    },
    {
      "id": "olimpiyskiy",
      "name": "Olimpiyskiy"
    },
    {
      "id": "omchak",
      "name": "Omchak"
    },
    {
      "id": "omsk",
      "name": "Omsk"
    },
    {
      "id": "orekhovo-zuyevo",
      "name": "Orekhovo-Zuyevo"
    },
    {
      "id": "orenburg",
      "name": "Orenburg"
    },
    {
      "id": "orlovskiy",
      "name": "Orlovskiy"
    },
    {
      "id": "orshanka",
      "name": "Orshanka"
    },
    {
      "id": "orsk",
      "name": "Orsk"
    },
    {
      "id": "oshib",
      "name": "Oshib"
    },
    {
      "id": "osnova",
      "name": "Osnova"
    },
    {
      "id": "ostankino",
      "name": "Ostankino"
    },
    {
      "id": "ostrov",
      "name": "Ostrov"
    },
    {
      "id": "otradnoye",
      "name": "Otradnoye"
    },
    {
      "id": "otradnyy",
      "name": "Otradnyy"
    },
    {
      "id": "ovchinnikov",
      "name": "Ovchinnikov"
    },
    {
      "id": "panayevsk",
      "name": "Panayevsk"
    },
    {
      "id": "pangody",
      "name": "Pangody"
    },
    {
      "id": "parapino",
      "name": "Parapino"
    },
    {
      "id": "parfino",
      "name": "Parfino"
    },
    {
      "id": "pargolovo",
      "name": "Pargolovo"
    },
    {
      "id": "parkovyy",
      "name": "Parkovyy"
    },
    {
      "id": "partizansk",
      "name": "Partizansk"
    },
    {
      "id": "patrushi",
      "name": "Patrushi"
    },
    {
      "id": "pavlovo",
      "name": "Pavlovo"
    },
    {
      "id": "pavlovsk",
      "name": "Pavlovsk"
    },
    {
      "id": "pavlovskaya",
      "name": "Pavlovskaya"
    },
    {
      "id": "pavlovskaya-sloboda",
      "name": "Pavlovskaya Sloboda"
    },
    {
      "id": "pavlovskiy-posad",
      "name": "Pavlovskiy Posad"
    },
    {
      "id": "pechora",
      "name": "Pechora"
    },
    {
      "id": "pechory",
      "name": "Pechory"
    },
    {
      "id": "penza",
      "name": "Penza"
    },
    {
      "id": "perepravnaya",
      "name": "Perepravnaya"
    },
    {
      "id": "perm",
      "name": "Perm"
    },
    {
      "id": "perovka",
      "name": "Perovka"
    },
    {
      "id": "persianovka",
      "name": "Persianovka"
    },
    {
      "id": "pervo",
      "name": "Pervo"
    },
    {
      "id": "pervomayskaya",
      "name": "Pervomayskaya"
    },
    {
      "id": "pervouralsk",
      "name": "Pervouralsk"
    },
    {
      "id": "peschanka",
      "name": "Peschanka"
    },
    {
      "id": "pestovo",
      "name": "Pestovo"
    },
    {
      "id": "petergof",
      "name": "Petergof"
    },
    {
      "id": "petropavlovka",
      "name": "Petropavlovka"
    },
    {
      "id": "petropavlovsk-kamchatsky",
      "name": "Petropavlovsk-Kamchatsky"
    },
    {
      "id": "petrozavodsk",
      "name": "Petrozavodsk"
    },
    {
      "id": "pikalyovo",
      "name": "Pikalyovo"
    },
    {
      "id": "pioner",
      "name": "Pioner"
    },
    {
      "id": "piter",
      "name": "Piter"
    },
    {
      "id": "pitkyaranta",
      "name": "Pitkyaranta"
    },
    {
      "id": "pivovar",
      "name": "Pivovar"
    },
    {
      "id": "plavsk",
      "name": "Plavsk"
    },
    {
      "id": "pleloye",
      "name": "Pleloye"
    },
    {
      "id": "podgortsy",
      "name": "Podgortsy"
    },
    {
      "id": "podolsk",
      "name": "Podolsk"
    },
    {
      "id": "podstepki",
      "name": "Podstepki"
    },
    {
      "id": "pokrov",
      "name": "Pokrov"
    },
    {
      "id": "polevskoy",
      "name": "Polevskoy"
    },
    {
      "id": "polyarnyy",
      "name": "Polyarnyy"
    },
    {
      "id": "poronaysk",
      "name": "Poronaysk"
    },
    {
      "id": "posad",
      "name": "Posad"
    },
    {
      "id": "poselok",
      "name": "Poselok"
    },
    {
      "id": "postnikova",
      "name": "Postnikova"
    },
    {
      "id": "potok",
      "name": "Potok"
    },
    {
      "id": "povarovo",
      "name": "Povarovo"
    },
    {
      "id": "povedniki",
      "name": "Povedniki"
    },
    {
      "id": "poztykeres",
      "name": "Poztykeres"
    },
    {
      "id": "pregradnaya",
      "name": "Pregradnaya"
    },
    {
      "id": "priozersk",
      "name": "Priozersk"
    },
    {
      "id": "prirechensk",
      "name": "Prirechensk"
    },
    {
      "id": "progress",
      "name": "Progress"
    },
    {
      "id": "prokhladnyy",
      "name": "Prokhladnyy"
    },
    {
      "id": "protvino",
      "name": "Protvino"
    },
    {
      "id": "pryazha",
      "name": "Pryazha"
    },
    {
      "id": "pskov",
      "name": "Pskov"
    },
    {
      "id": "pskovskoye",
      "name": "Pskovskoye"
    },
    {
      "id": "pugachev",
      "name": "Pugachev"
    },
    {
      "id": "pulkovo",
      "name": "Pulkovo"
    },
    {
      "id": "purovsk",
      "name": "Purovsk"
    },
    {
      "id": "pushchino",
      "name": "Pushchino"
    },
    {
      "id": "pushkin",
      "name": "Pushkin"
    },
    {
      "id": "pushkina",
      "name": "Pushkina"
    },
    {
      "id": "pushkino",
      "name": "Pushkino"
    },
    {
      "id": "putilkovo",
      "name": "Putilkovo"
    },
    {
      "id": "pyatigorsk",
      "name": "Pyatigorsk"
    },
    {
      "id": "pychas",
      "name": "Pychas"
    },
    {
      "id": "pyshma",
      "name": "Pyshma"
    },
    {
      "id": "radist",
      "name": "Radist"
    },
    {
      "id": "raduga",
      "name": "Raduga"
    },
    {
      "id": "rakita",
      "name": "Rakita"
    },
    {
      "id": "ramenskoye",
      "name": "Ramenskoye"
    },
    {
      "id": "rassvet",
      "name": "Rassvet"
    },
    {
      "id": "ratmirovo",
      "name": "Ratmirovo"
    },
    {
      "id": "raychikhinsk",
      "name": "Raychikhinsk"
    },
    {
      "id": "redkino",
      "name": "Redkino"
    },
    {
      "id": "reftinskiy",
      "name": "Reftinskiy"
    },
    {
      "id": "reutov",
      "name": "Reutov"
    },
    {
      "id": "revda",
      "name": "Revda"
    },
    {
      "id": "rezh",
      "name": "Rezh"
    },
    {
      "id": "rikasikha",
      "name": "Rikasikha"
    },
    {
      "id": "rodionovka",
      "name": "Rodionovka"
    },
    {
      "id": "rodionovo-nesvetayskaya",
      "name": "Rodionovo-Nesvetayskaya"
    },
    {
      "id": "rodniki",
      "name": "Rodniki"
    },
    {
      "id": "romanovka",
      "name": "Romanovka"
    },
    {
      "id": "rosa",
      "name": "Rosa"
    },
    {
      "id": "roshchino",
      "name": "Roshchino"
    },
    {
      "id": "rossiyskiy",
      "name": "Rossiyskiy"
    },
    {
      "id": "rostov",
      "name": "Rostov"
    },
    {
      "id": "rostov-on-don",
      "name": "Rostov-on-Don"
    },
    {
      "id": "rostovskaya",
      "name": "Rostovskaya"
    },
    {
      "id": "rovnoye",
      "name": "Rovnoye"
    },
    {
      "id": "rozhdestvenka",
      "name": "Rozhdestvenka"
    },
    {
      "id": "rubin",
      "name": "Rubin"
    },
    {
      "id": "rubtsovsk",
      "name": "Rubtsovsk"
    },
    {
      "id": "russa",
      "name": "Russa"
    },
    {
      "id": "ruza",
      "name": "Ruza"
    },
    {
      "id": "ruzayevka",
      "name": "Ruzayevka"
    },
    {
      "id": "ryasnoye",
      "name": "Ryasnoye"
    },
    {
      "id": "ryazan",
      "name": "Ryazan"
    },
    {
      "id": "rybinsk",
      "name": "Rybinsk"
    },
    {
      "id": "rybnoye",
      "name": "Rybnoye"
    },
    {
      "id": "rzhev",
      "name": "Rzhev"
    },
    {
      "id": "safonovo",
      "name": "Safonovo"
    },
    {
      "id": "saint-petersburg",
      "name": "Saint Petersburg"
    },
    {
      "id": "salavat",
      "name": "Salavat"
    },
    {
      "id": "salekhard",
      "name": "Salekhard"
    },
    {
      "id": "salym",
      "name": "Salym"
    },
    {
      "id": "samara",
      "name": "Samara"
    },
    {
      "id": "samsonovka",
      "name": "Samsonovka"
    },
    {
      "id": "saransk",
      "name": "Saransk"
    },
    {
      "id": "sarapul",
      "name": "Sarapul"
    },
    {
      "id": "saratov",
      "name": "Saratov"
    },
    {
      "id": "sarov",
      "name": "Sarov"
    },
    {
      "id": "sartykov",
      "name": "Sartykov"
    },
    {
      "id": "sary",
      "name": "Sary"
    },
    {
      "id": "satis",
      "name": "Satis"
    },
    {
      "id": "satka",
      "name": "Satka"
    },
    {
      "id": "sayanogorsk",
      "name": "Sayanogorsk"
    },
    {
      "id": "sayansk",
      "name": "Sayansk"
    },
    {
      "id": "sebezh",
      "name": "Sebezh"
    },
    {
      "id": "segezha",
      "name": "Segezha"
    },
    {
      "id": "selo",
      "name": "Selo"
    },
    {
      "id": "selyatino",
      "name": "Selyatino"
    },
    {
      "id": "semibratovo",
      "name": "Semibratovo"
    },
    {
      "id": "semyonov",
      "name": "Semyonov"
    },
    {
      "id": "serafimovskiy",
      "name": "Serafimovskiy"
    },
    {
      "id": "serdobsk",
      "name": "Serdobsk"
    },
    {
      "id": "sergeyevka",
      "name": "Sergeyevka"
    },
    {
      "id": "sergiyev-posad",
      "name": "Sergiyev Posad"
    },
    {
      "id": "sergiyevskoye",
      "name": "Sergiyevskoye"
    },
    {
      "id": "serov",
      "name": "Serov"
    },
    {
      "id": "serpukhov",
      "name": "Serpukhov"
    },
    {
      "id": "sertolovo",
      "name": "Sertolovo"
    },
    {
      "id": "seryshevo",
      "name": "Seryshevo"
    },
    {
      "id": "sestroretsk",
      "name": "Sestroretsk"
    },
    {
      "id": "severo",
      "name": "Severo"
    },
    {
      "id": "severo-zapad",
      "name": "Severo-Zapad"
    },
    {
      "id": "severodvinsk",
      "name": "Severodvinsk"
    },
    {
      "id": "severomorsk",
      "name": "Severomorsk"
    },
    {
      "id": "seversk",
      "name": "Seversk"
    },
    {
      "id": "severskaya",
      "name": "Severskaya"
    },
    {
      "id": "sevsk",
      "name": "Sevsk"
    },
    {
      "id": "shadrinsk",
      "name": "Shadrinsk"
    },
    {
      "id": "shakhty",
      "name": "Shakhty"
    },
    {
      "id": "shalinskoye",
      "name": "Shalinskoye"
    },
    {
      "id": "shalushka",
      "name": "Shalushka"
    },
    {
      "id": "sharapova-okhota",
      "name": "Sharapova Okhota"
    },
    {
      "id": "sharnutovskiy",
      "name": "Sharnutovskiy"
    },
    {
      "id": "shatura",
      "name": "Shatura"
    },
    {
      "id": "shaturtorf",
      "name": "Shaturtorf"
    },
    {
      "id": "shchekino",
      "name": "Shchekino"
    },
    {
      "id": "shchelkovo",
      "name": "Shchelkovo"
    },
    {
      "id": "shebalino",
      "name": "Shebalino"
    },
    {
      "id": "shebekino",
      "name": "Shebekino"
    },
    {
      "id": "sheksna",
      "name": "Sheksna"
    },
    {
      "id": "shelekhov",
      "name": "Shelekhov"
    },
    {
      "id": "sheregesh",
      "name": "Sheregesh"
    },
    {
      "id": "shoshma",
      "name": "Shoshma"
    },
    {
      "id": "shumerlya",
      "name": "Shumerlya"
    },
    {
      "id": "sibay",
      "name": "Sibay"
    },
    {
      "id": "sistema",
      "name": "Sistema"
    },
    {
      "id": "skala",
      "name": "Skala"
    },
    {
      "id": "skat",
      "name": "Skat"
    },
    {
      "id": "skovorodino",
      "name": "Skovorodino"
    },
    {
      "id": "slantsy",
      "name": "Slantsy"
    },
    {
      "id": "slavgorod",
      "name": "Slavgorod"
    },
    {
      "id": "slavyanka",
      "name": "Slavyanka"
    },
    {
      "id": "slavyansk-na-kubani",
      "name": "Slavyansk-na-Kubani"
    },
    {
      "id": "sloboda",
      "name": "Sloboda"
    },
    {
      "id": "slyudyanka",
      "name": "Slyudyanka"
    },
    {
      "id": "smolensk",
      "name": "Smolensk"
    },
    {
      "id": "smolenskaya",
      "name": "Smolenskaya"
    },
    {
      "id": "snegiri",
      "name": "Snegiri"
    },
    {
      "id": "snezhinsk",
      "name": "Snezhinsk"
    },
    {
      "id": "snezhinskiy",
      "name": "Snezhinskiy"
    },
    {
      "id": "snezhnogorsk",
      "name": "Snezhnogorsk"
    },
    {
      "id": "sobinka",
      "name": "Sobinka"
    },
    {
      "id": "sochi",
      "name": "Sochi"
    },
    {
      "id": "sodyshka",
      "name": "Sodyshka"
    },
    {
      "id": "sofrino",
      "name": "Sofrino"
    },
    {
      "id": "sokol",
      "name": "Sokol"
    },
    {
      "id": "sokolovo",
      "name": "Sokolovo"
    },
    {
      "id": "soldatskoye",
      "name": "Soldatskoye"
    },
    {
      "id": "solikamsk",
      "name": "Solikamsk"
    },
    {
      "id": "solnechnogorsk",
      "name": "Solnechnogorsk"
    },
    {
      "id": "sorochinsk",
      "name": "Sorochinsk"
    },
    {
      "id": "sortavala",
      "name": "Sortavala"
    },
    {
      "id": "sosnogorsk",
      "name": "Sosnogorsk"
    },
    {
      "id": "sosnovo",
      "name": "Sosnovo"
    },
    {
      "id": "sosnovoborsk",
      "name": "Sosnovoborsk"
    },
    {
      "id": "sosnovyy-bor",
      "name": "Sosnovyy Bor"
    },
    {
      "id": "sosny",
      "name": "Sosny"
    },
    {
      "id": "sovetsk",
      "name": "Sovetsk"
    },
    {
      "id": "sovetskiy",
      "name": "Sovetskiy"
    },
    {
      "id": "spas-demensk",
      "name": "Spas-Demensk"
    },
    {
      "id": "spassk",
      "name": "Spassk"
    },
    {
      "id": "sputnik",
      "name": "Sputnik"
    },
    {
      "id": "sredneuralsk",
      "name": "Sredneuralsk"
    },
    {
      "id": "srostki",
      "name": "Srostki"
    },
    {
      "id": "staraya-kupavna",
      "name": "Staraya Kupavna"
    },
    {
      "id": "staraya-russa",
      "name": "Staraya Russa"
    },
    {
      "id": "starobachaty",
      "name": "Starobachaty"
    },
    {
      "id": "starodub",
      "name": "Starodub"
    },
    {
      "id": "staronizhestebliyevskaya",
      "name": "Staronizhestebliyevskaya"
    },
    {
      "id": "staropesterevo",
      "name": "Staropesterevo"
    },
    {
      "id": "starovelichkovskaya",
      "name": "Starovelichkovskaya"
    },
    {
      "id": "start",
      "name": "Start"
    },
    {
      "id": "stary-oskol",
      "name": "Stary Oskol"
    },
    {
      "id": "stavropol",
      "name": "Stavropol"
    },
    {
      "id": "sterlitamak",
      "name": "Sterlitamak"
    },
    {
      "id": "strezhevoy",
      "name": "Strezhevoy"
    },
    {
      "id": "stroiteley",
      "name": "Stroiteley"
    },
    {
      "id": "studenets",
      "name": "Studenets"
    },
    {
      "id": "stupino",
      "name": "Stupino"
    },
    {
      "id": "sukhanovo",
      "name": "Sukhanovo"
    },
    {
      "id": "surgut",
      "name": "Surgut"
    },
    {
      "id": "surkhakhi",
      "name": "Surkhakhi"
    },
    {
      "id": "sursk",
      "name": "Sursk"
    },
    {
      "id": "sverdlova",
      "name": "Sverdlova"
    },
    {
      "id": "sverdlovskaya",
      "name": "Sverdlovskaya"
    },
    {
      "id": "sverdlovskiy",
      "name": "Sverdlovskiy"
    },
    {
      "id": "svetlaya",
      "name": "Svetlaya"
    },
    {
      "id": "svetlogorsk",
      "name": "Svetlogorsk"
    },
    {
      "id": "svetlograd",
      "name": "Svetlograd"
    },
    {
      "id": "svetlyy",
      "name": "Svetlyy"
    },
    {
      "id": "svetogorsk",
      "name": "Svetogorsk"
    },
    {
      "id": "sviblovo",
      "name": "Sviblovo"
    },
    {
      "id": "svirsk",
      "name": "Svirsk"
    },
    {
      "id": "svobodnaya",
      "name": "Svobodnaya"
    },
    {
      "id": "svobodnyy",
      "name": "Svobodnyy"
    },
    {
      "id": "syamzha",
      "name": "Syamzha"
    },
    {
      "id": "syktyvkar",
      "name": "Syktyvkar"
    },
    {
      "id": "taganrog",
      "name": "Taganrog"
    },
    {
      "id": "tagil",
      "name": "Tagil"
    },
    {
      "id": "taksimo",
      "name": "Taksimo"
    },
    {
      "id": "taldom",
      "name": "Taldom"
    },
    {
      "id": "tambov",
      "name": "Tambov"
    },
    {
      "id": "tapkhar",
      "name": "Tapkhar"
    },
    {
      "id": "tarko-sale",
      "name": "Tarko-Sale"
    },
    {
      "id": "tarusa",
      "name": "Tarusa"
    },
    {
      "id": "tatlybayevo",
      "name": "Tatlybayevo"
    },
    {
      "id": "taushkasy",
      "name": "Taushkasy"
    },
    {
      "id": "tayga",
      "name": "Tayga"
    },
    {
      "id": "tayshet",
      "name": "Tayshet"
    },
    {
      "id": "tazovskiy",
      "name": "Tazovskiy"
    },
    {
      "id": "techa",
      "name": "Techa"
    },
    {
      "id": "temryuk",
      "name": "Temryuk"
    },
    {
      "id": "teykovo",
      "name": "Teykovo"
    },
    {
      "id": "tikhoretsk",
      "name": "Tikhoretsk"
    },
    {
      "id": "tikhvin",
      "name": "Tikhvin"
    },
    {
      "id": "tim",
      "name": "Tim"
    },
    {
      "id": "timiryazev",
      "name": "Timiryazev"
    },
    {
      "id": "tochka",
      "name": "Tochka"
    },
    {
      "id": "tolstoy",
      "name": "Tolstoy"
    },
    {
      "id": "tolyatti",
      "name": "Tolyatti"
    },
    {
      "id": "tomilino",
      "name": "Tomilino"
    },
    {
      "id": "tomsk",
      "name": "Tomsk"
    },
    {
      "id": "topki",
      "name": "Topki"
    },
    {
      "id": "torzhok",
      "name": "Torzhok"
    },
    {
      "id": "tosno",
      "name": "Tosno"
    },
    {
      "id": "trekhgornyy",
      "name": "Trekhgornyy"
    },
    {
      "id": "troitsk",
      "name": "Troitsk"
    },
    {
      "id": "troitsko-pechorsk",
      "name": "Troitsko-Pechorsk"
    },
    {
      "id": "trubchevsk",
      "name": "Trubchevsk"
    },
    {
      "id": "tsna",
      "name": "Tsna"
    },
    {
      "id": "tsudakhar",
      "name": "Tsudakhar"
    },
    {
      "id": "tuapse",
      "name": "Tuapse"
    },
    {
      "id": "tuchkovo",
      "name": "Tuchkovo"
    },
    {
      "id": "tula",
      "name": "Tula"
    },
    {
      "id": "tulun",
      "name": "Tulun"
    },
    {
      "id": "turinsk",
      "name": "Turinsk"
    },
    {
      "id": "tuymazy",
      "name": "Tuymazy"
    },
    {
      "id": "tver",
      "name": "Tver"
    },
    {
      "id": "tynda",
      "name": "Tynda"
    },
    {
      "id": "tyrma",
      "name": "Tyrma"
    },
    {
      "id": "tyrnyauz",
      "name": "Tyrnyauz"
    },
    {
      "id": "tyumen",
      "name": "Tyumen"
    },
    {
      "id": "uchaly",
      "name": "Uchaly"
    },
    {
      "id": "udomlya",
      "name": "Udomlya"
    },
    {
      "id": "ufa",
      "name": "Ufa"
    },
    {
      "id": "uglegorsk",
      "name": "Uglegorsk"
    },
    {
      "id": "uglich",
      "name": "Uglich"
    },
    {
      "id": "ugra",
      "name": "Ugra"
    },
    {
      "id": "ugresha",
      "name": "Ugresha"
    },
    {
      "id": "ukhta",
      "name": "Ukhta"
    },
    {
      "id": "uktuz",
      "name": "Uktuz"
    },
    {
      "id": "ulan-ude",
      "name": "Ulan-Ude"
    },
    {
      "id": "ulyanovsk",
      "name": "Ulyanovsk"
    },
    {
      "id": "unecha",
      "name": "Unecha"
    },
    {
      "id": "ural",
      "name": "Ural"
    },
    {
      "id": "uray",
      "name": "Uray"
    },
    {
      "id": "urengoy",
      "name": "Urengoy"
    },
    {
      "id": "urgal",
      "name": "Urgal"
    },
    {
      "id": "urus-martan",
      "name": "Urus-Martan"
    },
    {
      "id": "uryupinsk",
      "name": "Uryupinsk"
    },
    {
      "id": "urzhum",
      "name": "Urzhum"
    },
    {
      "id": "usinsk",
      "name": "Usinsk"
    },
    {
      "id": "usinskoye",
      "name": "Usinskoye"
    },
    {
      "id": "uspenskoye",
      "name": "Uspenskoye"
    },
    {
      "id": "ussuriysk",
      "name": "Ussuriysk"
    },
    {
      "id": "uvarovo",
      "name": "Uvarovo"
    },
    {
      "id": "uyar",
      "name": "Uyar"
    },
    {
      "id": "uzlovaya",
      "name": "Uzlovaya"
    },
    {
      "id": "vagay",
      "name": "Vagay"
    },
    {
      "id": "valday",
      "name": "Valday"
    },
    {
      "id": "valentin",
      "name": "Valentin"
    },
    {
      "id": "vanino",
      "name": "Vanino"
    },
    {
      "id": "varvarovka",
      "name": "Varvarovka"
    },
    {
      "id": "vega",
      "name": "Vega"
    },
    {
      "id": "velikiy-ustyug",
      "name": "Velikiy Ustyug"
    },
    {
      "id": "velikiye-luki",
      "name": "Velikiye Luki"
    },
    {
      "id": "veliky-novgorod",
      "name": "Veliky Novgorod"
    },
    {
      "id": "verkhnekazymskiy",
      "name": "Verkhnekazymskiy"
    },
    {
      "id": "verkhniy-ufaley",
      "name": "Verkhniy Ufaley"
    },
    {
      "id": "verkhnyaya-pyshma",
      "name": "Verkhnyaya Pyshma"
    },
    {
      "id": "verkhnyaya-salda",
      "name": "Verkhnyaya Salda"
    },
    {
      "id": "veshki",
      "name": "Veshki"
    },
    {
      "id": "vichuga",
      "name": "Vichuga"
    },
    {
      "id": "vidnoye",
      "name": "Vidnoye"
    },
    {
      "id": "vikhorevka",
      "name": "Vikhorevka"
    },
    {
      "id": "vinsady",
      "name": "Vinsady"
    },
    {
      "id": "vitebskaya",
      "name": "Vitebskaya"
    },
    {
      "id": "vladikavkaz",
      "name": "Vladikavkaz"
    },
    {
      "id": "vladimir",
      "name": "Vladimir"
    },
    {
      "id": "vladivostok",
      "name": "Vladivostok"
    },
    {
      "id": "vladykino",
      "name": "Vladykino"
    },
    {
      "id": "vnukovo",
      "name": "Vnukovo"
    },
    {
      "id": "volga",
      "name": "Volga"
    },
    {
      "id": "volgodonsk",
      "name": "Volgodonsk"
    },
    {
      "id": "volgograd",
      "name": "Volgograd"
    },
    {
      "id": "volgorechensk",
      "name": "Volgorechensk"
    },
    {
      "id": "volkhonshchino",
      "name": "Volkhonshchino"
    },
    {
      "id": "volkhov",
      "name": "Volkhov"
    },
    {
      "id": "volna",
      "name": "Volna"
    },
    {
      "id": "volochek",
      "name": "Volochek"
    },
    {
      "id": "volodarskiy",
      "name": "Volodarskiy"
    },
    {
      "id": "vologda",
      "name": "Vologda"
    },
    {
      "id": "volovo",
      "name": "Volovo"
    },
    {
      "id": "volzhsk",
      "name": "Volzhsk"
    },
    {
      "id": "volzhskiy",
      "name": "Volzhskiy"
    },
    {
      "id": "vorkuta",
      "name": "Vorkuta"
    },
    {
      "id": "voronezh",
      "name": "Voronezh"
    },
    {
      "id": "voronezhskiy",
      "name": "Voronezhskiy"
    },
    {
      "id": "vorovskogo",
      "name": "Vorovskogo"
    },
    {
      "id": "voskresensk",
      "name": "Voskresensk"
    },
    {
      "id": "voskresenskoye",
      "name": "Voskresenskoye"
    },
    {
      "id": "vostochnaya",
      "name": "Vostochnaya"
    },
    {
      "id": "vostochnyy",
      "name": "Vostochnyy"
    },
    {
      "id": "votkinsk",
      "name": "Votkinsk"
    },
    {
      "id": "vsevolozhsk",
      "name": "Vsevolozhsk"
    },
    {
      "id": "vurnary",
      "name": "Vurnary"
    },
    {
      "id": "vyatka",
      "name": "Vyatka"
    },
    {
      "id": "vyatskiye-polyany",
      "name": "Vyatskiye Polyany"
    },
    {
      "id": "vyazemskiy",
      "name": "Vyazemskiy"
    },
    {
      "id": "vyazniki",
      "name": "Vyazniki"
    },
    {
      "id": "vyborg",
      "name": "Vyborg"
    },
    {
      "id": "vyksa",
      "name": "Vyksa"
    },
    {
      "id": "vysokogornyy",
      "name": "Vysokogornyy"
    },
    {
      "id": "vysokovsk",
      "name": "Vysokovsk"
    },
    {
      "id": "vytegra",
      "name": "Vytegra"
    },
    {
      "id": "yakhroma",
      "name": "Yakhroma"
    },
    {
      "id": "yakovlevo",
      "name": "Yakovlevo"
    },
    {
      "id": "yakutsk",
      "name": "Yakutsk"
    },
    {
      "id": "yalta",
      "name": "Yalta"
    },
    {
      "id": "yalutorovsk",
      "name": "Yalutorovsk"
    },
    {
      "id": "yanaul",
      "name": "Yanaul"
    },
    {
      "id": "yaratovo",
      "name": "Yaratovo"
    },
    {
      "id": "yaroslavl",
      "name": "Yaroslavl"
    },
    {
      "id": "yashkino",
      "name": "Yashkino"
    },
    {
      "id": "yaya",
      "name": "Yaya"
    },
    {
      "id": "yekaterinburg",
      "name": "Yekaterinburg"
    },
    {
      "id": "yekaterinoslavka",
      "name": "Yekaterinoslavka"
    },
    {
      "id": "yekaterinovka",
      "name": "Yekaterinovka"
    },
    {
      "id": "yelabuga",
      "name": "Yelabuga"
    },
    {
      "id": "yelanskiy",
      "name": "Yelanskiy"
    },
    {
      "id": "yelets",
      "name": "Yelets"
    },
    {
      "id": "yelizovo",
      "name": "Yelizovo"
    },
    {
      "id": "yermolkino",
      "name": "Yermolkino"
    },
    {
      "id": "yessentuki",
      "name": "Yessentuki"
    },
    {
      "id": "yeysk",
      "name": "Yeysk"
    },
    {
      "id": "yoshkar-ola",
      "name": "Yoshkar-Ola"
    },
    {
      "id": "yugorsk",
      "name": "Yugorsk"
    },
    {
      "id": "yugra",
      "name": "Yugra"
    },
    {
      "id": "yurga",
      "name": "Yurga"
    },
    {
      "id": "yuzhno-sakhalinsk",
      "name": "Yuzhno-Sakhalinsk"
    },
    {
      "id": "zainsk",
      "name": "Zainsk"
    },
    {
      "id": "zaokskiy",
      "name": "Zaokskiy"
    },
    {
      "id": "zaozersk",
      "name": "Zaozersk"
    },
    {
      "id": "zaprudnya",
      "name": "Zaprudnya"
    },
    {
      "id": "zaraysk",
      "name": "Zaraysk"
    },
    {
      "id": "zarechenskiy",
      "name": "Zarechenskiy"
    },
    {
      "id": "zarechnyy",
      "name": "Zarechnyy"
    },
    {
      "id": "zarinsk",
      "name": "Zarinsk"
    },
    {
      "id": "zavodoukovsk",
      "name": "Zavodoukovsk"
    },
    {
      "id": "zavodouspenskoye",
      "name": "Zavodouspenskoye"
    },
    {
      "id": "zelenodolsk",
      "name": "Zelenodolsk"
    },
    {
      "id": "zelenogorsk",
      "name": "Zelenogorsk"
    },
    {
      "id": "zelenograd",
      "name": "Zelenograd"
    },
    {
      "id": "zelenogradsk",
      "name": "Zelenogradsk"
    },
    {
      "id": "zernograd",
      "name": "Zernograd"
    },
    {
      "id": "zeya",
      "name": "Zeya"
    },
    {
      "id": "zheleznodorozhnyy",
      "name": "Zheleznodorozhnyy"
    },
    {
      "id": "zheleznogorsk",
      "name": "Zheleznogorsk"
    },
    {
      "id": "zheleznogorsk-ilimskiy",
      "name": "Zheleznogorsk-Ilimskiy"
    },
    {
      "id": "zheleznovodsk",
      "name": "Zheleznovodsk"
    },
    {
      "id": "zhigulevsk",
      "name": "Zhigulevsk"
    },
    {
      "id": "zhirnovsk",
      "name": "Zhirnovsk"
    },
    {
      "id": "zhukovskiy",
      "name": "Zhukovskiy"
    },
    {
      "id": "zhukovskogo",
      "name": "Zhukovskogo"
    },
    {
      "id": "zhuravna",
      "name": "Zhuravna"
    },
    {
      "id": "zima",
      "name": "Zima"
    },
    {
      "id": "zlatoust",
      "name": "Zlatoust"
    },
    {
      "id": "zolotarevka",
      "name": "Zolotarevka"
    },
    {
      "id": "zori",
      "name": "Zori"
    },
    {
      "id": "zubovo",
      "name": "Zubovo"
    },
    {
      "id": "zvenigorod",
      "name": "Zvenigorod"
    },
    {
      "id": "zvenigovo",
      "name": "Zvenigovo"
    },
    {
      "id": "zvezda",
      "name": "Zvezda"
    }
  ]
}