{
  "coid": "SG",
  "cities": [
    {
      "id": "ang-mo-kio-new-town",
      "name": "Ang Mo Kio New Town"
    },
    {
      "id": "ayer-raja-new-town",
      "name": "Ayer Raja New Town"
    },
    {
      "id": "bedok-new-town",
      "name": "Bedok New Town"
    },
    {
      "id": "boon-lay",
      "name": "Boon Lay"
    },
    {
      "id": "bukit-batok-new-town",
      "name": "Bukit Batok New Town"
    },
    {
      "id": "bukit-panjang-new-town",
      "name": "Bukit Panjang New Town"
    },
    {
      "id": "bukit-timah",
      "name": "Bukit Timah"
    },
    {
      "id": "bukit-timah-estate",
      "name": "Bukit Timah Estate"
    },
    {
      "id": "changi-village",
      "name": "Changi Village"
    },
    {
      "id": "choa-chu-kang-new-town",
      "name": "Choa Chu Kang New Town"
    },
    {
      "id": "clementi-new-town",
      "name": "Clementi New Town"
    },
    {
      "id": "holland-village",
      "name": "Holland Village"
    },
    {
      "id": "hougang",
      "name": "Hougang"
    },
    {
      "id": "jurong-east-new-town",
      "name": "Jurong East New Town"
    },
    {
      "id": "jurong-town",
      "name": "Jurong Town"
    },
    {
      "id": "jurong-west-new-town",
      "name": "Jurong West New Town"
    },
    {
      "id": "kalang",
      "name": "Kalang"
    },
    {
      "id": "kampong-pasir-ris",
      "name": "Kampong Pasir Ris"
    },
    {
      "id": "kembangan",
      "name": "Kembangan"
    },
    {
      "id": "pandan-valley",
      "name": "Pandan Valley"
    },
    {
      "id": "pasir-panjang",
      "name": "Pasir Panjang"
    },
    {
      "id": "punggol",
      "name": "Punggol"
    },
    {
      "id": "queenstown-estate",
      "name": "Queenstown Estate"
    },
    {
      "id": "serangoon",
      "name": "Serangoon"
    },
    {
      "id": "simei-new-town",
      "name": "Simei New Town"
    },
    {
      "id": "singapore",
      "name": "Singapore"
    },
    {
      "id": "tai-seng",
      "name": "Tai Seng"
    },
    {
      "id": "tampines-new-town",
      "name": "Tampines New Town"
    },
    {
      "id": "tanglin-halt",
      "name": "Tanglin Halt"
    },
    {
      "id": "tanjong-pagar",
      "name": "Tanjong Pagar"
    },
    {
      "id": "toa-payoh-new-town",
      "name": "Toa Payoh New Town"
    },
    {
      "id": "woodlands-new-town",
      "name": "Woodlands New Town"
    },
    {
      "id": "yew-tee",
      "name": "Yew Tee"
    },
    {
      "id": "yishun-new-town",
      "name": "Yishun New Town"
    }
  ]
}