{
  "coid": "SI",
  "cities": [
    {
      "id": "ankaran",
      "name": "Ankaran"
    },
    {
      "id": "begunje-na-gorenjskem",
      "name": "Begunje na Gorenjskem"
    },
    {
      "id": "beltinci",
      "name": "Beltinci"
    },
    {
      "id": "besnica",
      "name": "Besnica"
    },
    {
      "id": "bevke",
      "name": "Bevke"
    },
    {
      "id": "bistrica-pri-rusah",
      "name": "Bistrica pri Rusah"
    },
    {
      "id": "bled",
      "name": "Bled"
    },
    {
      "id": "bohinjska-bela",
      "name": "Bohinjska Bela"
    },
    {
      "id": "borovnica",
      "name": "Borovnica"
    },
    {
      "id": "breginj",
      "name": "Breginj"
    },
    {
      "id": "brestanica",
      "name": "Brestanica"
    },
    {
      "id": "breznica",
      "name": "Breznica"
    },
    {
      "id": "cemsenik",
      "name": "Cemsenik"
    },
    {
      "id": "cerklje-ob-krki",
      "name": "Cerklje ob Krki"
    },
    {
      "id": "cerknica",
      "name": "Cerknica"
    },
    {
      "id": "cersak",
      "name": "Cersak"
    },
    {
      "id": "cirkovce",
      "name": "Cirkovce"
    },
    {
      "id": "crensovci",
      "name": "Crensovci"
    },
    {
      "id": "dekani",
      "name": "Dekani"
    },
    {
      "id": "dob",
      "name": "Dob"
    },
    {
      "id": "dobravlje",
      "name": "Dobravlje"
    },
    {
      "id": "dobrova",
      "name": "Dobrova"
    },
    {
      "id": "dobrunje",
      "name": "Dobrunje"
    },
    {
      "id": "dol-pri-ljubljani",
      "name": "Dol pri Ljubljani"
    },
    {
      "id": "dolenjske-toplice",
      "name": "Dolenjske Toplice"
    },
    {
      "id": "dornava",
      "name": "Dornava"
    },
    {
      "id": "dravograd",
      "name": "Dravograd"
    },
    {
      "id": "globoko",
      "name": "Globoko"
    },
    {
      "id": "gmajnica",
      "name": "Gmajnica"
    },
    {
      "id": "gorenja-vas",
      "name": "Gorenja Vas"
    },
    {
      "id": "gorisnica",
      "name": "Gorisnica"
    },
    {
      "id": "gornja-radgona",
      "name": "Gornja Radgona"
    },
    {
      "id": "grize",
      "name": "Grize"
    },
    {
      "id": "grosuplje",
      "name": "Grosuplje"
    },
    {
      "id": "horjul",
      "name": "Horjul"
    },
    {
      "id": "hotedrsica",
      "name": "Hotedrsica"
    },
    {
      "id": "hrastnik",
      "name": "Hrastnik"
    },
    {
      "id": "hrusica",
      "name": "Hrusica"
    },
    {
      "id": "idrija",
      "name": "Idrija"
    },
    {
      "id": "ig",
      "name": "Ig"
    },
    {
      "id": "ilirska-bistrica",
      "name": "Ilirska Bistrica"
    },
    {
      "id": "izola",
      "name": "Izola"
    },
    {
      "id": "jesenice",
      "name": "Jesenice"
    },
    {
      "id": "kamnik",
      "name": "Kamnik"
    },
    {
      "id": "kidricevo",
      "name": "Kidricevo"
    },
    {
      "id": "knezak",
      "name": "Knezak"
    },
    {
      "id": "kobarid",
      "name": "Kobarid"
    },
    {
      "id": "kojsko",
      "name": "Kojsko"
    },
    {
      "id": "komenda",
      "name": "Komenda"
    },
    {
      "id": "koper",
      "name": "Koper"
    },
    {
      "id": "krajna",
      "name": "Krajna"
    },
    {
      "id": "kranj",
      "name": "Kranj"
    },
    {
      "id": "kranjska-gora",
      "name": "Kranjska Gora"
    },
    {
      "id": "lenart-v-slov-goricah",
      "name": "Lenart v Slov. Goricah"
    },
    {
      "id": "lendava",
      "name": "Lendava"
    },
    {
      "id": "lesce",
      "name": "Lesce"
    },
    {
      "id": "limbus",
      "name": "Limbus"
    },
    {
      "id": "litija",
      "name": "Litija"
    },
    {
      "id": "ljubecna",
      "name": "Ljubecna"
    },
    {
      "id": "ljubljana",
      "name": "Ljubljana"
    },
    {
      "id": "log-pri-brezovici",
      "name": "Log pri Brezovici"
    },
    {
      "id": "logatec",
      "name": "Logatec"
    },
    {
      "id": "lokev",
      "name": "Lokev"
    },
    {
      "id": "lovrenc-na-dravskem-polju",
      "name": "Lovrenc na Dravskem Polju"
    },
    {
      "id": "lovrenc-na-pohorju",
      "name": "Lovrenc na Pohorju"
    },
    {
      "id": "maribor",
      "name": "Maribor"
    },
    {
      "id": "markovci",
      "name": "Markovci"
    },
    {
      "id": "medvode",
      "name": "Medvode"
    },
    {
      "id": "menges",
      "name": "Menges"
    },
    {
      "id": "mezica",
      "name": "Mezica"
    },
    {
      "id": "miklavz-na-dravskem-polju",
      "name": "Miklavz na Dravskem Polju"
    },
    {
      "id": "miren",
      "name": "Miren"
    },
    {
      "id": "mirna",
      "name": "Mirna"
    },
    {
      "id": "mojstrana",
      "name": "Mojstrana"
    },
    {
      "id": "moravce",
      "name": "Moravce"
    },
    {
      "id": "mozirje",
      "name": "Mozirje"
    },
    {
      "id": "murska-sobota",
      "name": "Murska Sobota"
    },
    {
      "id": "naklo",
      "name": "Naklo"
    },
    {
      "id": "notranje-gorice",
      "name": "Notranje Gorice"
    },
    {
      "id": "nova-cerkev",
      "name": "Nova Cerkev"
    },
    {
      "id": "nova-gorica",
      "name": "Nova Gorica"
    },
    {
      "id": "novo-mesto",
      "name": "Novo Mesto"
    },
    {
      "id": "pernica",
      "name": "Pernica"
    },
    {
      "id": "pesnica-pri-mariboru",
      "name": "Pesnica pri Mariboru"
    },
    {
      "id": "petrovce",
      "name": "Petrovce"
    },
    {
      "id": "piran",
      "name": "Piran"
    },
    {
      "id": "pobegi",
      "name": "Pobegi"
    },
    {
      "id": "podbocje",
      "name": "Podbocje"
    },
    {
      "id": "polhov-gradec",
      "name": "Polhov Gradec"
    },
    {
      "id": "poljcane",
      "name": "Poljcane"
    },
    {
      "id": "polzela",
      "name": "Polzela"
    },
    {
      "id": "postojna",
      "name": "Postojna"
    },
    {
      "id": "prebold",
      "name": "Prebold"
    },
    {
      "id": "preserje",
      "name": "Preserje"
    },
    {
      "id": "prestranek",
      "name": "Prestranek"
    },
    {
      "id": "prevalje",
      "name": "Prevalje"
    },
    {
      "id": "ptuj",
      "name": "Ptuj"
    },
    {
      "id": "puconci",
      "name": "Puconci"
    },
    {
      "id": "radlje-ob-dravi",
      "name": "Radlje ob Dravi"
    },
    {
      "id": "radomlje",
      "name": "Radomlje"
    },
    {
      "id": "radovljica",
      "name": "Radovljica"
    },
    {
      "id": "rakek",
      "name": "Rakek"
    },
    {
      "id": "ravne",
      "name": "Ravne"
    },
    {
      "id": "ravne-na-koroskem",
      "name": "Ravne na Koroskem"
    },
    {
      "id": "rocinj",
      "name": "Rocinj"
    },
    {
      "id": "secovlje",
      "name": "Secovlje"
    },
    {
      "id": "selnica-ob-dravi",
      "name": "Selnica ob Dravi"
    },
    {
      "id": "sempeter-pri-gorici",
      "name": "Sempeter pri Gorici"
    },
    {
      "id": "sencur",
      "name": "Sencur"
    },
    {
      "id": "sentjanz",
      "name": "Sentjanz"
    },
    {
      "id": "sentvid-pri-sticni",
      "name": "Sentvid pri Sticni"
    },
    {
      "id": "sevnica",
      "name": "Sevnica"
    },
    {
      "id": "skofljica",
      "name": "Skofljica"
    },
    {
      "id": "slovenj-gradec",
      "name": "Slovenj Gradec"
    },
    {
      "id": "slovenska-bistrica",
      "name": "Slovenska Bistrica"
    },
    {
      "id": "slovenske-konjice",
      "name": "Slovenske Konjice"
    },
    {
      "id": "smarje",
      "name": "Smarje"
    },
    {
      "id": "smarje-pri-jelsah",
      "name": "Smarje pri Jelsah"
    },
    {
      "id": "smarje-sap",
      "name": "Smarje-Sap"
    },
    {
      "id": "smartno-ob-paki",
      "name": "Smartno ob Paki"
    },
    {
      "id": "smlednik",
      "name": "Smlednik"
    },
    {
      "id": "sostanj",
      "name": "Sostanj"
    },
    {
      "id": "spodnje-hoce",
      "name": "Spodnje Hoce"
    },
    {
      "id": "spodnji-brnik",
      "name": "Spodnji Brnik"
    },
    {
      "id": "spodnji-duplek",
      "name": "Spodnji Duplek"
    },
    {
      "id": "spodnji-ivanjci",
      "name": "Spodnji Ivanjci"
    },
    {
      "id": "sredisce-ob-dravi",
      "name": "Sredisce ob Dravi"
    },
    {
      "id": "stahovica",
      "name": "Stahovica"
    },
    {
      "id": "stara-cerkev",
      "name": "Stara Cerkev"
    },
    {
      "id": "stari-trg-pri-lozu",
      "name": "Stari Trg pri Lozu"
    },
    {
      "id": "starse",
      "name": "Starse"
    },
    {
      "id": "tisina",
      "name": "Tisina"
    },
    {
      "id": "tolmin",
      "name": "Tolmin"
    },
    {
      "id": "trbovlje",
      "name": "Trbovlje"
    },
    {
      "id": "trzic",
      "name": "Trzic"
    },
    {
      "id": "trzin",
      "name": "Trzin"
    },
    {
      "id": "velenje",
      "name": "Velenje"
    },
    {
      "id": "velika-loka",
      "name": "Velika Loka"
    },
    {
      "id": "verzej",
      "name": "Verzej"
    },
    {
      "id": "videm",
      "name": "Videm"
    },
    {
      "id": "vipava",
      "name": "Vipava"
    },
    {
      "id": "vodice",
      "name": "Vodice"
    },
    {
      "id": "vojnik",
      "name": "Vojnik"
    },
    {
      "id": "vrhnika",
      "name": "Vrhnika"
    },
    {
      "id": "zagorje-ob-savi",
      "name": "Zagorje ob Savi"
    },
    {
      "id": "zelezniki",
      "name": "Zelezniki"
    },
    {
      "id": "zgornja-polskava",
      "name": "Zgornja Polskava"
    },
    {
      "id": "zgornje-gorje",
      "name": "Zgornje Gorje"
    },
    {
      "id": "zgornje-hoce",
      "name": "Zgornje Hoce"
    },
    {
      "id": "zgornje-skofije",
      "name": "Zgornje Skofije"
    },
    {
      "id": "zidani-most",
      "name": "Zidani Most"
    },
    {
      "id": "ziri",
      "name": "Ziri"
    }
  ]
}