{
  "coid": "SK",
  "cities": [
    {
      "id": "bahon",
      "name": "Bahon"
    },
    {
      "id": "baka",
      "name": "Baka"
    },
    {
      "id": "banovce-nad-bebravou",
      "name": "Banovce nad Bebravou"
    },
    {
      "id": "bardejov",
      "name": "Bardejov"
    },
    {
      "id": "bela",
      "name": "Bela"
    },
    {
      "id": "beladice",
      "name": "Beladice"
    },
    {
      "id": "bernolakovo",
      "name": "Bernolakovo"
    },
    {
      "id": "besenov",
      "name": "Besenov"
    },
    {
      "id": "blatnica",
      "name": "Blatnica"
    },
    {
      "id": "bobrov",
      "name": "Bobrov"
    },
    {
      "id": "bohdanovce",
      "name": "Bohdanovce"
    },
    {
      "id": "boleraz",
      "name": "Boleraz"
    },
    {
      "id": "borovce",
      "name": "Borovce"
    },
    {
      "id": "branc",
      "name": "Branc"
    },
    {
      "id": "bratislava",
      "name": "Bratislava"
    },
    {
      "id": "brezno",
      "name": "Brezno"
    },
    {
      "id": "brezova-pod-bradlom",
      "name": "Brezova pod Bradlom"
    },
    {
      "id": "bystricka",
      "name": "Bystricka"
    },
    {
      "id": "cecejovce",
      "name": "Cecejovce"
    },
    {
      "id": "cechynce",
      "name": "Cechynce"
    },
    {
      "id": "cerova",
      "name": "Cerova"
    },
    {
      "id": "cerveny-hradok",
      "name": "Cerveny Hradok"
    },
    {
      "id": "cerveny-kamen",
      "name": "Cerveny Kamen"
    },
    {
      "id": "chlebnice",
      "name": "Chlebnice"
    },
    {
      "id": "chorvatsky-grob",
      "name": "Chorvatsky Grob"
    },
    {
      "id": "chtelnica",
      "name": "Chtelnica"
    },
    {
      "id": "cifer",
      "name": "Cifer"
    },
    {
      "id": "detva",
      "name": "Detva"
    },
    {
      "id": "diakovce",
      "name": "Diakovce"
    },
    {
      "id": "diviaky-nad-nitricou",
      "name": "Diviaky nad Nitricou"
    },
    {
      "id": "dlha-nad-oravou",
      "name": "Dlha nad Oravou"
    },
    {
      "id": "dlhe-klcovo",
      "name": "Dlhe Klcovo"
    },
    {
      "id": "dlhe-nad-cirochou",
      "name": "Dlhe nad Cirochou"
    },
    {
      "id": "dolna-marikova",
      "name": "Dolna Marikova"
    },
    {
      "id": "dolna-streda",
      "name": "Dolna Streda"
    },
    {
      "id": "dolne-oresany",
      "name": "Dolne Oresany"
    },
    {
      "id": "dolne-vestenice",
      "name": "Dolne Vestenice"
    },
    {
      "id": "dolny-hricov",
      "name": "Dolny Hricov"
    },
    {
      "id": "dolny-stal",
      "name": "Dolny Stal"
    },
    {
      "id": "druzstevna-pri-hornade",
      "name": "Druzstevna pri Hornade"
    },
    {
      "id": "eliasovce",
      "name": "Eliasovce"
    },
    {
      "id": "fintice",
      "name": "Fintice"
    },
    {
      "id": "galanta",
      "name": "Galanta"
    },
    {
      "id": "gbely",
      "name": "Gbely"
    },
    {
      "id": "gelnica",
      "name": "Gelnica"
    },
    {
      "id": "giraltovce",
      "name": "Giraltovce"
    },
    {
      "id": "golianovo",
      "name": "Golianovo"
    },
    {
      "id": "handlova",
      "name": "Handlova"
    },
    {
      "id": "hencovce",
      "name": "Hencovce"
    },
    {
      "id": "hlinik",
      "name": "Hlinik"
    },
    {
      "id": "hlinik-nad-hronom",
      "name": "Hlinik nad Hronom"
    },
    {
      "id": "hlohovec",
      "name": "Hlohovec"
    },
    {
      "id": "holic",
      "name": "Holic"
    },
    {
      "id": "holice",
      "name": "Holice"
    },
    {
      "id": "horna-lehota",
      "name": "Horna Lehota"
    },
    {
      "id": "horna-stubna",
      "name": "Horna Stubna"
    },
    {
      "id": "horne-oresany",
      "name": "Horne Oresany"
    },
    {
      "id": "horne-saliby",
      "name": "Horne Saliby"
    },
    {
      "id": "horny-smokovec",
      "name": "Horny Smokovec"
    },
    {
      "id": "hradiste",
      "name": "Hradiste"
    },
    {
      "id": "hrinova",
      "name": "Hrinova"
    },
    {
      "id": "hrochotslovakia",
      "name": "Hrochot,Slovakia"
    },
    {
      "id": "hruby-sur",
      "name": "Hruby Sur"
    },
    {
      "id": "ilava",
      "name": "Ilava"
    },
    {
      "id": "istebne",
      "name": "Istebne"
    },
    {
      "id": "ivanka-pri-dunaji",
      "name": "Ivanka pri Dunaji"
    },
    {
      "id": "jablonove",
      "name": "Jablonove"
    },
    {
      "id": "jacovce",
      "name": "Jacovce"
    },
    {
      "id": "jasenica",
      "name": "Jasenica"
    },
    {
      "id": "jaslovske-bohunice",
      "name": "Jaslovske Bohunice"
    },
    {
      "id": "jelenec",
      "name": "Jelenec"
    },
    {
      "id": "jelka",
      "name": "Jelka"
    },
    {
      "id": "kajal",
      "name": "Kajal"
    },
    {
      "id": "kanianka",
      "name": "Kanianka"
    },
    {
      "id": "klatova-nova-ves",
      "name": "Klatova Nova Ves"
    },
    {
      "id": "klokoc",
      "name": "Klokoc"
    },
    {
      "id": "klokocov",
      "name": "Klokocov"
    },
    {
      "id": "kolarovo",
      "name": "Kolarovo"
    },
    {
      "id": "komjatice",
      "name": "Komjatice"
    },
    {
      "id": "kopcany",
      "name": "Kopcany"
    },
    {
      "id": "kosicka-nova-ves",
      "name": "Kosicka Nova Ves"
    },
    {
      "id": "kremnica",
      "name": "Kremnica"
    },
    {
      "id": "krizovany-nad-dudvahom",
      "name": "Krizovany nad Dudvahom"
    },
    {
      "id": "krompachy",
      "name": "Krompachy"
    },
    {
      "id": "krupina",
      "name": "Krupina"
    },
    {
      "id": "krusovce",
      "name": "Krusovce"
    },
    {
      "id": "kukova",
      "name": "Kukova"
    },
    {
      "id": "kvetoslavov",
      "name": "Kvetoslavov"
    },
    {
      "id": "kysucky-lieskovec",
      "name": "Kysucky Lieskovec"
    },
    {
      "id": "ladce",
      "name": "Ladce"
    },
    {
      "id": "lednicke-rovne",
      "name": "Lednicke Rovne"
    },
    {
      "id": "lehota",
      "name": "Lehota"
    },
    {
      "id": "lemesany",
      "name": "Lemesany"
    },
    {
      "id": "levice",
      "name": "Levice"
    },
    {
      "id": "likavka",
      "name": "Likavka"
    },
    {
      "id": "liptovske-revuce",
      "name": "Liptovske Revuce"
    },
    {
      "id": "liptovsky-hradok",
      "name": "Liptovsky Hradok"
    },
    {
      "id": "lozorno",
      "name": "Lozorno"
    },
    {
      "id": "lubina",
      "name": "Lubina"
    },
    {
      "id": "ludanice",
      "name": "Ludanice"
    },
    {
      "id": "lukacovce",
      "name": "Lukacovce"
    },
    {
      "id": "madunice",
      "name": "Madunice"
    },
    {
      "id": "malacky",
      "name": "Malacky"
    },
    {
      "id": "maly-lapas",
      "name": "Maly Lapas"
    },
    {
      "id": "marianka",
      "name": "Marianka"
    },
    {
      "id": "martin",
      "name": "Martin"
    },
    {
      "id": "mesto",
      "name": "Mesto"
    },
    {
      "id": "michalovce",
      "name": "Michalovce"
    },
    {
      "id": "miloslavov",
      "name": "Miloslavov"
    },
    {
      "id": "mojmirovce",
      "name": "Mojmirovce"
    },
    {
      "id": "moldava-nad-bodvou",
      "name": "Moldava nad Bodvou"
    },
    {
      "id": "moravany-nad-vahom",
      "name": "Moravany nad Vahom"
    },
    {
      "id": "mutne",
      "name": "Mutne"
    },
    {
      "id": "myjava",
      "name": "Myjava"
    },
    {
      "id": "nana",
      "name": "Nana"
    },
    {
      "id": "nededza",
      "name": "Nededza"
    },
    {
      "id": "nitra",
      "name": "Nitra"
    },
    {
      "id": "nitrianske-rudno",
      "name": "Nitrianske Rudno"
    },
    {
      "id": "nitrianske-sucany",
      "name": "Nitrianske Sucany"
    },
    {
      "id": "nizna",
      "name": "Nizna"
    },
    {
      "id": "nizna-kamenica",
      "name": "Nizna Kamenica"
    },
    {
      "id": "nova-bana",
      "name": "Nova Bana"
    },
    {
      "id": "novaky",
      "name": "Novaky"
    },
    {
      "id": "nove-sady",
      "name": "Nove Sady"
    },
    {
      "id": "novy-salas",
      "name": "Novy Salas"
    },
    {
      "id": "nyrovce",
      "name": "Nyrovce"
    },
    {
      "id": "okoc",
      "name": "Okoc"
    },
    {
      "id": "olesna",
      "name": "Olesna"
    },
    {
      "id": "opatovce-nad-nitrou",
      "name": "Opatovce nad Nitrou"
    },
    {
      "id": "opoj",
      "name": "Opoj"
    },
    {
      "id": "oravske-vesele",
      "name": "Oravske Vesele"
    },
    {
      "id": "pastuchov",
      "name": "Pastuchov"
    },
    {
      "id": "pata",
      "name": "Pata"
    },
    {
      "id": "pernek",
      "name": "Pernek"
    },
    {
      "id": "pezinok",
      "name": "Pezinok"
    },
    {
      "id": "plave-vozokany",
      "name": "Plave Vozokany"
    },
    {
      "id": "plavecke-podhradie",
      "name": "Plavecke Podhradie"
    },
    {
      "id": "pliesovce",
      "name": "Pliesovce"
    },
    {
      "id": "pobedim",
      "name": "Pobedim"
    },
    {
      "id": "podbrezova",
      "name": "Podbrezova"
    },
    {
      "id": "podolie",
      "name": "Podolie"
    },
    {
      "id": "polomka",
      "name": "Polomka"
    },
    {
      "id": "poprad",
      "name": "Poprad"
    },
    {
      "id": "potvorice",
      "name": "Potvorice"
    },
    {
      "id": "praha",
      "name": "Praha"
    },
    {
      "id": "prakovce",
      "name": "Prakovce"
    },
    {
      "id": "praznovce",
      "name": "Praznovce"
    },
    {
      "id": "prievidza",
      "name": "Prievidza"
    },
    {
      "id": "proc",
      "name": "Proc"
    },
    {
      "id": "reca",
      "name": "Reca"
    },
    {
      "id": "rosina",
      "name": "Rosina"
    },
    {
      "id": "rovinka",
      "name": "Rovinka"
    },
    {
      "id": "ruzindol",
      "name": "Ruzindol"
    },
    {
      "id": "sabinov",
      "name": "Sabinov"
    },
    {
      "id": "samorin",
      "name": "Samorin"
    },
    {
      "id": "sarisske-bohdanovce",
      "name": "Sarisske Bohdanovce"
    },
    {
      "id": "secovce",
      "name": "Secovce"
    },
    {
      "id": "secovska-polianka",
      "name": "Secovska Polianka"
    },
    {
      "id": "selice",
      "name": "Selice"
    },
    {
      "id": "selpice",
      "name": "Selpice"
    },
    {
      "id": "sena",
      "name": "Sena"
    },
    {
      "id": "senec",
      "name": "Senec"
    },
    {
      "id": "senica",
      "name": "Senica"
    },
    {
      "id": "sipkove",
      "name": "Sipkove"
    },
    {
      "id": "skalica",
      "name": "Skalica"
    },
    {
      "id": "sladkovicovo",
      "name": "Sladkovicovo"
    },
    {
      "id": "slovenska-ves",
      "name": "Slovenska Ves"
    },
    {
      "id": "slovensky-grob",
      "name": "Slovensky Grob"
    },
    {
      "id": "smizany",
      "name": "Smizany"
    },
    {
      "id": "snina",
      "name": "Snina"
    },
    {
      "id": "sobrance",
      "name": "Sobrance"
    },
    {
      "id": "solosnica",
      "name": "Solosnica"
    },
    {
      "id": "spacince",
      "name": "Spacince"
    },
    {
      "id": "spissky-hrusov",
      "name": "Spissky Hrusov"
    },
    {
      "id": "spissky-stiavnik",
      "name": "Spissky Stiavnik"
    },
    {
      "id": "spissky-stvrtok",
      "name": "Spissky Stvrtok"
    },
    {
      "id": "stara-lesna",
      "name": "Stara Lesna"
    },
    {
      "id": "stara-tura",
      "name": "Stara Tura"
    },
    {
      "id": "stary-smokovec",
      "name": "Stary Smokovec"
    },
    {
      "id": "staskov",
      "name": "Staskov"
    },
    {
      "id": "stefanov",
      "name": "Stefanov"
    },
    {
      "id": "stropkov",
      "name": "Stropkov"
    },
    {
      "id": "studienka",
      "name": "Studienka"
    },
    {
      "id": "stupava",
      "name": "Stupava"
    },
    {
      "id": "sucany",
      "name": "Sucany"
    },
    {
      "id": "sucha-nad-parnou",
      "name": "Sucha nad Parnou"
    },
    {
      "id": "svaty-kriz",
      "name": "Svaty Kriz"
    },
    {
      "id": "svaty-peter",
      "name": "Svaty Peter"
    },
    {
      "id": "svit",
      "name": "Svit"
    },
    {
      "id": "svodin",
      "name": "Svodin"
    },
    {
      "id": "tajov",
      "name": "Tajov"
    },
    {
      "id": "terchova",
      "name": "Terchova"
    },
    {
      "id": "tesedikovo",
      "name": "Tesedikovo"
    },
    {
      "id": "tlmace",
      "name": "Tlmace"
    },
    {
      "id": "tomasov",
      "name": "Tomasov"
    },
    {
      "id": "torysky",
      "name": "Torysky"
    },
    {
      "id": "trnava",
      "name": "Trnava"
    },
    {
      "id": "trnovec-nad-vahom",
      "name": "Trnovec nad Vahom"
    },
    {
      "id": "trstena",
      "name": "Trstena"
    },
    {
      "id": "turany",
      "name": "Turany"
    },
    {
      "id": "tvrdosin",
      "name": "Tvrdosin"
    },
    {
      "id": "tvrdosovce",
      "name": "Tvrdosovce"
    },
    {
      "id": "udavske",
      "name": "Udavske"
    },
    {
      "id": "urmince",
      "name": "Urmince"
    },
    {
      "id": "vahovce",
      "name": "Vahovce"
    },
    {
      "id": "varhanovce",
      "name": "Varhanovce"
    },
    {
      "id": "varin",
      "name": "Varin"
    },
    {
      "id": "vecelkov",
      "name": "Vecelkov"
    },
    {
      "id": "velcice",
      "name": "Velcice"
    },
    {
      "id": "velicna",
      "name": "Velicna"
    },
    {
      "id": "velky-meder",
      "name": "Velky Meder"
    },
    {
      "id": "vinne",
      "name": "Vinne"
    },
    {
      "id": "vitanova",
      "name": "Vitanova"
    },
    {
      "id": "vlckovce",
      "name": "Vlckovce"
    },
    {
      "id": "vlkanova",
      "name": "Vlkanova"
    },
    {
      "id": "vojcice",
      "name": "Vojcice"
    },
    {
      "id": "vrable",
      "name": "Vrable"
    },
    {
      "id": "vrutky",
      "name": "Vrutky"
    },
    {
      "id": "vysne-raslavice",
      "name": "Vysne Raslavice"
    },
    {
      "id": "vysny-orlik",
      "name": "Vysny Orlik"
    },
    {
      "id": "zakamenne",
      "name": "Zakamenne"
    },
    {
      "id": "zavod",
      "name": "Zavod"
    },
    {
      "id": "zbince",
      "name": "Zbince"
    },
    {
      "id": "zelenec",
      "name": "Zelenec"
    },
    {
      "id": "zeliezovce",
      "name": "Zeliezovce"
    },
    {
      "id": "ziar-nad-hronom",
      "name": "Ziar nad Hronom"
    },
    {
      "id": "zikava",
      "name": "Zikava"
    },
    {
      "id": "zlate",
      "name": "Zlate"
    },
    {
      "id": "zuberec",
      "name": "Zuberec"
    },
    {
      "id": "zvolen",
      "name": "Zvolen"
    }
  ]
}