{
  "coid": "TL",
  "cities": [
    {
      "id": "dili",
      "name": "Dili"
    },
    {
      "id": "baucau",
      "name": "Baucau"
    },
    {
      "id": "maliana",
      "name": "Maliana"
    },
    {
      "id": "suai",
      "name": "Suai"
    },
    {
      "id": "lospalos",
      "name": "Lospalos"
    },
    {
      "id": "liquica",
      "name": "Liquiçá"
    },
    {
      "id": "viqueque",
      "name": "Viqueque"
    },
    {
      "id": "oecusse",
      "name": "Oecusse"
    },
    {
      "id": "ainaro",
      "name": "Ainaro"
    },
    {
      "id": "manatuto",
      "name": "Manatuto"
    }
  ]
}