{
  "coid": "TT",
  "cities": [
    {
      "id": "arima",
      "name": "Arima"
    },
    {
      "id": "arouca",
      "name": "Arouca"
    },
    {
      "id": "barataria",
      "name": "Barataria"
    },
    {
      "id": "california",
      "name": "California"
    },
    {
      "id": "carapichaima",
      "name": "Carapichaima"
    },
    {
      "id": "carenage",
      "name": "Carenage"
    },
    {
      "id": "caroni",
      "name": "Caroni"
    },
    {
      "id": "chaguanas",
      "name": "Chaguanas"
    },
    {
      "id": "claxton-bay",
      "name": "Claxton Bay"
    },
    {
      "id": "couva",
      "name": "Couva"
    },
    {
      "id": "cumuto",
      "name": "Cumuto"
    },
    {
      "id": "cunupia",
      "name": "Cunupia"
    },
    {
      "id": "curepe",
      "name": "Curepe"
    },
    {
      "id": "debe",
      "name": "Debe"
    },
    {
      "id": "diego-martin",
      "name": "Diego Martin"
    },
    {
      "id": "el-dorado",
      "name": "El Dorado"
    },
    {
      "id": "freeport",
      "name": "Freeport"
    },
    {
      "id": "fyzabad",
      "name": "Fyzabad"
    },
    {
      "id": "gasparillo",
      "name": "Gasparillo"
    },
    {
      "id": "golden-lane",
      "name": "Golden Lane"
    },
    {
      "id": "laventille",
      "name": "Laventille"
    },
    {
      "id": "lopinot",
      "name": "Lopinot"
    },
    {
      "id": "marabella",
      "name": "Marabella"
    },
    {
      "id": "maraval",
      "name": "Maraval"
    },
    {
      "id": "moriah",
      "name": "Moriah"
    },
    {
      "id": "morvant",
      "name": "Morvant"
    },
    {
      "id": "penal",
      "name": "Penal"
    },
    {
      "id": "petit-valley",
      "name": "Petit Valley"
    },
    {
      "id": "phoenix-park",
      "name": "Phoenix Park"
    },
    {
      "id": "piarco",
      "name": "Piarco"
    },
    {
      "id": "port-of-spain",
      "name": "Port of Spain"
    },
    {
      "id": "princes-town",
      "name": "Princes Town"
    },
    {
      "id": "rio-claro",
      "name": "Rio Claro"
    },
    {
      "id": "roxborough",
      "name": "Roxborough"
    },
    {
      "id": "saint-augustine",
      "name": "Saint Augustine"
    },
    {
      "id": "saint-clair",
      "name": "Saint Clair"
    },
    {
      "id": "saint-james",
      "name": "Saint James"
    },
    {
      "id": "saint-joseph",
      "name": "Saint Joseph"
    },
    {
      "id": "san-fernando",
      "name": "San Fernando"
    },
    {
      "id": "san-juan",
      "name": "San Juan"
    },
    {
      "id": "sangre-grande",
      "name": "Sangre Grande"
    },
    {
      "id": "santa-cruz",
      "name": "Santa Cruz"
    },
    {
      "id": "scarborough",
      "name": "Scarborough"
    },
    {
      "id": "siparia",
      "name": "Siparia"
    },
    {
      "id": "tunapuna",
      "name": "Tunapuna"
    },
    {
      "id": "valsayn",
      "name": "Valsayn"
    },
    {
      "id": "victoria",
      "name": "Victoria"
    },
    {
      "id": "ward-of-tacarigua",
      "name": "Ward of Tacarigua"
    },
    {
      "id": "woodbrook",
      "name": "Woodbrook"
    }
  ]
}