{
  "coid": "UY",
  "cities": [
    {
      "id": "barra-de-carrasco",
      "name": "Barra de Carrasco"
    },
    {
      "id": "canelones",
      "name": "Canelones"
    },
    {
      "id": "colonia-del-sacramento",
      "name": "Colonia del Sacramento"
    },
    {
      "id": "durazno",
      "name": "Durazno"
    },
    {
      "id": "florida",
      "name": "Florida"
    },
    {
      "id": "la-floresta",
      "name": "La Floresta"
    },
    {
      "id": "la-paz",
      "name": "La Paz"
    },
    {
      "id": "las-piedras",
      "name": "Las Piedras"
    },
    {
      "id": "maldonado",
      "name": "Maldonado"
    },
    {
      "id": "mercedes",
      "name": "Mercedes"
    },
    {
      "id": "montevideo",
      "name": "Montevideo"
    },
    {
      "id": "punta-del-este",
      "name": "Punta del Este"
    },
    {
      "id": "salto",
      "name": "Salto"
    },
    {
      "id": "san-carlos",
      "name": "San Carlos"
    },
    {
      "id": "toledo",
      "name": "Toledo"
    },
    {
      "id": "union",
      "name": "Union"
    }
  ]
}