{
  "coid": "VA",
  "cities": [
    {
      "id": "vatican-city",
      "name": "Vatican City"
    },
    {
      "id": "borgo",
      "name": "Borgo"
    },
    {
      "id": "prati",
      "name": "Prati"
    },
    {
      "id": "trastevere",
      "name": "Trastevere"
    },
    {
      "id": "aurelio",
      "name": "Aurelio"
    },
    {
      "id": "flaminio",
      "name": "Flaminio"
    },
    {
      "id": "campo-marzio",
      "name": "Campo Marzio"
    },
    {
      "id": "parioli",
      "name": "Parioli"
    },
    {
      "id": "monti",
      "name": "Monti"
    },
    {
      "id": "testaccio",
      "name": "Testaccio"
    }
  ]
}