{
  "coid": "VE",
  "cities": [
    {
      "id": "acarigua",
      "name": "Acarigua"
    },
    {
      "id": "anaco",
      "name": "Anaco"
    },
    {
      "id": "araure",
      "name": "Araure"
    },
    {
      "id": "bachaquero",
      "name": "Bachaquero"
    },
    {
      "id": "barcelona",
      "name": "Barcelona"
    },
    {
      "id": "barinas",
      "name": "Barinas"
    },
    {
      "id": "barquisimeto",
      "name": "Barquisimeto"
    },
    {
      "id": "bejuma",
      "name": "Bejuma"
    },
    {
      "id": "bolivar",
      "name": "Bolivar"
    },
    {
      "id": "cabimas",
      "name": "Cabimas"
    },
    {
      "id": "cabudare",
      "name": "Cabudare"
    },
    {
      "id": "cagua",
      "name": "Cagua"
    },
    {
      "id": "caja-de-agua",
      "name": "Caja de Agua"
    },
    {
      "id": "calabozo",
      "name": "Calabozo"
    },
    {
      "id": "campo-de-carabobo",
      "name": "Campo de Carabobo"
    },
    {
      "id": "caraballeda",
      "name": "Caraballeda"
    },
    {
      "id": "caracas",
      "name": "Caracas"
    },
    {
      "id": "caripe",
      "name": "Caripe"
    },
    {
      "id": "carrizal",
      "name": "Carrizal"
    },
    {
      "id": "catia-la-mar",
      "name": "Catia La Mar"
    },
    {
      "id": "charallave",
      "name": "Charallave"
    },
    {
      "id": "chivacoa",
      "name": "Chivacoa"
    },
    {
      "id": "ciudad-guayana",
      "name": "Ciudad Guayana"
    },
    {
      "id": "ciudad-ojeda",
      "name": "Ciudad Ojeda"
    },
    {
      "id": "ciudad-piar",
      "name": "Ciudad Piar"
    },
    {
      "id": "colonia-tovar",
      "name": "Colonia Tovar"
    },
    {
      "id": "coro",
      "name": "Coro"
    },
    {
      "id": "cua",
      "name": "Cua"
    },
    {
      "id": "curazaito",
      "name": "Curazaito"
    },
    {
      "id": "el-chorro",
      "name": "El Chorro"
    },
    {
      "id": "el-recreo",
      "name": "El Recreo"
    },
    {
      "id": "el-roque",
      "name": "El Roque"
    },
    {
      "id": "el-rosal",
      "name": "El Rosal"
    },
    {
      "id": "el-tigre",
      "name": "El Tigre"
    },
    {
      "id": "el-vigia",
      "name": "El Vigia"
    },
    {
      "id": "guachara",
      "name": "Guachara"
    },
    {
      "id": "guanare",
      "name": "Guanare"
    },
    {
      "id": "guarenas",
      "name": "Guarenas"
    },
    {
      "id": "guatire",
      "name": "Guatire"
    },
    {
      "id": "guayana",
      "name": "Guayana"
    },
    {
      "id": "gueiria",
      "name": "Gueiria"
    },
    {
      "id": "la-castellana",
      "name": "La Castellana"
    },
    {
      "id": "la-cruz",
      "name": "La Cruz"
    },
    {
      "id": "la-guaira",
      "name": "La Guaira"
    },
    {
      "id": "la-urbina",
      "name": "La Urbina"
    },
    {
      "id": "la-verdad",
      "name": "La Verdad"
    },
    {
      "id": "la-victoria",
      "name": "La Victoria"
    },
    {
      "id": "la-villa-del-rosario",
      "name": "La Villa del Rosario"
    },
    {
      "id": "londres",
      "name": "Londres"
    },
    {
      "id": "los-chorros",
      "name": "Los Chorros"
    },
    {
      "id": "los-teques",
      "name": "Los Teques"
    },
    {
      "id": "macuto",
      "name": "Macuto"
    },
    {
      "id": "maiquetia",
      "name": "Maiquetia"
    },
    {
      "id": "maracaibo",
      "name": "Maracaibo"
    },
    {
      "id": "maracay",
      "name": "Maracay"
    },
    {
      "id": "maria",
      "name": "Maria"
    },
    {
      "id": "mariguitar",
      "name": "Mariguitar"
    },
    {
      "id": "matanzas",
      "name": "Matanzas"
    },
    {
      "id": "miranda",
      "name": "Miranda"
    },
    {
      "id": "monte-cristo",
      "name": "Monte Cristo"
    },
    {
      "id": "naguanagua",
      "name": "Naguanagua"
    },
    {
      "id": "ocumare",
      "name": "Ocumare"
    },
    {
      "id": "pampatar",
      "name": "Pampatar"
    },
    {
      "id": "porlamar",
      "name": "Porlamar"
    },
    {
      "id": "puerto-cabello",
      "name": "Puerto Cabello"
    },
    {
      "id": "puerto-la-cruz",
      "name": "Puerto La Cruz"
    },
    {
      "id": "puerto-ordaz-and-san-felix",
      "name": "Puerto Ordaz and San Felix"
    },
    {
      "id": "punto-fijo",
      "name": "Punto Fijo"
    },
    {
      "id": "sabaneta",
      "name": "Sabaneta"
    },
    {
      "id": "san-antonio",
      "name": "San Antonio"
    },
    {
      "id": "san-antonio-de-los-altos",
      "name": "San Antonio de Los Altos"
    },
    {
      "id": "san-diego",
      "name": "San Diego"
    },
    {
      "id": "san-felipe",
      "name": "San Felipe"
    },
    {
      "id": "san-felix",
      "name": "San Felix"
    },
    {
      "id": "san-francisco",
      "name": "San Francisco"
    },
    {
      "id": "san-joaquin",
      "name": "San Joaquin"
    },
    {
      "id": "san-jose-de-guanipa",
      "name": "San Jose de Guanipa"
    },
    {
      "id": "santa-cruz-del-zulia",
      "name": "Santa Cruz del Zulia"
    },
    {
      "id": "santa-fe",
      "name": "Santa Fe"
    },
    {
      "id": "santa-teresa",
      "name": "Santa Teresa"
    },
    {
      "id": "solano",
      "name": "Solano"
    },
    {
      "id": "tariba",
      "name": "Tariba"
    },
    {
      "id": "torre",
      "name": "Torre"
    },
    {
      "id": "trujillo",
      "name": "Trujillo"
    },
    {
      "id": "tucupita",
      "name": "Tucupita"
    },
    {
      "id": "turmero",
      "name": "Turmero"
    },
    {
      "id": "valencia",
      "name": "Valencia"
    },
    {
      "id": "valera",
      "name": "Valera"
    },
    {
      "id": "valle",
      "name": "Valle"
    },
    {
      "id": "vargas",
      "name": "Vargas"
    }
  ]
}