{
  "coid": "ZA",
  "cities": [
    {
      "id": "alberton",
      "name": "Alberton"
    },
    {
      "id": "alice",
      "name": "Alice"
    },
    {
      "id": "alrode",
      "name": "Alrode"
    },
    {
      "id": "amanzimtoti",
      "name": "Amanzimtoti"
    },
    {
      "id": "ashton",
      "name": "Ashton"
    },
    {
      "id": "atlantis",
      "name": "Atlantis"
    },
    {
      "id": "balfour",
      "name": "Balfour"
    },
    {
      "id": "bathurst",
      "name": "Bathurst"
    },
    {
      "id": "beaufort-west",
      "name": "Beaufort West"
    },
    {
      "id": "bedfordview",
      "name": "Bedfordview"
    },
    {
      "id": "belhar",
      "name": "Belhar"
    },
    {
      "id": "bellville",
      "name": "Bellville"
    },
    {
      "id": "benoni",
      "name": "Benoni"
    },
    {
      "id": "bergvliet",
      "name": "Bergvliet"
    },
    {
      "id": "bethal",
      "name": "Bethal"
    },
    {
      "id": "bethlehem",
      "name": "Bethlehem"
    },
    {
      "id": "bloemfontein",
      "name": "Bloemfontein"
    },
    {
      "id": "boksburg",
      "name": "Boksburg"
    },
    {
      "id": "bothasig",
      "name": "Bothasig"
    },
    {
      "id": "botshabelo",
      "name": "Botshabelo"
    },
    {
      "id": "braamfontein",
      "name": "Braamfontein"
    },
    {
      "id": "brackenfell",
      "name": "Brackenfell"
    },
    {
      "id": "brakpan",
      "name": "Brakpan"
    },
    {
      "id": "bredasdorp",
      "name": "Bredasdorp"
    },
    {
      "id": "brits",
      "name": "Brits"
    },
    {
      "id": "bronkhorstspruit",
      "name": "Bronkhorstspruit"
    },
    {
      "id": "brooklyn",
      "name": "Brooklyn"
    },
    {
      "id": "bryanston",
      "name": "Bryanston"
    },
    {
      "id": "buffalo",
      "name": "Buffalo"
    },
    {
      "id": "butterworth",
      "name": "Butterworth"
    },
    {
      "id": "cape-town",
      "name": "Cape Town"
    },
    {
      "id": "capital-park",
      "name": "Capital Park"
    },
    {
      "id": "carletonville",
      "name": "Carletonville"
    },
    {
      "id": "carolina",
      "name": "Carolina"
    },
    {
      "id": "centurion",
      "name": "Centurion"
    },
    {
      "id": "city-of-cape-town",
      "name": "City of Cape Town"
    },
    {
      "id": "clanwilliam",
      "name": "Clanwilliam"
    },
    {
      "id": "claremont",
      "name": "Claremont"
    },
    {
      "id": "coega",
      "name": "Coega"
    },
    {
      "id": "coligny",
      "name": "Coligny"
    },
    {
      "id": "constantia",
      "name": "Constantia"
    },
    {
      "id": "craighall",
      "name": "Craighall"
    },
    {
      "id": "cullinan",
      "name": "Cullinan"
    },
    {
      "id": "de-aar",
      "name": "De Aar"
    },
    {
      "id": "delmas",
      "name": "Delmas"
    },
    {
      "id": "deneysville",
      "name": "Deneysville"
    },
    {
      "id": "despatch",
      "name": "Despatch"
    },
    {
      "id": "doornfontein",
      "name": "Doornfontein"
    },
    {
      "id": "dube-location",
      "name": "Dube Location"
    },
    {
      "id": "duiwelskloof",
      "name": "Duiwelskloof"
    },
    {
      "id": "dullstroom",
      "name": "Dullstroom"
    },
    {
      "id": "dundee",
      "name": "Dundee"
    },
    {
      "id": "durban",
      "name": "Durban"
    },
    {
      "id": "durbanville",
      "name": "Durbanville"
    },
    {
      "id": "east-london",
      "name": "East London"
    },
    {
      "id": "edenburg",
      "name": "Edenburg"
    },
    {
      "id": "edenvale",
      "name": "Edenvale"
    },
    {
      "id": "eersterivier",
      "name": "Eersterivier"
    },
    {
      "id": "elandsfontein",
      "name": "Elandsfontein"
    },
    {
      "id": "elarduspark",
      "name": "Elarduspark"
    },
    {
      "id": "eloff",
      "name": "Eloff"
    },
    {
      "id": "elsburg",
      "name": "Elsburg"
    },
    {
      "id": "elsenburg",
      "name": "Elsenburg"
    },
    {
      "id": "emerald-hill",
      "name": "Emerald Hill"
    },
    {
      "id": "emnambithi-ladysmith",
      "name": "Emnambithi-Ladysmith"
    },
    {
      "id": "empangeni",
      "name": "Empangeni"
    },
    {
      "id": "erasmia",
      "name": "Erasmia"
    },
    {
      "id": "ermelo",
      "name": "Ermelo"
    },
    {
      "id": "eshowe",
      "name": "Eshowe"
    },
    {
      "id": "evander",
      "name": "Evander"
    },
    {
      "id": "faure",
      "name": "Faure"
    },
    {
      "id": "florida-glen",
      "name": "Florida Glen"
    },
    {
      "id": "fochville",
      "name": "Fochville"
    },
    {
      "id": "fordsburg",
      "name": "Fordsburg"
    },
    {
      "id": "fort-cox",
      "name": "Fort Cox"
    },
    {
      "id": "franschhoek",
      "name": "Franschhoek"
    },
    {
      "id": "gansbaai",
      "name": "Gansbaai"
    },
    {
      "id": "ganspan",
      "name": "Ganspan"
    },
    {
      "id": "george",
      "name": "George"
    },
    {
      "id": "germiston",
      "name": "Germiston"
    },
    {
      "id": "gezina",
      "name": "Gezina"
    },
    {
      "id": "gillitts",
      "name": "Gillitts"
    },
    {
      "id": "gingindlovu",
      "name": "Gingindlovu"
    },
    {
      "id": "glen-austin",
      "name": "Glen Austin"
    },
    {
      "id": "goodwood",
      "name": "Goodwood"
    },
    {
      "id": "graaff-reinet",
      "name": "Graaff Reinet"
    },
    {
      "id": "grabouw",
      "name": "Grabouw"
    },
    {
      "id": "grahamstown",
      "name": "Grahamstown"
    },
    {
      "id": "greytown",
      "name": "Greytown"
    },
    {
      "id": "groblersdal",
      "name": "Groblersdal"
    },
    {
      "id": "haenertsburg",
      "name": "Haenertsburg"
    },
    {
      "id": "harrismith",
      "name": "Harrismith"
    },
    {
      "id": "hartbeespoort",
      "name": "Hartbeespoort"
    },
    {
      "id": "hartenbos",
      "name": "Hartenbos"
    },
    {
      "id": "hartswater",
      "name": "Hartswater"
    },
    {
      "id": "hatfield",
      "name": "Hatfield"
    },
    {
      "id": "hawston",
      "name": "Hawston"
    },
    {
      "id": "hazyview",
      "name": "Hazyview"
    },
    {
      "id": "heidelberg",
      "name": "Heidelberg"
    },
    {
      "id": "hekpoort",
      "name": "Hekpoort"
    },
    {
      "id": "henley-on-klip",
      "name": "Henley on Klip"
    },
    {
      "id": "hennenman",
      "name": "Hennenman"
    },
    {
      "id": "hermanus",
      "name": "Hermanus"
    },
    {
      "id": "hillcrest",
      "name": "Hillcrest"
    },
    {
      "id": "hilton",
      "name": "Hilton"
    },
    {
      "id": "himeville",
      "name": "Himeville"
    },
    {
      "id": "hluhluwe",
      "name": "Hluhluwe"
    },
    {
      "id": "hoedspruit",
      "name": "Hoedspruit"
    },
    {
      "id": "hogsback",
      "name": "Hogsback"
    },
    {
      "id": "houghton-estate",
      "name": "Houghton Estate"
    },
    {
      "id": "hout-bay",
      "name": "Hout Bay"
    },
    {
      "id": "howick",
      "name": "Howick"
    },
    {
      "id": "humansdorp",
      "name": "Humansdorp"
    },
    {
      "id": "hyde-park",
      "name": "Hyde Park"
    },
    {
      "id": "irene",
      "name": "Irene"
    },
    {
      "id": "isando",
      "name": "Isando"
    },
    {
      "id": "ixopo",
      "name": "Ixopo"
    },
    {
      "id": "johannesburg",
      "name": "Johannesburg"
    },
    {
      "id": "kalkbaai",
      "name": "Kalkbaai"
    },
    {
      "id": "katlehong",
      "name": "Katlehong"
    },
    {
      "id": "kempton-park",
      "name": "Kempton Park"
    },
    {
      "id": "kimberley",
      "name": "Kimberley"
    },
    {
      "id": "kingsborough",
      "name": "Kingsborough"
    },
    {
      "id": "kingsley",
      "name": "Kingsley"
    },
    {
      "id": "kingsmead",
      "name": "Kingsmead"
    },
    {
      "id": "kinross",
      "name": "Kinross"
    },
    {
      "id": "kleinmond",
      "name": "Kleinmond"
    },
    {
      "id": "klerksdorp",
      "name": "Klerksdorp"
    },
    {
      "id": "kloof",
      "name": "Kloof"
    },
    {
      "id": "knysna",
      "name": "Knysna"
    },
    {
      "id": "kokstad",
      "name": "Kokstad"
    },
    {
      "id": "kraaifontein",
      "name": "Kraaifontein"
    },
    {
      "id": "kranskop",
      "name": "Kranskop"
    },
    {
      "id": "kriel",
      "name": "Kriel"
    },
    {
      "id": "kroonstad",
      "name": "Kroonstad"
    },
    {
      "id": "krugersdorp",
      "name": "Krugersdorp"
    },
    {
      "id": "kuils-river",
      "name": "Kuils River"
    },
    {
      "id": "kwadukuza",
      "name": "KwaDukuza"
    },
    {
      "id": "la-lucia",
      "name": "La Lucia"
    },
    {
      "id": "la-motte",
      "name": "La Motte"
    },
    {
      "id": "ladybrand",
      "name": "Ladybrand"
    },
    {
      "id": "lansdowne",
      "name": "Lansdowne"
    },
    {
      "id": "laudium",
      "name": "Laudium"
    },
    {
      "id": "lephalale",
      "name": "Lephalale"
    },
    {
      "id": "lichtenburg",
      "name": "Lichtenburg"
    },
    {
      "id": "lombardy-east",
      "name": "Lombardy East"
    },
    {
      "id": "london",
      "name": "London"
    },
    {
      "id": "louis-trichardt",
      "name": "Louis Trichardt"
    },
    {
      "id": "lutzville",
      "name": "Lutzville"
    },
    {
      "id": "lydenburg",
      "name": "Lydenburg"
    },
    {
      "id": "lyndhurst",
      "name": "Lyndhurst"
    },
    {
      "id": "lynnwood",
      "name": "Lynnwood"
    },
    {
      "id": "lyttelton",
      "name": "Lyttelton"
    },
    {
      "id": "machadodorp",
      "name": "Machadodorp"
    },
    {
      "id": "mafikeng",
      "name": "Mafikeng"
    },
    {
      "id": "maidstone",
      "name": "Maidstone"
    },
    {
      "id": "majuba",
      "name": "Majuba"
    },
    {
      "id": "malmesbury",
      "name": "Malmesbury"
    },
    {
      "id": "malvern",
      "name": "Malvern"
    },
    {
      "id": "maraisburg",
      "name": "Maraisburg"
    },
    {
      "id": "margate",
      "name": "Margate"
    },
    {
      "id": "marshalltown",
      "name": "Marshalltown"
    },
    {
      "id": "meadowridge",
      "name": "Meadowridge"
    },
    {
      "id": "medunsa",
      "name": "Medunsa"
    },
    {
      "id": "melkbosstrand",
      "name": "Melkbosstrand"
    },
    {
      "id": "merrivale",
      "name": "Merrivale"
    },
    {
      "id": "messina",
      "name": "Messina"
    },
    {
      "id": "meyerton",
      "name": "Meyerton"
    },
    {
      "id": "middelburg",
      "name": "Middelburg"
    },
    {
      "id": "midrand",
      "name": "Midrand"
    },
    {
      "id": "milnerton",
      "name": "Milnerton"
    },
    {
      "id": "mmabatho",
      "name": "Mmabatho"
    },
    {
      "id": "mobeni",
      "name": "Mobeni"
    },
    {
      "id": "modderfontein",
      "name": "Modderfontein"
    },
    {
      "id": "mokopane",
      "name": "Mokopane"
    },
    {
      "id": "montagu",
      "name": "Montagu"
    },
    {
      "id": "monument-park",
      "name": "Monument Park"
    },
    {
      "id": "mooi-river",
      "name": "Mooi River"
    },
    {
      "id": "mookgophong",
      "name": "Mookgophong"
    },
    {
      "id": "moorreesburg",
      "name": "Moorreesburg"
    },
    {
      "id": "morningside-manor",
      "name": "Morningside Manor"
    },
    {
      "id": "mossel-bay",
      "name": "Mossel Bay"
    },
    {
      "id": "mount-edgecombe",
      "name": "Mount Edgecombe"
    },
    {
      "id": "mthatha",
      "name": "Mthatha"
    },
    {
      "id": "muizenberg",
      "name": "Muizenberg"
    },
    {
      "id": "napier",
      "name": "Napier"
    },
    {
      "id": "nelspruit",
      "name": "Nelspruit"
    },
    {
      "id": "new-germany",
      "name": "New Germany"
    },
    {
      "id": "newcastle",
      "name": "Newcastle"
    },
    {
      "id": "newlands",
      "name": "Newlands"
    },
    {
      "id": "nigel",
      "name": "Nigel"
    },
    {
      "id": "northcliff",
      "name": "Northcliff"
    },
    {
      "id": "odendaalsrus",
      "name": "Odendaalsrus"
    },
    {
      "id": "ogies",
      "name": "Ogies"
    },
    {
      "id": "olifantsfontein",
      "name": "Olifantsfontein"
    },
    {
      "id": "onderstepoort",
      "name": "Onderstepoort"
    },
    {
      "id": "onverwacht",
      "name": "Onverwacht"
    },
    {
      "id": "oranjeville",
      "name": "Oranjeville"
    },
    {
      "id": "oranjezicht",
      "name": "Oranjezicht"
    },
    {
      "id": "ottosdal",
      "name": "Ottosdal"
    },
    {
      "id": "oudtshoorn",
      "name": "Oudtshoorn"
    },
    {
      "id": "overport",
      "name": "Overport"
    },
    {
      "id": "paarl",
      "name": "Paarl"
    },
    {
      "id": "panorama",
      "name": "Panorama"
    },
    {
      "id": "parktown",
      "name": "Parktown"
    },
    {
      "id": "parkview",
      "name": "Parkview"
    },
    {
      "id": "parow",
      "name": "Parow"
    },
    {
      "id": "peninsula",
      "name": "Peninsula"
    },
    {
      "id": "phalaborwa",
      "name": "Phalaborwa"
    },
    {
      "id": "philadelphia",
      "name": "Philadelphia"
    },
    {
      "id": "philipstown",
      "name": "Philipstown"
    },
    {
      "id": "phoenix",
      "name": "Phoenix"
    },
    {
      "id": "phokeng",
      "name": "Phokeng"
    },
    {
      "id": "pietermaritzburg",
      "name": "Pietermaritzburg"
    },
    {
      "id": "pinelands",
      "name": "Pinelands"
    },
    {
      "id": "pinetown",
      "name": "Pinetown"
    },
    {
      "id": "plettenberg-bay",
      "name": "Plettenberg Bay"
    },
    {
      "id": "plumstead",
      "name": "Plumstead"
    },
    {
      "id": "polokwane",
      "name": "Polokwane"
    },
    {
      "id": "pongola",
      "name": "Pongola"
    },
    {
      "id": "port-alfred",
      "name": "Port Alfred"
    },
    {
      "id": "port-elizabeth",
      "name": "Port Elizabeth"
    },
    {
      "id": "port-shepstone",
      "name": "Port Shepstone"
    },
    {
      "id": "potchefstroom",
      "name": "Potchefstroom"
    },
    {
      "id": "pretoria",
      "name": "Pretoria"
    },
    {
      "id": "prieska",
      "name": "Prieska"
    },
    {
      "id": "primrose",
      "name": "Primrose"
    },
    {
      "id": "pringle-bay",
      "name": "Pringle Bay"
    },
    {
      "id": "queensburgh",
      "name": "Queensburgh"
    },
    {
      "id": "queenstown",
      "name": "Queenstown"
    },
    {
      "id": "queenswood",
      "name": "Queenswood"
    },
    {
      "id": "randburg",
      "name": "Randburg"
    },
    {
      "id": "randfontein",
      "name": "Randfontein"
    },
    {
      "id": "rawsonville",
      "name": "Rawsonville"
    },
    {
      "id": "rhodes",
      "name": "Rhodes"
    },
    {
      "id": "richards-bay",
      "name": "Richards Bay"
    },
    {
      "id": "richmond",
      "name": "Richmond"
    },
    {
      "id": "riebeek-kasteel",
      "name": "Riebeek-Kasteel"
    },
    {
      "id": "rivonia",
      "name": "Rivonia"
    },
    {
      "id": "roggebaai",
      "name": "Roggebaai"
    },
    {
      "id": "roodepoort",
      "name": "Roodepoort"
    },
    {
      "id": "rooigrond",
      "name": "Rooigrond"
    },
    {
      "id": "rooihuiskraal",
      "name": "Rooihuiskraal"
    },
    {
      "id": "rosebank",
      "name": "Rosebank"
    },
    {
      "id": "rosettenville",
      "name": "Rosettenville"
    },
    {
      "id": "rosslyn",
      "name": "Rosslyn"
    },
    {
      "id": "rustenburg",
      "name": "Rustenburg"
    },
    {
      "id": "sabie",
      "name": "Sabie"
    },
    {
      "id": "saint-helena-bay",
      "name": "Saint Helena Bay"
    },
    {
      "id": "saint-james",
      "name": "Saint James"
    },
    {
      "id": "saldanha",
      "name": "Saldanha"
    },
    {
      "id": "salt-rock",
      "name": "Salt Rock"
    },
    {
      "id": "sandown",
      "name": "Sandown"
    },
    {
      "id": "sandton",
      "name": "Sandton"
    },
    {
      "id": "sasolburg",
      "name": "Sasolburg"
    },
    {
      "id": "schweizer-reneke",
      "name": "Schweizer-Reneke"
    },
    {
      "id": "scottburgh",
      "name": "Scottburgh"
    },
    {
      "id": "sebokeng",
      "name": "Sebokeng"
    },
    {
      "id": "secunda",
      "name": "Secunda"
    },
    {
      "id": "sedgefield",
      "name": "Sedgefield"
    },
    {
      "id": "senekal",
      "name": "Senekal"
    },
    {
      "id": "shelly-beach",
      "name": "Shelly Beach"
    },
    {
      "id": "silverton",
      "name": "Silverton"
    },
    {
      "id": "sinoville",
      "name": "Sinoville"
    },
    {
      "id": "somerset-west",
      "name": "Somerset West"
    },
    {
      "id": "soshanguve",
      "name": "Soshanguve"
    },
    {
      "id": "soweto",
      "name": "Soweto"
    },
    {
      "id": "springs",
      "name": "Springs"
    },
    {
      "id": "standerton",
      "name": "Standerton"
    },
    {
      "id": "stanford",
      "name": "Stanford"
    },
    {
      "id": "stellenbosch",
      "name": "Stellenbosch"
    },
    {
      "id": "stilfontein",
      "name": "Stilfontein"
    },
    {
      "id": "strand",
      "name": "Strand"
    },
    {
      "id": "sun-valley",
      "name": "Sun Valley"
    },
    {
      "id": "swartkops",
      "name": "Swartkops"
    },
    {
      "id": "temba",
      "name": "Temba"
    },
    {
      "id": "tembisa",
      "name": "Tembisa"
    },
    {
      "id": "thabazimbi",
      "name": "Thabazimbi"
    },
    {
      "id": "the-rest",
      "name": "The Rest"
    },
    {
      "id": "thohoyandou",
      "name": "Thohoyandou"
    },
    {
      "id": "three-anchor-bay",
      "name": "Three Anchor Bay"
    },
    {
      "id": "three-rivers",
      "name": "Three Rivers"
    },
    {
      "id": "tokai",
      "name": "Tokai"
    },
    {
      "id": "tongaat",
      "name": "Tongaat"
    },
    {
      "id": "tzaneen",
      "name": "Tzaneen"
    },
    {
      "id": "uitenhage",
      "name": "Uitenhage"
    },
    {
      "id": "umbogintwini",
      "name": "Umbogintwini"
    },
    {
      "id": "umdloti",
      "name": "Umdloti"
    },
    {
      "id": "umhlanga",
      "name": "Umhlanga"
    },
    {
      "id": "umkomaas",
      "name": "Umkomaas"
    },
    {
      "id": "umtentweni",
      "name": "Umtentweni"
    },
    {
      "id": "upington",
      "name": "Upington"
    },
    {
      "id": "vaalbank",
      "name": "Vaalbank"
    },
    {
      "id": "vaalpark",
      "name": "Vaalpark"
    },
    {
      "id": "vanderbijlpark",
      "name": "Vanderbijlpark"
    },
    {
      "id": "vereeniging",
      "name": "Vereeniging"
    },
    {
      "id": "verulam",
      "name": "Verulam"
    },
    {
      "id": "villiersdorp",
      "name": "Villiersdorp"
    },
    {
      "id": "virginia",
      "name": "Virginia"
    },
    {
      "id": "vosloorus",
      "name": "Vosloorus"
    },
    {
      "id": "vrededorp",
      "name": "Vrededorp"
    },
    {
      "id": "vredenburg",
      "name": "Vredenburg"
    },
    {
      "id": "vryheid",
      "name": "Vryheid"
    },
    {
      "id": "walkerville",
      "name": "Walkerville"
    },
    {
      "id": "walmer-heights",
      "name": "Walmer Heights"
    },
    {
      "id": "warner-beach",
      "name": "Warner Beach"
    },
    {
      "id": "wartburg",
      "name": "Wartburg"
    },
    {
      "id": "waverley",
      "name": "Waverley"
    },
    {
      "id": "welgelegen",
      "name": "Welgelegen"
    },
    {
      "id": "welgemoed",
      "name": "Welgemoed"
    },
    {
      "id": "welkom",
      "name": "Welkom"
    },
    {
      "id": "wellington",
      "name": "Wellington"
    },
    {
      "id": "weltevreden",
      "name": "Weltevreden"
    },
    {
      "id": "weltevreedenpark",
      "name": "Weltevreedenpark"
    },
    {
      "id": "westonaria",
      "name": "Westonaria"
    },
    {
      "id": "westville",
      "name": "Westville"
    },
    {
      "id": "white-river",
      "name": "White River"
    },
    {
      "id": "wilderness",
      "name": "Wilderness"
    },
    {
      "id": "winterton",
      "name": "Winterton"
    },
    {
      "id": "witbank",
      "name": "Witbank"
    },
    {
      "id": "witpoortjie",
      "name": "Witpoortjie"
    },
    {
      "id": "wonderboom",
      "name": "Wonderboom"
    },
    {
      "id": "worcester",
      "name": "Worcester"
    },
    {
      "id": "wynberg",
      "name": "Wynberg"
    },
    {
      "id": "zeerust",
      "name": "Zeerust"
    }
  ]
}